TimeStamp,Accel_X,Accel_Y,Accel_Z,Gyro_X,Gyro_Y,Gyro_Z,Quat_1,Quat_2,Quat_3,Quat_4
0,-0.9708251,0.144165,0.05566406,-7.697105,3.648758,-8.701324, 0.1391846, 0.6257026, 0.2902581, -0.6050716
0.007014275,-0.9708251,0.144165,0.05566406,-7.697105,3.648758,-8.701324, 0.1391846, 0.6257026, 0.2902581, -0.6050716
0.009801388,-0.9708251,0.144165,0.05566406,-7.697105,3.648758,-8.701324, 0.1391846, 0.6257026, 0.2902581, -0.6050716
0.01301241,-0.9708251,0.144165,0.05566406,-7.697105,3.648758,-8.701324, 0.1391846, 0.6257026, 0.2902581, -0.6050716
0.01586103,-0.9708251,0.144165,0.05566406,-7.697105,3.648758,-8.701324, 0.1391846, 0.6257026, 0.2902581, -0.6050716
0.02035046,-0.9708251,0.144165,0.05566406,-7.697105,3.648758,-8.701324, 0.1391846, 0.6257026, 0.2902581, -0.6050716
0.02298689,-0.9708251,0.144165,0.05566406,-7.697105,3.648758,-8.701324, 0.1391846, 0.6257026, 0.2902581, -0.6050716
0.02552271,-0.9708251,0.144165,0.05566406,-7.697105,3.648758,-8.701324, 0.1391846, 0.6257026, 0.2902581, -0.6050716
0.0278964,-0.9708251,0.144165,0.05566406,-7.697105,3.648758,-8.701324, 0.1391846, 0.6257026, 0.2902581, -0.6050716
0.03035831,-0.9708251,0.144165,0.05566406,-7.697105,3.648758,-8.701324, 0.1391846, 0.6257026, 0.2902581, -0.6050716
0.03293991,-1.016724,0.1134033,0.05224609,-10.88619,8.928299,-8.365631, 0.1377928, 0.6271309, 0.2879521, -0.607074
0.04872179,-0.9942626,0.0718994,0.07812499,-9.65023,7.326126,0.8192062, 0.1350298, 0.6300213, 0.2830802, -0.6109814
0.07120228,-0.9942626,0.0718994,0.07812499,-9.65023,7.326126,0.8192062, 0.1350298, 0.6300213, 0.2830802, -0.6109814
0.07953215,-0.9942626,0.0718994,0.07812499,-9.65023,7.326126,0.8192062, 0.1350298, 0.6300213, 0.2830802, -0.6109814
0.08251095,-0.9942626,0.0718994,0.07812499,-9.65023,7.326126,0.8192062, 0.1350298, 0.6300213, 0.2830802, -0.6109814
0.08494186,-0.9942626,0.0718994,0.07812499,-9.65023,7.326126,0.8192062, 0.1350298, 0.6300213, 0.2830802, -0.6109814
0.08786869,-0.9942626,0.0718994,0.07812499,-9.65023,7.326126,0.8192062, 0.1350298, 0.6300213, 0.2830802, -0.6109814
0.09032059,-0.9942626,0.0718994,0.07812499,-9.65023,7.326126,0.8192062, 0.1350298, 0.6300213, 0.2830802, -0.6109814
0.09330606,-0.9757079,0.06945799,0.06201171,-13.38863,5.464554,3.764153, 0.1337565, 0.6314283, 0.2801589, -0.6129474
0.09652376,-0.9659423,0.06213378,0.03955077,-8.39901,6.624222,6.861687, 0.132514, 0.6329099, 0.2772974, -0.6147119
0.0991888,-0.9659423,0.06213378,0.03955077,-8.39901,6.624222,6.861687, 0.132514, 0.6329099, 0.2772974, -0.6147119
0.1015863,-0.9659423,0.06213378,0.03955077,-8.39901,6.624222,6.861687, 0.132514, 0.6329099, 0.2772974, -0.6147119
0.1041298,-0.9659423,0.06213378,0.03955077,-8.39901,6.624222,6.861687, 0.132514, 0.6329099, 0.2772974, -0.6147119
0.1067219,-0.9659423,0.06213378,0.03955077,-8.39901,6.624222,6.861687, 0.132514, 0.6329099, 0.2772974, -0.6147119
0.1098442,-1.006958,0.0953369,0.01464843,-0.20504,15.4438,3.016472, 0.1310343, 0.6351433, 0.2741821, -0.6161399
0.1134663,-1.045044,0.09240721,0.02343749,0.9078979,16.9239,-1.056671, 0.1293348, 0.6375873, 0.2711144, -0.617606
0.1164875,-1.045044,0.09240721,0.02343749,0.9078979,16.9239,-1.056671, 0.1293348, 0.6375873, 0.2711144, -0.617606
0.1191835,-1.045044,0.09240721,0.02343749,0.9078979,16.9239,-1.056671, 0.1293348, 0.6375873, 0.2711144, -0.617606
0.1218705,-1.045044,0.09240721,0.02343749,0.9078979,16.9239,-1.056671, 0.1293348, 0.6375873, 0.2711144, -0.617606
0.1242776,-1.045044,0.09240721,0.02343749,0.9078979,16.9239,-1.056671, 0.1293348, 0.6375873, 0.2711144, -0.617606
0.1272669,-1.045044,0.09240721,0.02343749,0.9078979,16.9239,-1.056671, 0.1293348, 0.6375873, 0.2711144, -0.617606
0.1296144,-1.045044,0.09240721,0.02343749,0.9078979,16.9239,-1.056671, 0.1293348, 0.6375873, 0.2711144, -0.617606
0.1321788,-1.045044,0.09240721,0.02343749,0.9078979,16.9239,-1.056671, 0.1293348, 0.6375873, 0.2711144, -0.617606
0.1350403,-1.045044,0.09240721,0.02343749,0.9078979,16.9239,-1.056671, 0.1293348, 0.6375873, 0.2711144, -0.617606
0.139195,-1.045044,0.09240721,0.02343749,0.9078979,16.9239,-1.056671, 0.1293348, 0.6375873, 0.2711144, -0.617606
0.1496792,-1.045044,0.09240721,0.02343749,0.9078979,16.9239,-1.056671, 0.1293348, 0.6375873, 0.2711144, -0.617606
0.1524801,-1.045044,0.09240721,0.02343749,0.9078979,16.9239,-1.056671, 0.1293348, 0.6375873, 0.2711144, -0.617606
0.1552434,-1.045044,0.09240721,0.02343749,0.9078979,16.9239,-1.056671, 0.1293348, 0.6375873, 0.2711144, -0.617606
0.1583443,-1.014282,0.06945799,0.05419921,0.5111694,7.722855,-3.040314, 0.1276417, 0.6394923, 0.2680947, -0.6195259
0.1617122,-0.9830321,0.07385252,0.04882812,-0.05245209,-1.980782,-1.026154, 0.1260208, 0.6409667, 0.264732, -0.6218599
0.164372,-0.9830321,0.07385252,0.04882812,-0.05245209,-1.980782,-1.026154, 0.1260208, 0.6409667, 0.264732, -0.6218599
0.1670208,-0.9830321,0.07385252,0.04882812,-0.05245209,-1.980782,-1.026154, 0.1260208, 0.6409667, 0.264732, -0.6218599
0.1693931,-0.9830321,0.07385252,0.04882812,-0.05245209,-1.980782,-1.026154, 0.1260208, 0.6409667, 0.264732, -0.6218599
0.1724415,-0.9820555,0.08703612,0.02978515,1.686096,-4.025459,1.65844, 0.1245281, 0.6422406, 0.2611082, -0.6242546
0.1760464,-0.9820555,0.08703612,0.02978515,1.686096,-4.025459,1.65844, 0.1245281, 0.6422406, 0.2611082, -0.6242546
0.178761,-0.9820555,0.08703612,0.02978515,1.686096,-4.025459,1.65844, 0.1245281, 0.6422406, 0.2611082, -0.6242546
0.1815929,-0.9820555,0.08703612,0.02978515,1.686096,-4.025459,1.65844, 0.1245281, 0.6422406, 0.2611082, -0.6242546
0.1842375,-0.9820555,0.08703612,0.02978515,1.686096,-4.025459,1.65844, 0.1245281, 0.6422406, 0.2611082, -0.6242546
0.1871991,-0.9820555,0.08703612,0.02978515,1.686096,-4.025459,1.65844, 0.1245281, 0.6422406, 0.2611082, -0.6242546
0.1903977,-0.9820555,0.08703612,0.02978515,1.686096,-4.025459,1.65844, 0.1245281, 0.6422406, 0.2611082, -0.6242546
0.1932621,-0.9820555,0.08703612,0.02978515,1.686096,-4.025459,1.65844, 0.1245281, 0.6422406, 0.2611082, -0.6242546
0.1960678,-0.9820555,0.08703612,0.02978515,1.686096,-4.025459,1.65844, 0.1245281, 0.6422406, 0.2611082, -0.6242546
0.1989279,-0.9820555,0.08703612,0.02978515,1.686096,-4.025459,1.65844, 0.1245281, 0.6422406, 0.2611082, -0.6242546
0.2059455,-0.9820555,0.08703612,0.02978515,1.686096,-4.025459,1.65844, 0.1245281, 0.6422406, 0.2611082, -0.6242546
0.2090831,-0.9820555,0.08703612,0.02978515,1.686096,-4.025459,1.65844, 0.1245281, 0.6422406, 0.2611082, -0.6242546
0.2119226,-0.9820555,0.08703612,0.02978515,1.686096,-4.025459,1.65844, 0.1245281, 0.6422406, 0.2611082, -0.6242546
0.2146649,-0.9820555,0.08703612,0.02978515,1.686096,-4.025459,1.65844, 0.1245281, 0.6422406, 0.2611082, -0.6242546
0.2171664,-0.9820555,0.08703612,0.02978515,1.686096,-4.025459,1.65844, 0.1245281, 0.6422406, 0.2611082, -0.6242546
0.2197628,-0.993286,0.09240721,0.02783202,4.066467,0.2613068,0.3156662, 0.1229163, 0.6437842, 0.25726, -0.6265678
0.223125,-0.9771727,0.1016846,0.03808593,-1.013756,3.49617,-1.346588, 0.08453053, 0.6469761, 0.2498829, -0.6309424
0.2259741,-0.9771727,0.1016846,0.03808593,-1.013756,3.49617,-1.346588, 0.08453053, 0.6469761, 0.2498829, -0.6309424
0.2286873,-0.9771727,0.1016846,0.03808593,-1.013756,3.49617,-1.346588, 0.08453053, 0.6469761, 0.2498829, -0.6309424
0.2316318,-0.9771727,0.1016846,0.03808593,-1.013756,3.49617,-1.346588, 0.08453053, 0.6469761, 0.2498829, -0.6309424
0.2341933,-0.9771727,0.1016846,0.03808593,-1.013756,3.49617,-1.346588, 0.08453053, 0.6469761, 0.2498829, -0.6309424
0.2373567,-0.9771727,0.1016846,0.03808593,-1.013756,3.49617,-1.346588, 0.08453053, 0.6469761, 0.2498829, -0.6309424
0.2401996,-0.9771727,0.1016846,0.03808593,-1.013756,3.49617,-1.346588, 0.08453053, 0.6469761, 0.2498829, -0.6309424
0.2435579,-0.9771727,0.1016846,0.03808593,-1.013756,3.49617,-1.346588, 0.08453053, 0.6469761, 0.2498829, -0.6309424
0.2539096,-0.9771727,0.1016846,0.03808593,-1.013756,3.49617,-1.346588, 0.08453053, 0.6469761, 0.2498829, -0.6309424
0.2570333,-0.9771727,0.1016846,0.03808593,-1.013756,3.49617,-1.346588, 0.08453053, 0.6469761, 0.2498829, -0.6309424
0.2597113,-0.9771727,0.1016846,0.03808593,-1.013756,3.49617,-1.346588, 0.08453053, 0.6469761, 0.2498829, -0.6309424
0.2624116,-0.9771727,0.1016846,0.03808593,-1.013756,3.49617,-1.346588, 0.08453053, 0.6469761, 0.2498829, -0.6309424
0.2652574,-0.9771727,0.1016846,0.03808593,-1.013756,3.49617,-1.346588, 0.08453053, 0.6469761, 0.2498829, -0.6309424
0.2679033,-0.9771727,0.1016846,0.03808593,-1.013756,3.49617,-1.346588, 0.08453053, 0.6469761, 0.2498829, -0.6309424
0.2707038,-0.9771727,0.1016846,0.03808593,-1.013756,3.49617,-1.346588, 0.08453053, 0.6469761, 0.2498829, -0.6309424
0.2731323,-0.9771727,0.1016846,0.03808593,-1.013756,3.49617,-1.346588, 0.08453053, 0.6469761, 0.2498829, -0.6309424
0.2760091,-0.9771727,0.1016846,0.03808593,-1.013756,3.49617,-1.346588, 0.08453053, 0.6469761, 0.2498829, -0.6309424
0.2787023,-0.9771727,0.1016846,0.03808593,-1.013756,3.49617,-1.346588, 0.08453053, 0.6469761, 0.2498829, -0.6309424
0.281467,-0.977661,0.1016846,0.02343749,-3.714561,3.633499,3.16906, 0.08349101, 0.6484428, 0.2466107, -0.6327026
0.2844954,-1.019653,0.0875244,0.02685546,-2.387047,5.968094,4.267693, 0.08138296, 0.6517336, 0.2395622, -0.635935
0.2874551,-1.019653,0.0875244,0.02685546,-2.387047,5.968094,4.267693, 0.08138296, 0.6517336, 0.2395622, -0.635935
0.2899952,-1.019653,0.0875244,0.02685546,-2.387047,5.968094,4.267693, 0.08138296, 0.6517336, 0.2395622, -0.635935
0.2925096,-1.019653,0.0875244,0.02685546,-2.387047,5.968094,4.267693, 0.08138296, 0.6517336, 0.2395622, -0.635935
0.2948337,-1.019653,0.0875244,0.02685546,-2.387047,5.968094,4.267693, 0.08138296, 0.6517336, 0.2395622, -0.635935
0.2976336,-1.005981,0.1046142,0.02636718,0.02288818,5.327225,-0.8430481, 0.0802094, 0.6533983, 0.2359651, -0.6376848
0.300807,-1.005981,0.1046142,0.02636718,0.02288818,5.327225,-0.8430481, 0.0802094, 0.6533983, 0.2359651, -0.6376848
0.3038769,-1.005981,0.1046142,0.02636718,0.02288818,5.327225,-0.8430481, 0.0802094, 0.6533983, 0.2359651, -0.6376848
0.3075142,-1.005981,0.1046142,0.02636718,0.02288818,5.327225,-0.8430481, 0.0802094, 0.6533983, 0.2359651, -0.6376848
0.3109231,-1.005981,0.1046142,0.02636718,0.02288818,5.327225,-0.8430481, 0.0802094, 0.6533983, 0.2359651, -0.6376848
0.3139563,-1.005981,0.1046142,0.02636718,0.02288818,5.327225,-0.8430481, 0.0802094, 0.6533983, 0.2359651, -0.6376848
0.3169227,-1.005981,0.1046142,0.02636718,0.02288818,5.327225,-0.8430481, 0.0802094, 0.6533983, 0.2359651, -0.6376848
0.3198595,-1.005981,0.1046142,0.02636718,0.02288818,5.327225,-0.8430481, 0.0802094, 0.6533983, 0.2359651, -0.6376848
0.3225694,-1.005981,0.1046142,0.02636718,0.02288818,5.327225,-0.8430481, 0.0802094, 0.6533983, 0.2359651, -0.6376848
0.3249846,-1.005981,0.1046142,0.02636718,0.02288818,5.327225,-0.8430481, 0.0802094, 0.6533983, 0.2359651, -0.6376848
0.3274555,-1.005981,0.1046142,0.02636718,0.02288818,5.327225,-0.8430481, 0.0802094, 0.6533983, 0.2359651, -0.6376848
0.3300667,-0.9722899,0.09191893,0.01904296,-1.425743,4.045486,-0.3089905, 0.07899061, 0.6549831, 0.2324096, -0.6395146
0.3331513,-0.9722899,0.09191893,0.01904296,-1.425743,4.045486,-0.3089905, 0.07899061, 0.6549831, 0.2324096, -0.6395146
0.3361564,-0.9722899,0.09191893,0.01904296,-1.425743,4.045486,-0.3089905, 0.07899061, 0.6549831, 0.2324096, -0.6395146
0.3391023,-0.9722899,0.09191893,0.01904296,-1.425743,4.045486,-0.3089905, 0.07899061, 0.6549831, 0.2324096, -0.6395146
0.3417983,-0.9722899,0.09191893,0.01904296,-1.425743,4.045486,-0.3089905, 0.07899061, 0.6549831, 0.2324096, -0.6395146
0.3458805,-1.008911,0.09729002,0.0258789,1.487732,6.715775,5.366325, 0.07665636, 0.6583813, 0.2249448, -0.6426901
0.3553543,-1.008911,0.09729002,0.0258789,1.487732,6.715775,5.366325, 0.07665636, 0.6583813, 0.2249448, -0.6426901
0.362474,-1.008911,0.09729002,0.0258789,1.487732,6.715775,5.366325, 0.07665636, 0.6583813, 0.2249448, -0.6426901
0.3655162,-1.008911,0.09729002,0.0258789,1.487732,6.715775,5.366325, 0.07665636, 0.6583813, 0.2249448, -0.6426901
0.368032,-1.008911,0.09729002,0.0258789,1.487732,6.715775,5.366325, 0.07665636, 0.6583813, 0.2249448, -0.6426901
0.3707137,-1.008911,0.09729002,0.0258789,1.487732,6.715775,5.366325, 0.07665636, 0.6583813, 0.2249448, -0.6426901
0.3739924,-1.008911,0.09729002,0.0258789,1.487732,6.715775,5.366325, 0.07665636, 0.6583813, 0.2249448, -0.6426901
0.3769031,-1.008911,0.09729002,0.0258789,1.487732,6.715775,5.366325, 0.07665636, 0.6583813, 0.2249448, -0.6426901
0.3794842,-1.008911,0.09729002,0.0258789,1.487732,6.715775,5.366325, 0.07665636, 0.6583813, 0.2249448, -0.6426901
0.3820271,-1.008911,0.09729002,0.0258789,1.487732,6.715775,5.366325, 0.07665636, 0.6583813, 0.2249448, -0.6426901
0.3844147,-1.008911,0.09729002,0.0258789,1.487732,6.715775,5.366325, 0.07665636, 0.6583813, 0.2249448, -0.6426901
0.3867807,-1.008911,0.09729002,0.0258789,1.487732,6.715775,5.366325, 0.07665636, 0.6583813, 0.2249448, -0.6426901
0.3892589,-1.008911,0.09729002,0.0258789,1.487732,6.715775,5.366325, 0.07665636, 0.6583813, 0.2249448, -0.6426901
0.3920994,-0.9947509,0.07678221,0.03320312,-0.4034042,1.466751,-0.003814697, 0.07436617, 0.6612442, 0.2177261, -0.6460048
0.3949084,-0.9947509,0.07678221,0.03320312,-0.4034042,1.466751,-0.003814697, 0.07436617, 0.6612442, 0.2177261, -0.6460048
0.3972335,-0.9947509,0.07678221,0.03320312,-0.4034042,1.466751,-0.003814697, 0.07436617, 0.6612442, 0.2177261, -0.6460048
0.3998718,-0.9947509,0.07678221,0.03320312,-0.4034042,1.466751,-0.003814697, 0.07436617, 0.6612442, 0.2177261, -0.6460048
0.4023166,-0.9947509,0.07678221,0.03320312,-0.4034042,1.466751,-0.003814697, 0.07436617, 0.6612442, 0.2177261, -0.6460048
0.4050808,-0.9947509,0.07678221,0.03320312,-0.4034042,1.466751,-0.003814697, 0.07316624, 0.6625695, 0.2141325, -0.6477636
0.4079838,-0.9761962,0.08850096,0.004882805,2.449036,1.48201,0.5292892, 0.07316624, 0.6625695, 0.2141325, -0.6477636
0.4110551,-0.9761962,0.08850096,0.004882805,2.449036,1.48201,0.5292892, 0.07316624, 0.6625695, 0.2141325, -0.6477636
0.4139781,-0.9761962,0.08850096,0.004882805,2.449036,1.48201,0.5292892, 0.07316624, 0.6625695, 0.2141325, -0.6477636
0.4165225,-0.9761962,0.08850096,0.004882805,2.449036,1.48201,0.5292892, 0.07316624, 0.6625695, 0.2141325, -0.6477636
0.4189939,-0.9761962,0.08850096,0.004882805,2.449036,1.48201,0.5292892, 0.07316624, 0.6625695, 0.2141325, -0.6477636
0.421988,-1.026489,0.08898924,0.01220702,3.425598,3.099442,1.673698, 0.07195345, 0.6640412, 0.2105075, -0.6493417
0.4247527,-1.026489,0.08898924,0.01220702,3.425598,3.099442,1.673698, 0.07195345, 0.6640412, 0.2105075, -0.6493417
0.427917,-1.026489,0.08898924,0.01220702,3.425598,3.099442,1.673698, 0.07195345, 0.6640412, 0.2105075, -0.6493417
0.4307957,-1.026489,0.08898924,0.01220702,3.425598,3.099442,1.673698, 0.07195345, 0.6640412, 0.2105075, -0.6493417
0.4330187,-1.026489,0.08898924,0.01220702,3.425598,3.099442,1.673698, 0.07195345, 0.6640412, 0.2105075, -0.6493417
0.4359035,-1.026489,0.08898924,0.01220702,3.425598,3.099442,1.673698, 0.07195345, 0.6640412, 0.2105075, -0.6493417
0.4395456,-1.026489,0.08898924,0.01220702,3.425598,3.099442,1.673698, 0.07195345, 0.6640412, 0.2105075, -0.6493417
0.4421105,-1.026489,0.08898924,0.01220702,3.425598,3.099442,1.673698, 0.07195345, 0.6640412, 0.2105075, -0.6493417
0.4448586,-1.026489,0.08898924,0.01220702,3.425598,3.099442,1.673698, 0.07195345, 0.6640412, 0.2105075, -0.6493417
0.4475608,-1.026489,0.08898924,0.01220702,3.425598,3.099442,1.673698, 0.07195345, 0.6640412, 0.2105075, -0.6493417
0.4502635,-1.026489,0.08898924,0.01220702,3.425598,3.099442,1.673698, 0.07195345, 0.6640412, 0.2105075, -0.6493417
0.4530849,-1.032837,0.09045409,0.03417968,4.432678,3.023148,2.039909, 0.0707707, 0.6654434, 0.2069244, -0.650871
0.4569364,-1.032837,0.09045409,0.03417968,4.432678,3.023148,2.039909, 0.0707707, 0.6654434, 0.2069244, -0.650871
0.465786,-1.032837,0.09045409,0.03417968,4.432678,3.023148,2.039909, 0.0707707, 0.6654434, 0.2069244, -0.650871
0.4689898,-0.9820555,0.1099853,0.01562499,-1.349449,-1.049995,1.811028, 0.06838976, 0.6677095, 0.1995424, -0.6543958
0.4721723,-0.9820555,0.1099853,0.01562499,-1.349449,-1.049995,1.811028, 0.06838976, 0.6677095, 0.1995424, -0.6543958
0.4756002,-0.9820555,0.1099853,0.01562499,-1.349449,-1.049995,1.811028, 0.06838976, 0.6677095, 0.1995424, -0.6543958
0.4783921,-0.9820555,0.1099853,0.01562499,-1.349449,-1.049995,1.811028, 0.06838976, 0.6677095, 0.1995424, -0.6543958
0.481216,-0.9820555,0.1099853,0.01562499,-1.349449,-1.049995,1.811028, 0.06838976, 0.6677095, 0.1995424, -0.6543958
0.4840894,-0.9820555,0.1099853,0.01562499,-1.349449,-1.049995,1.811028, 0.06838976, 0.6677095, 0.1995424, -0.6543958
0.4865651,-0.9820555,0.1099853,0.01562499,-1.349449,-1.049995,1.811028, 0.06838976, 0.6677095, 0.1995424, -0.6543958
0.4896088,-0.9820555,0.1099853,0.01562499,-1.349449,-1.049995,1.811028, 0.06838976, 0.6677095, 0.1995424, -0.6543958
0.4921618,-0.9820555,0.1099853,0.01562499,-1.349449,-1.049995,1.811028, 0.06838976, 0.6677095, 0.1995424, -0.6543958
0.4947681,-0.9820555,0.1099853,0.01562499,-1.349449,-1.049995,1.811028, 0.06838976, 0.6677095, 0.1995424, -0.6543958
0.4973373,-0.9820555,0.1099853,0.01562499,-1.349449,-1.049995,1.811028, 0.06838976, 0.6677095, 0.1995424, -0.6543958
0.5001659,-0.9820555,0.1099853,0.01562499,-1.349449,-1.049995,1.811028, 0.06838976, 0.6677095, 0.1995424, -0.6543958
0.5032606,-0.9820555,0.1099853,0.01562499,-1.349449,-1.049995,1.811028, 0.06838976, 0.6677095, 0.1995424, -0.6543958
0.506155,-0.9820555,0.1099853,0.01562499,-1.349449,-1.049995,1.811028, 0.06838976, 0.6677095, 0.1995424, -0.6543958
0.5137076,-0.9879149,0.08654784,0.01074218,-3.088951,1.329422,4.038811, 0.06728457, 0.668824, 0.1959622, -0.6559352
0.5173202,-0.9879149,0.08654784,0.01074218,-3.088951,1.329422,4.038811, 0.06728457, 0.668824, 0.1959622, -0.6559352
0.520462,-0.9879149,0.08654784,0.01074218,-3.088951,1.329422,4.038811, 0.06728457, 0.668824, 0.1959622, -0.6559352
0.5239348,-0.9879149,0.08654784,0.01074218,-3.088951,1.329422,4.038811, 0.06728457, 0.668824, 0.1959622, -0.6559352
0.5268226,-0.9879149,0.08654784,0.01074218,-3.088951,1.329422,4.038811, 0.06728457, 0.668824, 0.1959622, -0.6559352
0.5300794,-1.006958,0.1094971,0.02685546,0.4653931,1.588821,-0.8583069, 0.06377779, 0.6722108, 0.1851259, -0.660495
0.533237,-0.9835204,0.1090088,0.02539062,-0.5712509,-1.675606,-1.514435, 0.06377779, 0.6722108, 0.1851259, -0.660495
0.536737,-0.9835204,0.1090088,0.02539062,-0.5712509,-1.675606,-1.514435, 0.06377779, 0.6722108, 0.1851259, -0.660495
0.5402207,-0.9835204,0.1090088,0.02539062,-0.5712509,-1.675606,-1.514435, 0.06377779, 0.6722108, 0.1851259, -0.660495
0.5439811,-0.9835204,0.1090088,0.02539062,-0.5712509,-1.675606,-1.514435, 0.06377779, 0.6722108, 0.1851259, -0.660495
0.5474687,-0.9835204,0.1090088,0.02539062,-0.5712509,-1.675606,-1.514435, 0.06377779, 0.6722108, 0.1851259, -0.660495
0.5510397,-0.9835204,0.1090088,0.02539062,-0.5712509,-1.675606,-1.514435, 0.06377779, 0.6722108, 0.1851259, -0.660495
0.5544457,-0.9835204,0.1090088,0.02539062,-0.5712509,-1.675606,-1.514435, 0.06377779, 0.6722108, 0.1851259, -0.660495
0.5584517,-0.9835204,0.1090088,0.02539062,-0.5712509,-1.675606,-1.514435, 0.06377779, 0.6722108, 0.1851259, -0.660495
0.5699182,-0.9835204,0.1090088,0.02539062,-0.5712509,-1.675606,-1.514435, 0.06377779, 0.6722108, 0.1851259, -0.660495
0.5732059,-0.9835204,0.1090088,0.02539062,-0.5712509,-1.675606,-1.514435, 0.06377779, 0.6722108, 0.1851259, -0.660495
0.5765438,-0.9986571,0.0953369,0.01660156,2.906799,0.6732941,4.206657, 0.06135368, 0.6743379, 0.1775605, -0.6636122
0.5798125,-0.9986571,0.0953369,0.01660156,2.906799,0.6732941,4.206657, 0.06135368, 0.6743379, 0.1775605, -0.6636122
0.5825896,-0.9986571,0.0953369,0.01660156,2.906799,0.6732941,4.206657, 0.06135368, 0.6743379, 0.1775605, -0.6636122
0.5852623,-0.9986571,0.0953369,0.01660156,2.906799,0.6732941,4.206657, 0.06135368, 0.6743379, 0.1775605, -0.6636122
0.5880094,-0.9986571,0.0953369,0.01660156,2.906799,0.6732941,4.206657, 0.06135368, 0.6743379, 0.1775605, -0.6636122
0.5912619,-1.018677,0.1051025,0.03320312,1.716614,1.649857,1.39904, 0.06017835, 0.6753252, 0.1739269, -0.6650811
0.5940819,-1.018677,0.1051025,0.03320312,1.716614,1.649857,1.39904, 0.06017835, 0.6753252, 0.1739269, -0.6650811
0.5964618,-1.018677,0.1051025,0.03320312,1.716614,1.649857,1.39904, 0.06017835, 0.6753252, 0.1739269, -0.6650811
0.5987954,-1.018677,0.1051025,0.03320312,1.716614,1.649857,1.39904, 0.06017835, 0.6753252, 0.1739269, -0.6650811
0.6012731,-1.018677,0.1051025,0.03320312,1.716614,1.649857,1.39904, 0.06017835, 0.6753252, 0.1739269, -0.6650811
0.6041875,-1.018677,0.1051025,0.03320312,1.716614,1.649857,1.39904, 0.06017835, 0.6753252, 0.1739269, -0.6650811
0.6076746,-1.018677,0.1051025,0.03320312,1.716614,1.649857,1.39904, 0.06017835, 0.6753252, 0.1739269, -0.6650811
0.6107697,-1.018677,0.1051025,0.03320312,1.716614,1.649857,1.39904, 0.06017835, 0.6753252, 0.1739269, -0.6650811
0.6134877,-1.018677,0.1051025,0.03320312,1.716614,1.649857,1.39904, 0.06017835, 0.6753252, 0.1739269, -0.6650811
0.6160388,-1.018677,0.1051025,0.03320312,1.716614,1.649857,1.39904, 0.06017835, 0.6753252, 0.1739269, -0.6650811
0.6189146,-1.018677,0.1051025,0.03320312,1.716614,1.649857,1.39904, 0.06017835, 0.6753252, 0.1739269, -0.6650811
0.6219831,-1.018677,0.1051025,0.03320312,1.716614,1.649857,1.39904, 0.06017835, 0.6753252, 0.1739269, -0.6650811
0.6254034,-1.018677,0.1051025,0.03320312,1.716614,1.649857,1.39904, 0.06017835, 0.6753252, 0.1739269, -0.6650811
0.628499,-1.018677,0.1051025,0.03320312,1.716614,1.649857,1.39904, 0.06017835, 0.6753252, 0.1739269, -0.6650811
0.6316352,-1.018677,0.1051025,0.03320312,1.716614,1.649857,1.39904, 0.06017835, 0.6753252, 0.1739269, -0.6650811
0.6342268,-1.018677,0.1051025,0.03320312,1.716614,1.649857,1.39904, 0.05896674, 0.6761701, 0.1704914, -0.6666396
0.6378598,-0.9991454,0.09777831,0.01220702,0.7705688,-0.3786087,-2.490997, 0.05773369, 0.6770519, 0.1671528, -0.6681146
0.6412888,-0.9991454,0.09777831,0.01220702,0.7705688,-0.3786087,-2.490997, 0.05773369, 0.6770519, 0.1671528, -0.6681146
0.6451278,-0.9991454,0.09777831,0.01220702,0.7705688,-0.3786087,-2.490997, 0.05773369, 0.6770519, 0.1671528, -0.6681146
0.6482058,-0.9991454,0.09777831,0.01220702,0.7705688,-0.3786087,-2.490997, 0.05773369, 0.6770519, 0.1671528, -0.6681146
0.6513324,-0.9991454,0.09240721,0.01123046,3.27301,0.9174347,2.070427, 0.05650211, 0.6780478, 0.163695, -0.6694543
0.6551218,-1.000122,0.09729002,0.03417968,3.395081,3.206253,2.802849, 0.05529964, 0.6790813, 0.1599848, -0.6707345
0.6586676,-1.000122,0.09729002,0.03417968,3.395081,3.206253,2.802849, 0.05529964, 0.6790813, 0.1599848, -0.6707345
0.6672869,-1.000122,0.09729002,0.03417968,3.395081,3.206253,2.802849, 0.05529964, 0.6790813, 0.1599848, -0.6707345
0.6787553,-1.000122,0.09729002,0.03417968,3.395081,3.206253,2.802849, 0.05529964, 0.6790813, 0.1599848, -0.6707345
0.6819134,-1.000122,0.09729002,0.03417968,3.395081,3.206253,2.802849, 0.05529964, 0.6790813, 0.1599848, -0.6707345
0.6846776,-1.000122,0.09729002,0.03417968,3.395081,3.206253,2.802849, 0.05529964, 0.6790813, 0.1599848, -0.6707345
0.6873417,-1.000122,0.09729002,0.03417968,3.395081,3.206253,2.802849, 0.05529964, 0.6790813, 0.1599848, -0.6707345
0.6907086,-1.000122,0.09729002,0.03417968,3.395081,3.206253,2.802849, 0.05529964, 0.6790813, 0.1599848, -0.6707345
0.6933866,-1.000122,0.09729002,0.03417968,3.395081,3.206253,2.802849, 0.05529964, 0.6790813, 0.1599848, -0.6707345
0.6956811,-1.000122,0.09729002,0.03417968,3.395081,3.206253,2.802849, 0.05529964, 0.6790813, 0.1599848, -0.6707345
0.6986122,-0.9835204,0.1099853,0.008300774,0.7858276,1.008987,-0.7972717, 0.03738033, 0.6810046, 0.1528933, -0.6732574
0.7014894,-0.9835204,0.1099853,0.008300774,0.7858276,1.008987,-0.7972717, 0.03738033, 0.6810046, 0.1528933, -0.6732574
0.7041898,-0.9835204,0.1099853,0.008300774,0.7858276,1.008987,-0.7972717, 0.03738033, 0.6810046, 0.1528933, -0.6732574
0.7069769,-0.9835204,0.1099853,0.008300774,0.7858276,1.008987,-0.7972717, 0.03738033, 0.6810046, 0.1528933, -0.6732574
0.7094851,-0.9835204,0.1099853,0.008300774,0.7858276,1.008987,-0.7972717, 0.03738033, 0.6810046, 0.1528933, -0.6732574
0.7128096,-0.9874266,0.1011963,0.03124999,0.3433228,-0.01239777,0.254631, 0.03657107, 0.6817591, 0.1495567, -0.6745318
0.715806,-0.9874266,0.1011963,0.03124999,0.3433228,-0.01239777,0.254631, 0.03657107, 0.6817591, 0.1495567, -0.6745318
0.7184992,-0.9874266,0.1011963,0.03124999,0.3433228,-0.01239777,0.254631, 0.03657107, 0.6817591, 0.1495567, -0.6745318
0.7211266,-0.9874266,0.1011963,0.03124999,0.3433228,-0.01239777,0.254631, 0.03657107, 0.6817591, 0.1495567, -0.6745318
0.7240286,-0.9874266,0.1011963,0.03124999,0.3433228,-0.01239777,0.254631, 0.03657107, 0.6817591, 0.1495567, -0.6745318
0.726737,-0.9874266,0.1011963,0.03124999,0.3433228,-0.01239777,0.254631, 0.03657107, 0.6817591, 0.1495567, -0.6745318
0.7296643,-0.9874266,0.1011963,0.03124999,0.3433228,-0.01239777,0.254631, 0.03657107, 0.6817591, 0.1495567, -0.6745318
0.7322226,-0.9874266,0.1011963,0.03124999,0.3433228,-0.01239777,0.254631, 0.03657107, 0.6817591, 0.1495567, -0.6745318
0.7346053,-0.9874266,0.1011963,0.03124999,0.3433228,-0.01239777,0.254631, 0.03657107, 0.6817591, 0.1495567, -0.6745318
0.7375946,-0.9874266,0.1011963,0.03124999,0.3433228,-0.01239777,0.254631, 0.03657107, 0.6817591, 0.1495567, -0.6745318
0.7400851,-0.9874266,0.1011963,0.03124999,0.3433228,-0.01239777,0.254631, 0.03657107, 0.6817591, 0.1495567, -0.6745318
0.7432027,-0.9874266,0.1011963,0.03124999,0.3433228,-0.01239777,0.254631, 0.03657107, 0.6817591, 0.1495567, -0.6745318
0.7460866,-0.9874266,0.1011963,0.03124999,0.3433228,-0.01239777,0.254631, 0.03657107, 0.6817591, 0.1495567, -0.6745318
0.7485614,-0.9874266,0.1011963,0.03124999,0.3433228,-0.01239777,0.254631, 0.03657107, 0.6817591, 0.1495567, -0.6745318
0.7509508,-0.9874266,0.1011963,0.03124999,0.3433228,-0.01239777,0.254631, 0.03657107, 0.6817591, 0.1495567, -0.6745318
0.753263,-0.9874266,0.1011963,0.03124999,0.3433228,-0.01239777,0.254631, 0.03657107, 0.6817591, 0.1495567, -0.6745318
0.7561016,-0.9874266,0.1011963,0.03124999,0.3433228,-0.01239777,0.254631, 0.03657107, 0.6817591, 0.1495567, -0.6745318
0.7589793,-0.9874266,0.1011963,0.03124999,0.3433228,-0.01239777,0.254631, 0.0357945, 0.6824527, 0.1463984, -0.6757386
0.761735,-0.9952391,0.1046142,0.03515624,-0.2355576,-1.904488,-0.8125305, 0.03493344, 0.6830962, 0.1428617, -0.6771696
0.7646165,-0.9952391,0.1046142,0.03515624,-0.2355576,-1.904488,-0.8125305, 0.03493344, 0.6830962, 0.1428617, -0.6771696
0.7678242,-0.9952391,0.1046142,0.03515624,-0.2355576,-1.904488,-0.8125305, 0.03493344, 0.6830962, 0.1428617, -0.6771696
0.7779517,-0.9786376,0.09777831,-0.0004882813,-0.8764267,-3.247261,1.01757, 0.0333704, 0.6839893, 0.1362984, -0.6799625
0.7810068,-0.9786376,0.09777831,-0.0004882813,-0.8764267,-3.247261,1.01757, 0.0333704, 0.6839893, 0.1362984, -0.6799625
0.7835541,-0.9786376,0.09777831,-0.0004882813,-0.8764267,-3.247261,1.01757, 0.0333704, 0.6839893, 0.1362984, -0.6799625
0.7860818,-0.9786376,0.09777831,-0.0004882813,-0.8764267,-3.247261,1.01757, 0.0333704, 0.6839893, 0.1362984, -0.6799625
0.7886434,-0.9786376,0.09777831,-0.0004882813,-0.8764267,-3.247261,1.01757, 0.0333704, 0.6839893, 0.1362984, -0.6799625
0.791574,-0.9786376,0.09777831,-0.0004882813,-0.8764267,-3.247261,1.01757, 0.0333704, 0.6839893, 0.1362984, -0.6799625
0.794528,-0.9786376,0.09777831,-0.0004882813,-0.8764267,-3.247261,1.01757, 0.0333704, 0.6839893, 0.1362984, -0.6799625
0.7969241,-0.9786376,0.09777831,-0.0004882813,-0.8764267,-3.247261,1.01757, 0.0333704, 0.6839893, 0.1362984, -0.6799625
0.7999353,-0.9786376,0.09777831,-0.0004882813,-0.8764267,-3.247261,1.01757, 0.0333704, 0.6839893, 0.1362984, -0.6799625
0.8025312,-0.9786376,0.09777831,-0.0004882813,-0.8764267,-3.247261,1.01757, 0.0333704, 0.6839893, 0.1362984, -0.6799625
0.8052106,-0.9786376,0.09777831,-0.0004882813,-0.8764267,-3.247261,1.01757, 0.0333704, 0.6839893, 0.1362984, -0.6799625
0.8081617,-0.9786376,0.09777831,-0.0004882813,-0.8764267,-3.247261,1.01757, 0.0333704, 0.6839893, 0.1362984, -0.6799625
0.8110051,-0.9786376,0.09777831,-0.0004882813,-0.8764267,-3.247261,1.01757, 0.0333704, 0.6839893, 0.1362984, -0.6799625
0.8195963,-0.9786376,0.09777831,-0.0004882813,-0.8764267,-3.247261,1.01757, 0.0333704, 0.6839893, 0.1362984, -0.6799625
0.8225412,-0.993286,0.08312987,0.02441406,1.960754,1.878738,1.704216, 0.03251329, 0.6847752, 0.1328489, -0.6811063
0.825501,-0.9908446,0.09631346,0.04785156,-0.0371933,1.22261,-3.192902, 0.03085282, 0.6863222, 0.1262529, -0.683169
0.8282294,-0.9908446,0.09631346,0.04785156,-0.0371933,1.22261,-3.192902, 0.03085282, 0.6863222, 0.1262529, -0.683169
0.8306499,-0.9908446,0.09631346,0.04785156,-0.0371933,1.22261,-3.192902, 0.03085282, 0.6863222, 0.1262529, -0.683169
0.8330894,-0.9908446,0.09631346,0.04785156,-0.0371933,1.22261,-3.192902, 0.03085282, 0.6863222, 0.1262529, -0.683169
0.8354287,-0.9908446,0.09631346,0.04785156,-0.0371933,1.22261,-3.192902, 0.03085282, 0.6863222, 0.1262529, -0.683169
0.8381643,-0.9908446,0.09631346,0.04785156,-0.0371933,1.22261,-3.192902, 0.03085282, 0.6863222, 0.1262529, -0.683169
0.8412352,-0.9908446,0.09631346,0.04785156,-0.0371933,1.22261,-3.192902, 0.03085282, 0.6863222, 0.1262529, -0.683169
0.8439002,-0.9908446,0.09631346,0.04785156,-0.0371933,1.22261,-3.192902, 0.03085282, 0.6863222, 0.1262529, -0.683169
0.8466234,-0.9908446,0.09631346,0.04785156,-0.0371933,1.22261,-3.192902, 0.03085282, 0.6863222, 0.1262529, -0.683169
0.8493533,-0.9908446,0.09631346,0.04785156,-0.0371933,1.22261,-3.192902, 0.03085282, 0.6863222, 0.1262529, -0.683169
0.8516502,-0.9908446,0.09631346,0.04785156,-0.0371933,1.22261,-3.192902, 0.03085282, 0.6863222, 0.1262529, -0.683169
0.8542981,-0.9908446,0.09631346,0.04785156,-0.0371933,1.22261,-3.192902, 0.03085282, 0.6863222, 0.1262529, -0.683169
0.8571591,-0.9908446,0.09631346,0.04785156,-0.0371933,1.22261,-3.192902, 0.03085282, 0.6863222, 0.1262529, -0.683169
0.8598156,-0.9908446,0.09631346,0.04785156,-0.0371933,1.22261,-3.192902, 0.03085282, 0.6863222, 0.1262529, -0.683169
0.862051,-0.9908446,0.09631346,0.04785156,-0.0371933,1.22261,-3.192902, 0.03085282, 0.6863222, 0.1262529, -0.683169
0.8644099,-0.9908446,0.09631346,0.04785156,-0.0371933,1.22261,-3.192902, 0.03085282, 0.6863222, 0.1262529, -0.683169
0.8666654,-0.9908446,0.09631346,0.04785156,-0.0371933,1.22261,-3.192902, 0.03085282, 0.6863222, 0.1262529, -0.683169
0.86906,-0.9908446,0.09631346,0.04785156,-0.0371933,1.22261,-3.192902, 0.03085282, 0.6863222, 0.1262529, -0.683169
0.8719234,-0.9879149,0.09680174,0.02197265,-2.203941,-3.689766,-1.4534, 0.030088, 0.6867046, 0.1233069, -0.6843854
0.8756561,-0.9879149,0.09680174,0.02197265,-2.203941,-3.689766,-1.4534, 0.030088, 0.6867046, 0.1233069, -0.6843854
0.8842912,-0.9649657,0.08850096,0.02001952,-0.4339218,-3.88813,2.421379, 0.02933468, 0.6870388, 0.1200523, -0.6856591
0.8880782,-0.9884032,0.1046142,0.0336914,0.7095337,-0.05817413,3.123283, 0.02861293, 0.6875441, 0.1168243, -0.686683
0.8916473,-0.9884032,0.1046142,0.0336914,0.7095337,-0.05817413,3.123283, 0.02861293, 0.6875441, 0.1168243, -0.686683
0.8941998,-0.9884032,0.1046142,0.0336914,0.7095337,-0.05817413,3.123283, 0.02861293, 0.6875441, 0.1168243, -0.686683
0.8965011,-0.9884032,0.1046142,0.0336914,0.7095337,-0.05817413,3.123283, 0.02861293, 0.6875441, 0.1168243, -0.686683
0.8989358,-0.9884032,0.1046142,0.0336914,0.7095337,-0.05817413,3.123283, 0.02861293, 0.6875441, 0.1168243, -0.686683
0.9018583,-0.9884032,0.1046142,0.0336914,0.7095337,-0.05817413,3.123283, 0.02861293, 0.6875441, 0.1168243, -0.686683
0.9047747,-0.9884032,0.1046142,0.0336914,0.7095337,-0.05817413,3.123283, 0.02861293, 0.6875441, 0.1168243, -0.686683
0.90731,-0.9884032,0.1046142,0.0336914,0.7095337,-0.05817413,3.123283, 0.02861293, 0.6875441, 0.1168243, -0.686683
0.9099393,-0.9884032,0.1046142,0.0336914,0.7095337,-0.05817413,3.123283, 0.02861293, 0.6875441, 0.1168243, -0.686683
0.9123964,-0.9884032,0.1046142,0.0336914,0.7095337,-0.05817413,3.123283, 0.02861293, 0.6875441, 0.1168243, -0.686683
0.9150267,-0.9884032,0.1046142,0.0336914,0.7095337,-0.05817413,3.123283, 0.02861293, 0.6875441, 0.1168243, -0.686683
0.9174943,-0.9884032,0.1046142,0.0336914,0.7095337,-0.05817413,3.123283, 0.02861293, 0.6875441, 0.1168243, -0.686683
0.920053,-0.9884032,0.1046142,0.0336914,0.7095337,-0.05817413,3.123283, 0.02861293, 0.6875441, 0.1168243, -0.686683
0.92277,-0.9884032,0.1046142,0.0336914,0.7095337,-0.05817413,3.123283, 0.02861293, 0.6875441, 0.1168243, -0.686683
0.925283,-0.9884032,0.1046142,0.0336914,0.7095337,-0.05817413,3.123283, 0.02861293, 0.6875441, 0.1168243, -0.686683
0.9276152,-0.9884032,0.1046142,0.0336914,0.7095337,-0.05817413,3.123283, 0.02861293, 0.6875441, 0.1168243, -0.686683
0.9302483,-0.9884032,0.1046142,0.0336914,0.7095337,-0.05817413,3.123283, 0.02861293, 0.6875441, 0.1168243, -0.686683
0.9327378,-1.021606,0.1104736,0.03710937,0.007629395,2.763748,0.8497238, 0.02782402, 0.6881492, 0.1133998, -0.6876987
0.9355521,-0.9957274,0.1031494,0.0258789,0.09918213,2.748489,-0.705719, 0.02703707, 0.6887305, 0.1101479, -0.6886745
0.9389958,-0.9957274,0.1031494,0.0258789,0.09918213,2.748489,-0.705719, 0.02703707, 0.6887305, 0.1101479, -0.6886745
0.9414973,-0.9957274,0.1031494,0.0258789,0.09918213,2.748489,-0.705719, 0.02703707, 0.6887305, 0.1101479, -0.6886745
0.9440513,-0.9957274,0.1031494,0.0258789,0.09918213,2.748489,-0.705719, 0.02703707, 0.6887305, 0.1101479, -0.6886745
0.9465103,-0.9957274,0.1031494,0.0258789,0.09918213,2.748489,-0.705719, 0.02703707, 0.6887305, 0.1101479, -0.6886745
0.9493079,-0.9718016,0.09777831,0.01562499,-0.70858,2.275467,0.3919601, 0.02626738, 0.6893319, 0.1069241, -0.6895726
0.9523768,-1.00061,0.0953369,0.02539062,0.1602173,1.314163,2.177238, 0.02554632, 0.6898147, 0.1039704, -0.6904573
0.9553905,-1.00061,0.0953369,0.02539062,0.1602173,1.314163,2.177238, 0.02554632, 0.6898147, 0.1039704, -0.6904573
0.9582539,-1.00061,0.0953369,0.02539062,0.1602173,1.314163,2.177238, 0.02554632, 0.6898147, 0.1039704, -0.6904573
0.9611783,-1.00061,0.0953369,0.02539062,0.1602173,1.314163,2.177238, 0.02554632, 0.6898147, 0.1039704, -0.6904573
0.9678893,-1.00061,0.0953369,0.02539062,0.1602173,1.314163,2.177238, 0.02554632, 0.6898147, 0.1039704, -0.6904573
0.9707975,-1.00061,0.0953369,0.02539062,0.1602173,1.314163,2.177238, 0.02554632, 0.6898147, 0.1039704, -0.6904573
0.9738793,-1.00061,0.0953369,0.02539062,0.1602173,1.314163,2.177238, 0.02554632, 0.6898147, 0.1039704, -0.6904573
0.9767671,-1.00061,0.0953369,0.02539062,0.1602173,1.314163,2.177238, 0.02554632, 0.6898147, 0.1039704, -0.6904573
0.9800291,-1.00061,0.0953369,0.02539062,0.1602173,1.314163,2.177238, 0.02554632, 0.6898147, 0.1039704, -0.6904573
0.9891453,-1.00061,0.0953369,0.02539062,0.1602173,1.314163,2.177238, 0.02554632, 0.6898147, 0.1039704, -0.6904573
0.9916878,-1.00061,0.0953369,0.02539062,0.1602173,1.314163,2.177238, 0.02554632, 0.6898147, 0.1039704, -0.6904573
0.9942436,-1.00061,0.0953369,0.02539062,0.1602173,1.314163,2.177238, 0.02554632, 0.6898147, 0.1039704, -0.6904573
0.9967337,-1.00061,0.0953369,0.02539062,0.1602173,1.314163,2.177238, 0.02482192, 0.6902176, 0.1010101, -0.6914017
0.9996796,-0.9854735,0.1021728,0.007324211,-1.990318,-2.606392,-2.094269, 0.02340183, 0.6908588, 0.09508676, -0.6933442
1.002556,-0.9854735,0.1021728,0.007324211,-1.990318,-2.606392,-2.094269, 0.02340183, 0.6908588, 0.09508676, -0.6933442
1.005636,-0.9854735,0.1021728,0.007324211,-1.990318,-2.606392,-2.094269, 0.02340183, 0.6908588, 0.09508676, -0.6933442
1.008578,-0.9854735,0.1021728,0.007324211,-1.990318,-2.606392,-2.094269, 0.02340183, 0.6908588, 0.09508676, -0.6933442
1.011835,-0.9854735,0.1021728,0.007324211,-1.990318,-2.606392,-2.094269, 0.02340183, 0.6908588, 0.09508676, -0.6933442
1.01487,-0.9942626,0.09045409,0.01074218,0.4501343,-0.9126663,0.4224777, 0.02266373, 0.6913238, 0.09204619, -0.6941791
1.017787,-0.9942626,0.09045409,0.01074218,0.4501343,-0.9126663,0.4224777, 0.02266373, 0.6913238, 0.09204619, -0.6941791
1.020497,-0.9942626,0.09045409,0.01074218,0.4501343,-0.9126663,0.4224777, 0.02266373, 0.6913238, 0.09204619, -0.6941791
1.023734,-0.9942626,0.09045409,0.01074218,0.4501343,-0.9126663,0.4224777, 0.02266373, 0.6913238, 0.09204619, -0.6941791
1.026869,-0.9942626,0.09045409,0.01074218,0.4501343,-0.9126663,0.4224777, 0.02266373, 0.6913238, 0.09204619, -0.6941791
1.029905,-0.9942626,0.09045409,0.01074218,0.4501343,-0.9126663,0.4224777, 0.02266373, 0.6913238, 0.09204619, -0.6941791
1.032704,-0.9942626,0.09045409,0.01074218,0.4501343,-0.9126663,0.4224777, 0.02266373, 0.6913238, 0.09204619, -0.6941791
1.036293,-0.9942626,0.09045409,0.01074218,0.4501343,-0.9126663,0.4224777, 0.02266373, 0.6913238, 0.09204619, -0.6941791
1.040285,-0.9942626,0.09045409,0.01074218,0.4501343,-0.9126663,0.4224777, 0.02266373, 0.6913238, 0.09204619, -0.6941791
1.044892,-0.9942626,0.09045409,0.01074218,0.4501343,-0.9126663,0.4224777, 0.02266373, 0.6913238, 0.09204619, -0.6941791
1.04843,-0.9942626,0.09045409,0.01074218,0.4501343,-0.9126663,0.4224777, 0.02266373, 0.6913238, 0.09204619, -0.6941791
1.051609,-0.9942626,0.09045409,0.01074218,0.4501343,-0.9126663,0.4224777, 0.02266373, 0.6913238, 0.09204619, -0.6941791
1.05398,-0.9942626,0.09045409,0.01074218,0.4501343,-0.9126663,0.4224777, 0.02266373, 0.6913238, 0.09204619, -0.6941791
1.056843,-0.9942626,0.09045409,0.01074218,0.4501343,-0.9126663,0.4224777, 0.02266373, 0.6913238, 0.09204619, -0.6941791
1.059841,-0.9971923,0.1051025,0.04833984,1.213074,1.024246,2.223015, 0.01513919, 0.692192, 0.08627593, -0.6955363
1.063038,-0.9971923,0.1051025,0.04833984,1.213074,1.024246,2.223015, 0.01513919, 0.692192, 0.08627593, -0.6955363
1.065715,-0.9971923,0.1051025,0.04833984,1.213074,1.024246,2.223015, 0.01513919, 0.692192, 0.08627593, -0.6955363
1.068465,-0.9971923,0.1051025,0.04833984,1.213074,1.024246,2.223015, 0.01513919, 0.692192, 0.08627593, -0.6955363
1.071085,-0.9971923,0.1051025,0.04833984,1.213074,1.024246,2.223015, 0.01513919, 0.692192, 0.08627593, -0.6955363
1.073781,-0.9859618,0.09582518,0.03759765,-1.029015,-1.416206,-0.4615784, 0.01466985, 0.6924992, 0.08332206, -0.6963611
1.076872,-0.9859618,0.09582518,0.03759765,-1.029015,-1.416206,-0.4615784, 0.01466985, 0.6924992, 0.08332206, -0.6963611
1.079432,-0.9859618,0.09582518,0.03759765,-1.029015,-1.416206,-0.4615784, 0.01466985, 0.6924992, 0.08332206, -0.6963611
1.082164,-0.9859618,0.09582518,0.03759765,-1.029015,-1.416206,-0.4615784, 0.01466985, 0.6924992, 0.08332206, -0.6963611
1.085418,-0.9859618,0.09582518,0.03759765,-1.029015,-1.416206,-0.4615784, 0.01466985, 0.6924992, 0.08332206, -0.6963611
1.094634,-0.9859618,0.09582518,0.03759765,-1.029015,-1.416206,-0.4615784, 0.01466985, 0.6924992, 0.08332206, -0.6963611
1.097297,-0.9859618,0.09582518,0.03759765,-1.029015,-1.416206,-0.4615784, 0.01466985, 0.6924992, 0.08332206, -0.6963611
1.099717,-0.9859618,0.09582518,0.03759765,-1.029015,-1.416206,-0.4615784, 0.01466985, 0.6924992, 0.08332206, -0.6963611
1.102362,-0.9859618,0.09582518,0.03759765,-1.029015,-1.416206,-0.4615784, 0.01466985, 0.6924992, 0.08332206, -0.6963611
1.105228,-0.9859618,0.09582518,0.03759765,-1.029015,-1.416206,-0.4615784, 0.01466985, 0.6924992, 0.08332206, -0.6963611
1.108211,-0.9859618,0.09582518,0.03759765,-1.029015,-1.416206,-0.4615784, 0.01466985, 0.6924992, 0.08332206, -0.6963611
1.111387,-0.9859618,0.09582518,0.03759765,-1.029015,-1.416206,-0.4615784, 0.01466985, 0.6924992, 0.08332206, -0.6963611
1.118477,-0.9859618,0.09582518,0.03759765,-1.029015,-1.416206,-0.4615784, 0.01466985, 0.6924992, 0.08332206, -0.6963611
1.121798,-1.010864,0.09973143,0.01562499,0.2059937,3.572464,3.16906, 0.01376187, 0.6933931, 0.07739659, -0.6976206
1.124751,-1.010864,0.09973143,0.01562499,0.2059937,3.572464,3.16906, 0.01376187, 0.6933931, 0.07739659, -0.6976206
1.12761,-1.010864,0.09973143,0.01562499,0.2059937,3.572464,3.16906, 0.01376187, 0.6933931, 0.07739659, -0.6976206
1.130201,-1.010864,0.09973143,0.01562499,0.2059937,3.572464,3.16906, 0.01376187, 0.6933931, 0.07739659, -0.6976206
1.133022,-1.010864,0.09973143,0.01562499,0.2059937,3.572464,3.16906, 0.01376187, 0.6933931, 0.07739659, -0.6976206
1.136019,-1.015747,0.09924315,0.04052734,0.5874634,4.350662,0.8802414, 0.0133026, 0.6939338, 0.0743729, -0.6981405
1.140381,-1.015747,0.09924315,0.04052734,0.5874634,4.350662,0.8802414, 0.0133026, 0.6939338, 0.0743729, -0.6981405
1.143522,-1.015747,0.09924315,0.04052734,0.5874634,4.350662,0.8802414, 0.0133026, 0.6939338, 0.0743729, -0.6981405
1.146548,-1.015747,0.09924315,0.04052734,0.5874634,4.350662,0.8802414, 0.0133026, 0.6939338, 0.0743729, -0.6981405
1.149395,-1.015747,0.09924315,0.04052734,0.5874634,4.350662,0.8802414, 0.0133026, 0.6939338, 0.0743729, -0.6981405
1.152068,-1.015747,0.09924315,0.04052734,0.5874634,4.350662,0.8802414, 0.0133026, 0.6939338, 0.0743729, -0.6981405
1.154787,-1.015747,0.09924315,0.04052734,0.5874634,4.350662,0.8802414, 0.0133026, 0.6939338, 0.0743729, -0.6981405
1.15757,-1.015747,0.09924315,0.04052734,0.5874634,4.350662,0.8802414, 0.0133026, 0.6939338, 0.0743729, -0.6981405
1.160325,-1.015747,0.09924315,0.04052734,0.5874634,4.350662,0.8802414, 0.0133026, 0.6939338, 0.0743729, -0.6981405
1.163167,-1.015747,0.09924315,0.04052734,0.5874634,4.350662,0.8802414, 0.0133026, 0.6939338, 0.0743729, -0.6981405
1.166242,-0.9971923,0.1026611,0.04589843,0.2365112,1.131058,-2.033234, 0.0128602, 0.6942506, 0.07162738, -0.6988068
1.169282,-0.9971923,0.1026611,0.04589843,0.2365112,1.131058,-2.033234, 0.0128602, 0.6942506, 0.07162738, -0.6988068
1.171976,-0.9971923,0.1026611,0.04589843,0.2365112,1.131058,-2.033234, 0.0128602, 0.6942506, 0.07162738, -0.6988068
1.174801,-0.9971923,0.1026611,0.04589843,0.2365112,1.131058,-2.033234, 0.0128602, 0.6942506, 0.07162738, -0.6988068
1.177428,-0.9971923,0.1026611,0.04589843,0.2365112,1.131058,-2.033234, 0.0128602, 0.6942506, 0.07162738, -0.6988068
1.180077,-0.9971923,0.1026611,0.04589843,0.2365112,1.131058,-2.033234, 0.0128602, 0.6942506, 0.07162738, -0.6988068
1.182839,-0.9801024,0.09240721,0.02636718,-1.563072,-2.560616,-2.643585, 0.01238825, 0.6944257, 0.06875589, -0.6996533
1.186816,-0.9718016,0.08654784,0.01123046,-0.1745224,-2.621651,0.8955002, 0.01193872, 0.6946167, 0.06588911, -0.7004288
1.19591,-0.9718016,0.08654784,0.01123046,-0.1745224,-2.621651,0.8955002, 0.01193872, 0.6946167, 0.06588911, -0.7004288
1.198667,-0.9786376,0.1085205,0.004882805,1.075745,0.01716614,2.818108, 0.01149985, 0.6949906, 0.06276779, -0.7010105
1.20169,-0.9786376,0.1085205,0.004882805,1.075745,0.01716614,2.818108, 0.01149985, 0.6949906, 0.06276779, -0.7010105
1.204573,-0.9786376,0.1085205,0.004882805,1.075745,0.01716614,2.818108, 0.01149985, 0.6949906, 0.06276779, -0.7010105
1.20746,-0.9786376,0.1085205,0.004882805,1.075745,0.01716614,2.818108, 0.01149985, 0.6949906, 0.06276779, -0.7010105
1.210142,-0.9786376,0.1085205,0.004882805,1.075745,0.01716614,2.818108, 0.01149985, 0.6949906, 0.06276779, -0.7010105
1.212607,-0.9786376,0.1085205,0.004882805,1.075745,0.01716614,2.818108, 0.01149985, 0.6949906, 0.06276779, -0.7010105
1.215632,-0.9786376,0.1085205,0.004882805,1.075745,0.01716614,2.818108, 0.01149985, 0.6949906, 0.06276779, -0.7010105
1.2188,-0.9786376,0.1085205,0.004882805,1.075745,0.01716614,2.818108, 0.01149985, 0.6949906, 0.06276779, -0.7010105
1.221487,-0.9786376,0.1085205,0.004882805,1.075745,0.01716614,2.818108, 0.01149985, 0.6949906, 0.06276779, -0.7010105
1.224524,-0.9786376,0.1085205,0.004882805,1.075745,0.01716614,2.818108, 0.01149985, 0.6949906, 0.06276779, -0.7010105
1.226914,-0.9786376,0.1085205,0.004882805,1.075745,0.01716614,2.818108, 0.01149985, 0.6949906, 0.06276779, -0.7010105
1.229463,-0.989868,0.09338377,0.02685546,2.113342,0.6885529,1.231194, 0.01105977, 0.6953065, 0.05959414, -0.7016348
1.232229,-0.989868,0.09338377,0.02685546,2.113342,0.6885529,1.231194, 0.01105977, 0.6953065, 0.05959414, -0.7016348
1.23463,-0.989868,0.09338377,0.02685546,2.113342,0.6885529,1.231194, 0.01105977, 0.6953065, 0.05959414, -0.7016348
1.237452,-0.989868,0.09338377,0.02685546,2.113342,0.6885529,1.231194, 0.01105977, 0.6953065, 0.05959414, -0.7016348
1.239961,-0.989868,0.09338377,0.02685546,2.113342,0.6885529,1.231194, 0.01105977, 0.6953065, 0.05959414, -0.7016348
1.242672,-0.989868,0.09338377,0.02685546,2.113342,0.6885529,1.231194, 0.01105977, 0.6953065, 0.05959414, -0.7016348
1.245884,-0.9796141,0.1065674,0.04199218,0.4653931,-1.126289,-0.06484985, 0.01064035, 0.6954679, 0.05663965, -0.7023426
1.249422,-0.9781493,0.1065674,0.03027343,-1.029015,-2.301216,1.353264, 0.01023783, 0.6956691, 0.0537144, -0.7029653
1.252534,-0.9781493,0.1065674,0.03027343,-1.029015,-2.301216,1.353264, 0.01023783, 0.6956691, 0.0537144, -0.7029653
1.254935,-0.9781493,0.1065674,0.03027343,-1.029015,-2.301216,1.353264, 0.01023783, 0.6956691, 0.0537144, -0.7029653
1.257604,-0.9781493,0.1065674,0.03027343,-1.029015,-2.301216,1.353264, 0.01023783, 0.6956691, 0.0537144, -0.7029653
1.260295,-0.9781493,0.1065674,0.03027343,-1.029015,-2.301216,1.353264, 0.01023783, 0.6956691, 0.0537144, -0.7029653
1.26305,-0.9781493,0.1065674,0.03027343,-1.029015,-2.301216,1.353264, 0.01023783, 0.6956691, 0.0537144, -0.7029653
1.269894,-0.9781493,0.1065674,0.03027343,-1.029015,-2.301216,1.353264, 0.01023783, 0.6956691, 0.0537144, -0.7029653
1.272992,-0.9781493,0.1065674,0.03027343,-1.029015,-2.301216,1.353264, 0.01023783, 0.6956691, 0.0537144, -0.7029653
1.276283,-0.9781493,0.1065674,0.03027343,-1.029015,-2.301216,1.353264, 0.01023783, 0.6956691, 0.0537144, -0.7029653
1.279042,-0.9781493,0.1065674,0.03027343,-1.029015,-2.301216,1.353264, 0.01023783, 0.6956691, 0.0537144, -0.7029653
1.281855,-0.9781493,0.1065674,0.03027343,-1.029015,-2.301216,1.353264, 0.01023783, 0.6956691, 0.0537144, -0.7029653
1.284442,-0.9781493,0.1065674,0.03027343,-1.029015,-2.301216,1.353264, 0.01023783, 0.6956691, 0.0537144, -0.7029653
1.28758,-0.9781493,0.1065674,0.03027343,-1.029015,-2.301216,1.353264, 0.01023783, 0.6956691, 0.0537144, -0.7029653
1.296201,-1.002075,0.1011963,0.03271484,-0.2202988,2.229691,1.338005, 0.009490877, 0.6961588, 0.04812257, -0.7039696
1.298998,-1.002075,0.1011963,0.03271484,-0.2202988,2.229691,1.338005, 0.009490877, 0.6961588, 0.04812257, -0.7039696
1.301323,-1.002075,0.1011963,0.03271484,-0.2202988,2.229691,1.338005, 0.009490877, 0.6961588, 0.04812257, -0.7039696
1.304102,-1.002075,0.1011963,0.03271484,-0.2202988,2.229691,1.338005, 0.009490877, 0.6961588, 0.04812257, -0.7039696
1.307037,-0.9962157,0.1148681,0.03515624,-0.2508163,0.3681183,-1.117706, 0.009112931, 0.6963252, 0.04537006, -0.704529
1.310459,-0.9962157,0.1148681,0.03515624,-0.2508163,0.3681183,-1.117706, 0.009112931, 0.6963252, 0.04537006, -0.704529
1.313405,-0.9962157,0.1148681,0.03515624,-0.2508163,0.3681183,-1.117706, 0.009112931, 0.6963252, 0.04537006, -0.704529
1.316104,-0.9962157,0.1148681,0.03515624,-0.2508163,0.3681183,-1.117706, 0.009112931, 0.6963252, 0.04537006, -0.704529
1.318706,-0.9962157,0.1148681,0.03515624,-0.2508163,0.3681183,-1.117706, 0.009112931, 0.6963252, 0.04537006, -0.704529
1.321037,-0.9962157,0.1148681,0.03515624,-0.2508163,0.3681183,-1.117706, 0.009112931, 0.6963252, 0.04537006, -0.704529
1.323795,-0.9791259,0.104126,0.02490234,-0.6170273,-2.667427,0.3461838, 0.008747296, 0.6964937, 0.04268201, -0.7050496
1.326783,-0.9791259,0.104126,0.02490234,-0.6170273,-2.667427,0.3461838, 0.008747296, 0.6964937, 0.04268201, -0.7050496
1.329196,-0.9791259,0.104126,0.02490234,-0.6170273,-2.667427,0.3461838, 0.008747296, 0.6964937, 0.04268201, -0.7050496
1.331782,-0.9791259,0.104126,0.02490234,-0.6170273,-2.667427,0.3461838, 0.008747296, 0.6964937, 0.04268201, -0.7050496
1.334005,-0.9791259,0.104126,0.02490234,-0.6170273,-2.667427,0.3461838, 0.008747296, 0.6964937, 0.04268201, -0.7050496
1.336614,-0.9791259,0.104126,0.02490234,-0.6170273,-2.667427,0.3461838, 0.008747296, 0.6964937, 0.04268201, -0.7050496
1.339963,-0.9791259,0.104126,0.02490234,-0.6170273,-2.667427,0.3461838, 0.008747296, 0.6964937, 0.04268201, -0.7050496
1.342818,-0.9791259,0.104126,0.02490234,-0.6170273,-2.667427,0.3461838, 0.008747296, 0.6964937, 0.04268201, -0.7050496
1.346098,-0.9791259,0.104126,0.02490234,-0.6170273,-2.667427,0.3461838, 0.008747296, 0.6964937, 0.04268201, -0.7050496
1.349198,-0.9791259,0.104126,0.02490234,-0.6170273,-2.667427,0.3461838, 0.008747296, 0.6964937, 0.04268201, -0.7050496
1.351434,-0.9791259,0.104126,0.02490234,-0.6170273,-2.667427,0.3461838, 0.008747296, 0.6964937, 0.04268201, -0.7050496
1.35412,-0.9791259,0.104126,0.02490234,-0.6170273,-2.667427,0.3461838, 0.008747296, 0.6964937, 0.04268201, -0.7050496
1.357037,-1.01477,0.09484862,0.02880859,0.9841919,-0.8516312,3.748894, 0.005712403, 0.6966956, 0.03704988, -0.7061066
1.359862,-1.01477,0.09484862,0.02880859,0.9841919,-0.8516312,3.748894, 0.005712403, 0.6966956, 0.03704988, -0.7061066
1.362211,-1.01477,0.09484862,0.02880859,0.9841919,-0.8516312,3.748894, 0.005712403, 0.6966956, 0.03704988, -0.7061066
1.364931,-1.01477,0.09484862,0.02880859,0.9841919,-0.8516312,3.748894, 0.005712403, 0.6966956, 0.03704988, -0.7061066
1.367217,-1.01477,0.09484862,0.02880859,0.9841919,-0.8516312,3.748894, 0.005712403, 0.6966956, 0.03704988, -0.7061066
1.369917,-1.01477,0.09484862,0.02880859,0.9841919,-0.8516312,3.748894, 0.005712403, 0.6966956, 0.03704988, -0.7061066
1.372836,-1.005981,0.1260986,0.03906249,-3.012657,-0.08869171,1.582146, 0.005496463, 0.6967512, 0.03440046, -0.7066094
1.376431,-1.005981,0.1260986,0.03906249,-3.012657,-0.08869171,1.582146, 0.005496463, 0.6967512, 0.03440046, -0.7066094
1.379232,-1.005981,0.1260986,0.03906249,-3.012657,-0.08869171,1.582146, 0.005496463, 0.6967512, 0.03440046, -0.7066094
1.382059,-1.005981,0.1260986,0.03906249,-3.012657,-0.08869171,1.582146, 0.005496463, 0.6967512, 0.03440046, -0.7066094
1.385008,-1.005981,0.1260986,0.03906249,-3.012657,-0.08869171,1.582146, 0.005496463, 0.6967512, 0.03440046, -0.7066094
1.388734,-1.005981,0.1260986,0.03906249,-3.012657,-0.08869171,1.582146, 0.005496463, 0.6967512, 0.03440046, -0.7066094
1.398555,-1.005981,0.1260986,0.03906249,-3.012657,-0.08869171,1.582146, 0.005496463, 0.6967512, 0.03440046, -0.7066094
1.401284,-1.005981,0.1260986,0.03906249,-3.012657,-0.08869171,1.582146, 0.005496463, 0.6967512, 0.03440046, -0.7066094
1.404082,-1.005981,0.1260986,0.03906249,-3.012657,-0.08869171,1.582146, 0.005496463, 0.6967512, 0.03440046, -0.7066094
1.407003,-1.005981,0.1260986,0.03906249,-3.012657,-0.08869171,1.582146, 0.005496463, 0.6967512, 0.03440046, -0.7066094
1.409837,-1.005981,0.1260986,0.03906249,-3.012657,-0.08869171,1.582146, 0.005496463, 0.6967512, 0.03440046, -0.7066094
1.412369,-1.005981,0.1260986,0.03906249,-3.012657,-0.08869171,1.582146, 0.005496463, 0.6967512, 0.03440046, -0.7066094
1.414943,-1.005981,0.1260986,0.03906249,-3.012657,-0.08869171,1.582146, 0.005496463, 0.6967512, 0.03440046, -0.7066094
1.422107,-1.016235,0.1036377,0.004882805,1.594543,2.428055,2.192497, 0.004826944, 0.697585, 0.02689399, -0.7074076
1.425134,-1.016235,0.1036377,0.004882805,1.594543,2.428055,2.192497, 0.004826944, 0.697585, 0.02689399, -0.7074076
1.427755,-1.016235,0.1036377,0.004882805,1.594543,2.428055,2.192497, 0.004826944, 0.697585, 0.02689399, -0.7074076
1.430088,-1.016235,0.1036377,0.004882805,1.594543,2.428055,2.192497, 0.004826944, 0.697585, 0.02689399, -0.7074076
1.432411,-1.016235,0.1036377,0.004882805,1.594543,2.428055,2.192497, 0.004826944, 0.697585, 0.02689399, -0.7074076
1.434988,-1.016235,0.1036377,0.004882805,1.594543,2.428055,2.192497, 0.004826944, 0.697585, 0.02689399, -0.7074076
1.438169,-1.016235,0.1036377,0.004882805,1.594543,2.428055,2.192497, 0.004826944, 0.697585, 0.02689399, -0.7074076
1.441103,-1.016235,0.1036377,0.004882805,1.594543,2.428055,2.192497, 0.004826944, 0.697585, 0.02689399, -0.7074076
1.444197,-1.016235,0.1036377,0.004882805,1.594543,2.428055,2.192497, 0.004826944, 0.697585, 0.02689399, -0.7074076
1.447237,-1.016235,0.1036377,0.004882805,1.594543,2.428055,2.192497, 0.004826944, 0.697585, 0.02689399, -0.7074076
1.450506,-1.016235,0.1036377,0.004882805,1.594543,2.428055,2.192497, 0.004826944, 0.697585, 0.02689399, -0.7074076
1.453395,-1.016235,0.1036377,0.004882805,1.594543,2.428055,2.192497, 0.004826944, 0.697585, 0.02689399, -0.7074076
1.456392,-1.016235,0.1036377,0.004882805,1.594543,2.428055,2.192497, 0.004826944, 0.697585, 0.02689399, -0.7074076
1.459115,-1.016235,0.1036377,0.004882805,1.594543,2.428055,2.192497, 0.004826944, 0.697585, 0.02689399, -0.7074076
1.461491,-1.016235,0.1036377,0.004882805,1.594543,2.428055,2.192497, 0.004826944, 0.697585, 0.02689399, -0.7074076
1.464479,-1.016235,0.1036377,0.004882805,1.594543,2.428055,2.192497, 0.004826944, 0.697585, 0.02689399, -0.7074076
1.467172,-1.016235,0.1036377,0.004882805,1.594543,2.428055,2.192497, 0.004826944, 0.697585, 0.02689399, -0.7074076
1.469729,-1.016235,0.1036377,0.004882805,1.594543,2.428055,2.192497, 0.004826944, 0.697585, 0.02689399, -0.7074076
1.472149,-1.016235,0.1036377,0.004882805,1.594543,2.428055,2.192497, 0.004826944, 0.697585, 0.02689399, -0.7074076
1.474635,-1.016235,0.1036377,0.004882805,1.594543,2.428055,2.192497, 0.004826944, 0.697585, 0.02689399, -0.7074076
1.477217,-1.016235,0.1036377,0.004882805,1.594543,2.428055,2.192497, 0.004826944, 0.697585, 0.02689399, -0.7074076
1.479693,-1.016235,0.1036377,0.004882805,1.594543,2.428055,2.192497, 0.004607769, 0.6977324, 0.02409166, -0.7077814
1.482797,-0.9918212,0.09777831,0.02343749,-1.730919,-3.369331,0.07152557, 0.004181196, 0.6975604, 0.01879456, -0.7089167
1.485551,-0.9918212,0.09777831,0.02343749,-1.730919,-3.369331,0.07152557, 0.004181196, 0.6975604, 0.01879456, -0.7089167
1.488004,-0.9918212,0.09777831,0.02343749,-1.730919,-3.369331,0.07152557, 0.004181196, 0.6975604, 0.01879456, -0.7089167
1.490474,-0.9918212,0.09777831,0.02343749,-1.730919,-3.369331,0.07152557, 0.004181196, 0.6975604, 0.01879456, -0.7089167
1.492914,-0.9918212,0.09777831,0.02343749,-1.730919,-3.369331,0.07152557, 0.004181196, 0.6975604, 0.01879456, -0.7089167
1.495152,-0.9918212,0.09777831,0.02343749,-1.730919,-3.369331,0.07152557, 0.004181196, 0.6975604, 0.01879456, -0.7089167
1.497777,-0.9913329,0.1085205,0.005371086,-1.044273,-0.500679,1.704216, 0.00400939, 0.6975657, 0.01657484, -0.7092881
1.50155,-0.9913329,0.1085205,0.005371086,-1.044273,-0.500679,1.704216, 0.00400939, 0.6975657, 0.01657484, -0.7092881
1.510663,-0.9913329,0.1085205,0.005371086,-1.044273,-0.500679,1.704216, 0.00400939, 0.6975657, 0.01657484, -0.7092881
1.514179,-0.9913329,0.1085205,0.005371086,-1.044273,-0.500679,1.704216, 0.00400939, 0.6975657, 0.01657484, -0.7092881
1.516901,-0.9913329,0.1085205,0.005371086,-1.044273,-0.500679,1.704216, 0.00400939, 0.6975657, 0.01657484, -0.7092881
1.519158,-0.9913329,0.1085205,0.005371086,-1.044273,-0.500679,1.704216, 0.00400939, 0.6975657, 0.01657484, -0.7092881
1.521748,-0.9913329,0.1085205,0.005371086,-1.044273,-0.500679,1.704216, 0.00400939, 0.6975657, 0.01657484, -0.7092881
1.524142,-0.9913329,0.1085205,0.005371086,-1.044273,-0.500679,1.704216, 0.00400939, 0.6975657, 0.01657484, -0.7092881
1.526523,-0.9913329,0.1085205,0.005371086,-1.044273,-0.500679,1.704216, 0.00400939, 0.6975657, 0.01657484, -0.7092881
1.529284,-1.03186,0.1212158,0.03027343,0.5111694,4.014969,-0.8125305, 0.003619389, 0.6980583, 0.01157281, -0.7096259
1.532234,-1.03186,0.1212158,0.03027343,0.5111694,4.014969,-0.8125305, 0.003619389, 0.6980583, 0.01157281, -0.7096259
1.534973,-1.03186,0.1212158,0.03027343,0.5111694,4.014969,-0.8125305, 0.003619389, 0.6980583, 0.01157281, -0.7096259
1.537635,-1.03186,0.1212158,0.03027343,0.5111694,4.014969,-0.8125305, 0.003619389, 0.6980583, 0.01157281, -0.7096259
1.540393,-1.03186,0.1212158,0.03027343,0.5111694,4.014969,-0.8125305, 0.003619389, 0.6980583, 0.01157281, -0.7096259
1.542987,-1.03186,0.1212158,0.03027343,0.5111694,4.014969,-0.8125305, 0.003619389, 0.6980583, 0.01157281, -0.7096259
1.545904,-1.007446,0.1055908,0.02734374,-0.8306503,0.03242493,-2.140045, 0.003435452, 0.6981027, 0.009166587, -0.7099556
1.548808,-1.007446,0.1055908,0.02734374,-0.8306503,0.03242493,-2.140045, 0.003435452, 0.6981027, 0.009166587, -0.7099556
1.551438,-1.007446,0.1055908,0.02734374,-0.8306503,0.03242493,-2.140045, 0.003435452, 0.6981027, 0.009166587, -0.7099556
1.553961,-1.007446,0.1055908,0.02734374,-0.8306503,0.03242493,-2.140045, 0.003435452, 0.6981027, 0.009166587, -0.7099556
1.556625,-1.007446,0.1055908,0.02734374,-0.8306503,0.03242493,-2.140045, 0.003435452, 0.6981027, 0.009166587, -0.7099556
1.559074,-1.007446,0.1055908,0.02734374,-0.8306503,0.03242493,-2.140045, 0.003435452, 0.6981027, 0.009166587, -0.7099556
1.562977,-1.007446,0.1055908,0.02734374,-0.8306503,0.03242493,-2.140045, 0.003435452, 0.6981027, 0.009166587, -0.7099556
1.565591,-1.007446,0.1055908,0.02734374,-0.8306503,0.03242493,-2.140045, 0.003435452, 0.6981027, 0.009166587, -0.7099556
1.572726,-1.007446,0.1055908,0.02734374,-0.8306503,0.03242493,-2.140045, 0.003435452, 0.6981027, 0.009166587, -0.7099556
1.575462,-1.007446,0.1055908,0.02734374,-0.8306503,0.03242493,-2.140045, 0.003435452, 0.6981027, 0.009166587, -0.7099556
1.57959,-1.007446,0.1055908,0.02734374,-0.8306503,0.03242493,-2.140045, 0.003435452, 0.6981027, 0.009166587, -0.7099556
1.58295,-1.007446,0.1055908,0.02734374,-0.8306503,0.03242493,-2.140045, 0.003435452, 0.6981027, 0.009166587, -0.7099556
1.585814,-1.007446,0.1055908,0.02734374,-0.8306503,0.03242493,-2.140045, 0.003435452, 0.6981027, 0.009166587, -0.7099556
1.588299,-1.007446,0.1055908,0.02734374,-0.8306503,0.03242493,-2.140045, 0.003435452, 0.6981027, 0.009166587, -0.7099556
1.591026,-1.007446,0.1055908,0.02734374,-0.8306503,0.03242493,-2.140045, 0.003435452, 0.6981027, 0.009166587, -0.7099556
1.594049,-1.000122,0.1016846,0.01318359,0.7553101,-1.172066,0.9870529, 0.002158483, 0.6980671, 0.004147963, -0.7107353
1.597252,-1.000122,0.1016846,0.01318359,0.7553101,-1.172066,0.9870529, 0.002158483, 0.6980671, 0.004147963, -0.7107353
1.600586,-1.000122,0.1016846,0.01318359,0.7553101,-1.172066,0.9870529, 0.002158483, 0.6980671, 0.004147963, -0.7107353
1.604558,-1.000122,0.1016846,0.01318359,0.7553101,-1.172066,0.9870529, 0.002158483, 0.6980671, 0.004147963, -0.7107353
1.615796,-1.001587,0.1080322,0.02490234,1.091003,2.36702,1.246452, 0.002044871, 0.6981255, 0.001844574, -0.710978
1.6191,-1.001587,0.1080322,0.02490234,1.091003,2.36702,1.246452, 0.002044871, 0.6981255, 0.001844574, -0.710978
1.621932,-1.001587,0.1080322,0.02490234,1.091003,2.36702,1.246452, 0.002044871, 0.6981255, 0.001844574, -0.710978
1.625036,-1.002563,0.1109619,0.03076171,-0.02193451,3.206253,-2.399445, 0.001936054, 0.6982939, -0.0003283573, -0.7110918
1.628991,-1.002563,0.1109619,0.03076171,-0.02193451,3.206253,-2.399445, 0.001936054, 0.6982939, -0.0003283573, -0.7110918
1.631798,-1.002563,0.1109619,0.03076171,-0.02193451,3.206253,-2.399445, 0.001936054, 0.6982939, -0.0003283573, -0.7110918
1.635098,-1.002563,0.1109619,0.03076171,-0.02193451,3.206253,-2.399445, 0.001936054, 0.6982939, -0.0003283573, -0.7110918
1.638327,-1.002563,0.1109619,0.03076171,-0.02193451,3.206253,-2.399445, 0.001936054, 0.6982939, -0.0003283573, -0.7110918
1.641743,-1.002563,0.1109619,0.03076171,-0.02193451,3.206253,-2.399445, 0.001936054, 0.6982939, -0.0003283573, -0.7110918
1.644984,-1.002563,0.1109619,0.03076171,-0.02193451,3.206253,-2.399445, 0.001936054, 0.6982939, -0.0003283573, -0.7110918
1.647891,-1.002563,0.1109619,0.03076171,-0.02193451,3.206253,-2.399445, 0.001936054, 0.6982939, -0.0003283573, -0.7110918
1.650934,-1.002563,0.1109619,0.03076171,-0.02193451,3.206253,-2.399445, 0.001936054, 0.6982939, -0.0003283573, -0.7110918
1.653437,-1.002563,0.1109619,0.03076171,-0.02193451,3.206253,-2.399445, 0.001936054, 0.6982939, -0.0003283573, -0.7110918
1.656241,-0.9893798,0.1036377,0.01220702,-0.6780624,0.001907349,-1.514435, 0.001823965, 0.6983148, -0.002458086, -0.7113509
1.659411,-0.9942626,0.08947752,-0.004394531,-0.20504,-0.2565384,1.551628, 0.001718832, 0.6983851, -0.00470697, -0.7115356
1.662401,-0.9942626,0.08947752,-0.004394531,-0.20504,-0.2565384,1.551628, 0.001718832, 0.6983851, -0.00470697, -0.7115356
1.665388,-0.9942626,0.08947752,-0.004394531,-0.20504,-0.2565384,1.551628, 0.001718832, 0.6983851, -0.00470697, -0.7115356
1.667737,-0.9942626,0.08947752,-0.004394531,-0.20504,-0.2565384,1.551628, 0.001718832, 0.6983851, -0.00470697, -0.7115356
1.670249,-0.9942626,0.08947752,-0.004394531,-0.20504,-0.2565384,1.551628, 0.001718832, 0.6983851, -0.00470697, -0.7115356
1.672983,-1.006958,0.1060791,0.01269531,1.564026,1.283646,2.497673, 0.001614104, 0.6984743, -0.00705426, -0.7116915
1.676114,-1.006958,0.1060791,0.01269531,1.564026,1.283646,2.497673, 0.001614104, 0.6984743, -0.00705426, -0.7116915
1.678564,-1.006958,0.1060791,0.01269531,1.564026,1.283646,2.497673, 0.001614104, 0.6984743, -0.00705426, -0.7116915
1.681256,-1.006958,0.1060791,0.01269531,1.564026,1.283646,2.497673, 0.001614104, 0.6984743, -0.00705426, -0.7116915
1.683529,-1.006958,0.1060791,0.01269531,1.564026,1.283646,2.497673, 0.001614104, 0.6984743, -0.00705426, -0.7116915
1.685985,-1.006958,0.1060791,0.01269531,1.564026,1.283646,2.497673, 0.001614104, 0.6984743, -0.00705426, -0.7116915
1.68919,-1.006958,0.1060791,0.01269531,1.564026,1.283646,2.497673, 0.001614104, 0.6984743, -0.00705426, -0.7116915
1.692104,-1.006958,0.1060791,0.01269531,1.564026,1.283646,2.497673, 0.001614104, 0.6984743, -0.00705426, -0.7116915
1.69557,-1.006958,0.1060791,0.01269531,1.564026,1.283646,2.497673, 0.001614104, 0.6984743, -0.00705426, -0.7116915
1.698753,-1.006958,0.1060791,0.01269531,1.564026,1.283646,2.497673, 0.001614104, 0.6984743, -0.00705426, -0.7116915
1.701637,-1.006958,0.1060791,0.01269531,1.564026,1.283646,2.497673, 0.001614104, 0.6984743, -0.00705426, -0.7116915
1.704752,-1.006958,0.1060791,0.01269531,1.564026,1.283646,2.497673, 0.001614104, 0.6984743, -0.00705426, -0.7116915
1.707855,-1.006958,0.1060791,0.01269531,1.564026,1.283646,2.497673, 0.001614104, 0.6984743, -0.00705426, -0.7116915
1.711232,-1.006958,0.1060791,0.01269531,1.564026,1.283646,2.497673, 0.001614104, 0.6984743, -0.00705426, -0.7116915
1.715779,-1.006958,0.1060791,0.01269531,1.564026,1.283646,2.497673, 0.001614104, 0.6984743, -0.00705426, -0.7116915
1.725601,-0.9761962,0.0953369,0.03076171,-0.4339218,-1.187325,-0.9651184, 0.001349315, 0.6983363, -0.01320532, -0.7123987
1.729126,-0.9761962,0.0953369,0.03076171,-0.4339218,-1.187325,-0.9651184, 0.001349315, 0.6983363, -0.01320532, -0.7123987
1.732049,-0.9761962,0.0953369,0.03076171,-0.4339218,-1.187325,-0.9651184, 0.001349315, 0.6983363, -0.01320532, -0.7123987
1.735212,-0.9864501,0.1026611,0.0102539,1.25885,0.4749298,0.6818771, 0.001260773, 0.6983673, -0.01542055, -0.7125427
1.739371,-0.9864501,0.1026611,0.0102539,1.25885,0.4749298,0.6818771, 0.001260773, 0.6983673, -0.01542055, -0.7125427
1.742809,-0.9864501,0.1026611,0.0102539,1.25885,0.4749298,0.6818771, 0.001260773, 0.6983673, -0.01542055, -0.7125427
1.746205,-0.9864501,0.1026611,0.0102539,1.25885,0.4749298,0.6818771, 0.001260773, 0.6983673, -0.01542055, -0.7125427
1.749054,-0.9864501,0.1026611,0.0102539,1.25885,0.4749298,0.6818771, 0.001260773, 0.6983673, -0.01542055, -0.7125427
1.752007,-0.9864501,0.1026611,0.0102539,1.25885,0.4749298,0.6818771, 0.001260773, 0.6983673, -0.01542055, -0.7125427
1.755034,-0.9864501,0.1026611,0.0102539,1.25885,0.4749298,0.6818771, 0.001260773, 0.6983673, -0.01542055, -0.7125427
1.757908,-0.9864501,0.1026611,0.0102539,1.25885,0.4749298,0.6818771, 0.001260773, 0.6983673, -0.01542055, -0.7125427
1.760912,-0.9864501,0.1026611,0.0102539,1.25885,0.4749298,0.6818771, 0.001260773, 0.6983673, -0.01542055, -0.7125427
1.76352,-0.9864501,0.1026611,0.0102539,1.25885,0.4749298,0.6818771, 0.001260773, 0.6983673, -0.01542055, -0.7125427
1.766333,-0.9864501,0.1026611,0.0102539,1.25885,0.4749298,0.6818771, 0.001260773, 0.6983673, -0.01542055, -0.7125427
1.769541,-0.9864501,0.1026611,0.0102539,1.25885,0.4749298,0.6818771, 0.001260773, 0.6983673, -0.01542055, -0.7125427
1.772314,-0.9864501,0.1026611,0.0102539,1.25885,0.4749298,0.6818771, 0.001260773, 0.6983673, -0.01542055, -0.7125427
1.775043,-0.9864501,0.1026611,0.0102539,1.25885,0.4749298,0.6818771, 0.001260773, 0.6983673, -0.01542055, -0.7125427
1.777757,-0.9864501,0.1026611,0.0102539,1.25885,0.4749298,0.6818771, 0.001260773, 0.6983673, -0.01542055, -0.7125427
1.780653,-0.9864501,0.1026611,0.0102539,1.25885,0.4749298,0.6818771, 0.001260773, 0.6983673, -0.01542055, -0.7125427
1.783917,-0.9752196,0.1051025,0.0258789,0.1602173,-0.1497269,-0.919342, 0.0007217377, 0.6981983, -0.02177152, -0.7131319
1.786911,-0.984497,0.1036377,0.01464843,0.5722046,-0.5311966,0.3156662, 0.0007217377, 0.6981983, -0.02177152, -0.7131319
1.789823,-0.984497,0.1036377,0.01464843,0.5722046,-0.5311966,0.3156662, 0.0007217377, 0.6981983, -0.02177152, -0.7131319
1.792299,-0.984497,0.1036377,0.01464843,0.5722046,-0.5311966,0.3156662, 0.0007217377, 0.6981983, -0.02177152, -0.7131319
1.794584,-0.984497,0.1036377,0.01464843,0.5722046,-0.5311966,0.3156662, 0.0007217377, 0.6981983, -0.02177152, -0.7131319
1.796846,-0.984497,0.1036377,0.01464843,0.5722046,-0.5311966,0.3156662, 0.0007217377, 0.6981983, -0.02177152, -0.7131319
1.799328,-0.984497,0.1036377,0.01464843,0.5722046,-0.5311966,0.3156662, 0.0007217377, 0.6981983, -0.02177152, -0.7131319
1.801835,-0.984497,0.1036377,0.01464843,0.5722046,-0.5311966,0.3156662, 0.0007217377, 0.6981983, -0.02177152, -0.7131319
1.804549,-0.984497,0.1036377,0.01464843,0.5722046,-0.5311966,0.3156662, 0.0007217377, 0.6981983, -0.02177152, -0.7131319
1.807108,-0.984497,0.1036377,0.01464843,0.5722046,-0.5311966,0.3156662, 0.0007217377, 0.6981983, -0.02177152, -0.7131319
1.810039,-0.984497,0.1036377,0.01464843,0.5722046,-0.5311966,0.3156662, 0.0007217377, 0.6981983, -0.02177152, -0.7131319
1.812659,-0.984497,0.1036377,0.01464843,0.5722046,-0.5311966,0.3156662, 0.0007217377, 0.6981983, -0.02177152, -0.7131319
1.815473,-0.984497,0.1036377,0.01464843,0.5722046,-0.5311966,0.3156662, 0.0007217377, 0.6981983, -0.02177152, -0.7131319
1.818537,-0.984497,0.1036377,0.01464843,0.5722046,-0.5311966,0.3156662, 0.0007217377, 0.6981983, -0.02177152, -0.7131319
1.828135,-0.984497,0.1036377,0.01464843,0.5722046,-0.5311966,0.3156662, 0.0007217377, 0.6981983, -0.02177152, -0.7131319
1.831338,-1.015747,0.1090088,0.05078124,1.609802,1.60408,2.085686, 0.0006246027, 0.6981449, -0.02598146, -0.7133778
1.83412,-1.015747,0.1090088,0.05078124,1.609802,1.60408,2.085686, 0.0006246027, 0.6981449, -0.02598146, -0.7133778
1.836864,-1.015747,0.1090088,0.05078124,1.609802,1.60408,2.085686, 0.0006246027, 0.6981449, -0.02598146, -0.7133778
1.839721,-1.015747,0.1090088,0.05078124,1.609802,1.60408,2.085686, 0.0006246027, 0.6981449, -0.02598146, -0.7133778
1.842334,-1.015747,0.1090088,0.05078124,1.609802,1.60408,2.085686, 0.0006246027, 0.6981449, -0.02598146, -0.7133778
1.845255,-1.010864,0.1075439,0.0336914,-0.05245209,-0.1802444,-1.010895, 0.0005764663, 0.6979817, -0.02804161, -0.7136246
1.84843,-1.010864,0.1075439,0.0336914,-0.05245209,-0.1802444,-1.010895, 0.0005764663, 0.6979817, -0.02804161, -0.7136246
1.851018,-1.010864,0.1075439,0.0336914,-0.05245209,-0.1802444,-1.010895, 0.0005764663, 0.6979817, -0.02804161, -0.7136246
1.853637,-1.010864,0.1075439,0.0336914,-0.05245209,-0.1802444,-1.010895, 0.0005764663, 0.6979817, -0.02804161, -0.7136246
1.856661,-1.010864,0.1075439,0.0336914,-0.05245209,-0.1802444,-1.010895, 0.0005764663, 0.6979817, -0.02804161, -0.7136246
1.859294,-1.010864,0.1075439,0.0336914,-0.05245209,-0.1802444,-1.010895, 0.0005764663, 0.6979817, -0.02804161, -0.7136246
1.861825,-0.9874266,0.1065674,0.02246093,-1.395226,-0.8363724,-2.70462, 0.0005327947, 0.6978341, -0.02990675, -0.7138426
1.864485,-0.9874266,0.1065674,0.02246093,-1.395226,-0.8363724,-2.70462, 0.0005327947, 0.6978341, -0.02990675, -0.7138426
1.866817,-0.9874266,0.1065674,0.02246093,-1.395226,-0.8363724,-2.70462, 0.0005327947, 0.6978341, -0.02990675, -0.7138426
1.87391,-0.9874266,0.1065674,0.02246093,-1.395226,-0.8363724,-2.70462, 0.0005327947, 0.6978341, -0.02990675, -0.7138426
1.877069,-0.9874266,0.1065674,0.02246093,-1.395226,-0.8363724,-2.70462, 0.0005327947, 0.6978341, -0.02990675, -0.7138426
1.879946,-0.9874266,0.1065674,0.02246093,-1.395226,-0.8363724,-2.70462, 0.0005327947, 0.6978341, -0.02990675, -0.7138426
1.882997,-0.9874266,0.1065674,0.02246093,-1.395226,-0.8363724,-2.70462, 0.0005327947, 0.6978341, -0.02990675, -0.7138426
1.885455,-0.9874266,0.1065674,0.02246093,-1.395226,-0.8363724,-2.70462, 0.0005327947, 0.6978341, -0.02990675, -0.7138426
1.888213,-0.9874266,0.1065674,0.02246093,-1.395226,-0.8363724,-2.70462, 0.0005327947, 0.6978341, -0.02990675, -0.7138426
1.890506,-0.9874266,0.1065674,0.02246093,-1.395226,-0.8363724,-2.70462, 0.0005327947, 0.6978341, -0.02990675, -0.7138426
1.893047,-0.977661,0.1002197,0.005859368,-0.5865097,0.9784698,0.2851486, 0.0004889453, 0.6978099, -0.03188981, -0.7139301
1.895995,-0.977661,0.1002197,0.005859368,-0.5865097,0.9784698,0.2851486, 0.0004889453, 0.6978099, -0.03188981, -0.7139301
1.89837,-0.977661,0.1002197,0.005859368,-0.5865097,0.9784698,0.2851486, 0.0004889453, 0.6978099, -0.03188981, -0.7139301
1.900964,-0.977661,0.1002197,0.005859368,-0.5865097,0.9784698,0.2851486, 0.0004889453, 0.6978099, -0.03188981, -0.7139301
1.903696,-0.977661,0.1002197,0.005859368,-0.5865097,0.9784698,0.2851486, 0.0004889453, 0.6978099, -0.03188981, -0.7139301
1.906395,-0.977661,0.1002197,0.005859368,-0.5865097,0.9784698,0.2851486, 0.0004889453, 0.6978099, -0.03188981, -0.7139301
1.909542,-1.007934,0.1065674,0.03515624,0.8468628,2.48909,1.933098, 0.0004184525, 0.6979397, -0.0358816, -0.7138534
1.912565,-1.007934,0.1065674,0.03515624,0.8468628,2.48909,1.933098, 0.0004184525, 0.6979397, -0.0358816, -0.7138534
1.915162,-1.007934,0.1065674,0.03515624,0.8468628,2.48909,1.933098, 0.0004184525, 0.6979397, -0.0358816, -0.7138534
1.917478,-1.007934,0.1065674,0.03515624,0.8468628,2.48909,1.933098, 0.0004184525, 0.6979397, -0.0358816, -0.7138534
1.9198,-1.007934,0.1065674,0.03515624,0.8468628,2.48909,1.933098, 0.0004184525, 0.6979397, -0.0358816, -0.7138534
1.922402,-1.007934,0.1065674,0.03515624,0.8468628,2.48909,1.933098, 0.0004184525, 0.6979397, -0.0358816, -0.7138534
1.925265,-1.007934,0.1065674,0.03515624,0.8468628,2.48909,1.933098, 0.0004184525, 0.6979397, -0.0358816, -0.7138534
1.928507,-1.007934,0.1065674,0.03515624,0.8468628,2.48909,1.933098, 0.0004184525, 0.6979397, -0.0358816, -0.7138534
1.93656,-1.007934,0.1065674,0.03515624,0.8468628,2.48909,1.933098, 0.0004184525, 0.6979397, -0.0358816, -0.7138534
1.939801,-1.007934,0.1065674,0.03515624,0.8468628,2.48909,1.933098, 0.0004184525, 0.6979397, -0.0358816, -0.7138534
1.942936,-1.007934,0.1065674,0.03515624,0.8468628,2.48909,1.933098, 0.0004184525, 0.6979397, -0.0358816, -0.7138534
1.94609,-1.007934,0.1065674,0.03515624,0.8468628,2.48909,1.933098, 0.0004184525, 0.6979397, -0.0358816, -0.7138534
1.949017,-1.007934,0.1065674,0.03515624,0.8468628,2.48909,1.933098, 0.0004184525, 0.6979397, -0.0358816, -0.7138534
1.951267,-1.007934,0.1065674,0.03515624,0.8468628,2.48909,1.933098, 0.0004184525, 0.6979397, -0.0358816, -0.7138534
1.953842,-1.007934,0.1065674,0.03515624,0.8468628,2.48909,1.933098, 0.0002691513, 0.6977515, -0.03785143, -0.7140639
1.956624,-0.9830321,0.1094971,0.02294921,-0.7543564,-1.675606,-1.773834, 0.0002433555, 0.6975816, -0.0398601, -0.7142439
1.95942,-0.9830321,0.1094971,0.02294921,-0.7543564,-1.675606,-1.773834, 0.0002433555, 0.6975816, -0.0398601, -0.7142439
1.961925,-0.9830321,0.1094971,0.02294921,-0.7543564,-1.675606,-1.773834, 0.0002433555, 0.6975816, -0.0398601, -0.7142439
1.964332,-0.9830321,0.1094971,0.02294921,-0.7543564,-1.675606,-1.773834, 0.0002433555, 0.6975816, -0.0398601, -0.7142439
1.966524,-0.9830321,0.1094971,0.02294921,-0.7543564,-1.675606,-1.773834, 0.0002433555, 0.6975816, -0.0398601, -0.7142439
1.968813,-0.9830321,0.1094971,0.02294921,-0.7543564,-1.675606,-1.773834, 0.0002433555, 0.6975816, -0.0398601, -0.7142439
1.97203,-0.9918212,0.1060791,0.01904296,0.6484985,2.199173,2.070427, 0.0001998562, 0.6974453, -0.04344827, -0.7143754
1.97543,-0.9918212,0.1060791,0.01904296,0.6484985,2.199173,2.070427, 0.0001998562, 0.6974453, -0.04344827, -0.7143754
1.978987,-0.9918212,0.1060791,0.01904296,0.6484985,2.199173,2.070427, 0.0001998562, 0.6974453, -0.04344827, -0.7143754
1.982172,-0.9918212,0.1060791,0.01904296,0.6484985,2.199173,2.070427, 0.0001998562, 0.6974453, -0.04344827, -0.7143754
1.984657,-0.9918212,0.1060791,0.01904296,0.6484985,2.199173,2.070427, 0.0001998562, 0.6974453, -0.04344827, -0.7143754
1.98774,-0.9918212,0.1060791,0.01904296,0.6484985,2.199173,2.070427, 0.0001998562, 0.6974453, -0.04344827, -0.7143754
1.990522,-0.9918212,0.1060791,0.01904296,0.6484985,2.199173,2.070427, 0.0001998562, 0.6974453, -0.04344827, -0.7143754
1.992973,-0.9918212,0.1060791,0.01904296,0.6484985,2.199173,2.070427, 0.0001998562, 0.6974453, -0.04344827, -0.7143754
1.995547,-0.9918212,0.1060791,0.01904296,0.6484985,2.199173,2.070427, 0.0001998562, 0.6974453, -0.04344827, -0.7143754
1.998116,-0.9918212,0.1060791,0.01904296,0.6484985,2.199173,2.070427, 0.0001998562, 0.6974453, -0.04344827, -0.7143754
2.000506,-0.9918212,0.1060791,0.01904296,0.6484985,2.199173,2.070427, 0.0001998562, 0.6974453, -0.04344827, -0.7143754
2.00331,-0.9918212,0.1060791,0.01904296,0.6484985,2.199173,2.070427, 0.0001998562, 0.6974453, -0.04344827, -0.7143754
2.006226,-0.9918212,0.1060791,0.01904296,0.6484985,2.199173,2.070427, 0.0001998562, 0.6974453, -0.04344827, -0.7143754
2.008976,-0.9918212,0.1060791,0.01904296,0.6484985,2.199173,2.070427, 0.0001998562, 0.6974453, -0.04344827, -0.7143754
2.011611,-0.9918212,0.1060791,0.01904296,0.6484985,2.199173,2.070427, 0.0001998562, 0.6974453, -0.04344827, -0.7143754
2.014248,-0.9918212,0.1060791,0.01904296,0.6484985,2.199173,2.070427, 0.0001998562, 0.6974453, -0.04344827, -0.7143754
2.016762,-0.9957274,0.1065674,0.007324211,-0.4491806,1.283646,-1.255035, 0.0001651924, 0.6973525, -0.04674232, -0.7144229
2.019626,-0.9957274,0.1065674,0.007324211,-0.4491806,1.283646,-1.255035, 0.0001651924, 0.6973525, -0.04674232, -0.7144229
2.02695,-0.9957274,0.1065674,0.007324211,-0.4491806,1.283646,-1.255035, 0.0001651924, 0.6973525, -0.04674232, -0.7144229
2.029506,-0.9957274,0.1065674,0.007324211,-0.4491806,1.283646,-1.255035, 0.0001651924, 0.6973525, -0.04674232, -0.7144229
2.032507,-1.00061,0.08996581,0.009277336,1.274109,1.22261,0.3767014, 0.0001490768, 0.6973415, -0.04822679, -0.7144116
2.035586,-1.00061,0.08996581,0.009277336,1.274109,1.22261,0.3767014, 0.0001490768, 0.6973415, -0.04822679, -0.7144116
2.039067,-1.00061,0.08996581,0.009277336,1.274109,1.22261,0.3767014, 0.0001490768, 0.6973415, -0.04822679, -0.7144116
2.04777,-1.00061,0.08996581,0.009277336,1.274109,1.22261,0.3767014, 0.0001490768, 0.6973415, -0.04822679, -0.7144116
2.050448,-1.00061,0.08996581,0.009277336,1.274109,1.22261,0.3767014, 0.0001490768, 0.6973415, -0.04822679, -0.7144116
2.053207,-1.00061,0.08996581,0.009277336,1.274109,1.22261,0.3767014, 0.0001490768, 0.6973415, -0.04822679, -0.7144116
2.05576,-1.00061,0.08996581,0.009277336,1.274109,1.22261,0.3767014, 0.0001490768, 0.6973415, -0.04822679, -0.7144116
2.058406,-1.00061,0.08996581,0.009277336,1.274109,1.22261,0.3767014, 0.0001490768, 0.6973415, -0.04822679, -0.7144116
2.06108,-1.00061,0.08996581,0.009277336,1.274109,1.22261,0.3767014, 0.0001490768, 0.6973415, -0.04822679, -0.7144116
2.063689,-1.00061,0.08996581,0.009277336,1.274109,1.22261,0.3767014, 0.0001490768, 0.6973415, -0.04822679, -0.7144116
2.066275,-1.00061,0.08996581,0.009277336,1.274109,1.22261,0.3767014, 0.0001490768, 0.6973415, -0.04822679, -0.7144116
2.068857,-1.00061,0.08996581,0.009277336,1.274109,1.22261,0.3767014, 0.0001490768, 0.6973415, -0.04822679, -0.7144116
2.071414,-1.00061,0.08996581,0.009277336,1.274109,1.22261,0.3767014, 0.0001490768, 0.6973415, -0.04822679, -0.7144116
2.073806,-1.00061,0.08996581,0.009277336,1.274109,1.22261,0.3767014, 0.0001490768, 0.6973415, -0.04822679, -0.7144116
2.076676,-1.021118,0.1031494,0.02685546,2.983093,0.8869171,0.5903244, 9.313505E-05, 0.6973233, -0.04995728, -0.7143927
2.080419,-0.9825438,0.1300049,0.03515624,-0.2202988,-2.606392,-3.34549, 6.896816E-05, 0.6968063, -0.05364918, -0.7147911
2.083326,-0.9825438,0.1300049,0.03515624,-0.2202988,-2.606392,-3.34549, 6.896816E-05, 0.6968063, -0.05364918, -0.7147911
2.08564,-0.9825438,0.1300049,0.03515624,-0.2202988,-2.606392,-3.34549, 6.896816E-05, 0.6968063, -0.05364918, -0.7147911
2.088293,-0.9825438,0.1300049,0.03515624,-0.2202988,-2.606392,-3.34549, 6.896816E-05, 0.6968063, -0.05364918, -0.7147911
2.09125,-0.9825438,0.1300049,0.03515624,-0.2202988,-2.606392,-3.34549, 6.896816E-05, 0.6968063, -0.05364918, -0.7147911
2.094265,-0.9825438,0.1300049,0.03515624,-0.2202988,-2.606392,-3.34549, 6.896816E-05, 0.6968063, -0.05364918, -0.7147911
2.097561,-0.9825438,0.1300049,0.03515624,-0.2202988,-2.606392,-3.34549, 6.896816E-05, 0.6968063, -0.05364918, -0.7147911
2.100437,-0.9825438,0.1300049,0.03515624,-0.2202988,-2.606392,-3.34549, 6.896816E-05, 0.6968063, -0.05364918, -0.7147911
2.102945,-0.9825438,0.1300049,0.03515624,-0.2202988,-2.606392,-3.34549, 6.896816E-05, 0.6968063, -0.05364918, -0.7147911
2.105628,-0.9825438,0.1300049,0.03515624,-0.2202988,-2.606392,-3.34549, 6.896816E-05, 0.6968063, -0.05364918, -0.7147911
2.108387,-0.9825438,0.1300049,0.03515624,-0.2202988,-2.606392,-3.34549, 6.896816E-05, 0.6968063, -0.05364918, -0.7147911
2.111635,-0.9825438,0.1300049,0.03515624,-0.2202988,-2.606392,-3.34549, 6.896816E-05, 0.6968063, -0.05364918, -0.7147911
2.114425,-0.9825438,0.1300049,0.03515624,-0.2202988,-2.606392,-3.34549, 6.896816E-05, 0.6968063, -0.05364918, -0.7147911
2.117298,-0.9825438,0.1300049,0.03515624,-0.2202988,-2.606392,-3.34549, 6.896816E-05, 0.6968063, -0.05364918, -0.7147911
2.119606,-0.9825438,0.1300049,0.03515624,-0.2202988,-2.606392,-3.34549, 6.896816E-05, 0.6968063, -0.05364918, -0.7147911
2.122228,-0.9825438,0.1300049,0.03515624,-0.2202988,-2.606392,-3.34549, 6.896816E-05, 0.6968063, -0.05364918, -0.7147911
2.125101,-0.9825438,0.1300049,0.03515624,-0.2202988,-2.606392,-3.34549, 6.896816E-05, 0.6968063, -0.05364918, -0.7147911
2.127821,-0.9825438,0.1300049,0.03515624,-0.2202988,-2.606392,-3.34549, 6.896816E-05, 0.6968063, -0.05364918, -0.7147911
2.130353,-0.9825438,0.1300049,0.03515624,-0.2202988,-2.606392,-3.34549, 6.896816E-05, 0.6968063, -0.05364918, -0.7147911
2.133176,-0.9825438,0.1300049,0.03515624,-0.2202988,-2.606392,-3.34549, 6.896816E-05, 0.6968063, -0.05364918, -0.7147911
2.135982,-0.9825438,0.1300049,0.03515624,-0.2202988,-2.606392,-3.34549, 6.896816E-05, 0.6968063, -0.05364918, -0.7147911
2.139411,-0.9683837,0.09973143,0,1.396179,5.76973,1.246452, 3.613438E-05, 0.6968873, -0.05684278, -0.7145846
2.14892,-0.9952391,0.1016846,0.02392577,2.616882,6.456375,2.360344, 3.06014E-05, 0.6971049, -0.05867919, -0.714276
2.152383,-0.9952391,0.1016846,0.02392577,2.616882,6.456375,2.360344, 3.06014E-05, 0.6971049, -0.05867919, -0.714276
2.155459,-1.007446,0.1202392,0.02441406,0.8926392,1.115799,0.1783371, 2.534408E-05, 0.6970909, -0.060581, -0.7141804
2.158239,-1.007446,0.1202392,0.02441406,0.8926392,1.115799,0.1783371, 2.534408E-05, 0.6970909, -0.060581, -0.7141804
2.16072,-1.007446,0.1202392,0.02441406,0.8926392,1.115799,0.1783371, 2.534408E-05, 0.6970909, -0.060581, -0.7141804
2.162943,-1.007446,0.1202392,0.02441406,0.8926392,1.115799,0.1783371, 2.534408E-05, 0.6970909, -0.060581, -0.7141804
2.165628,-1.007446,0.1202392,0.02441406,0.8926392,1.115799,0.1783371, 2.534408E-05, 0.6970909, -0.060581, -0.7141804
2.167823,-1.007446,0.1202392,0.02441406,0.8926392,1.115799,0.1783371, 2.534408E-05, 0.6970909, -0.060581, -0.7141804
2.170422,-1.007446,0.1202392,0.02441406,0.8926392,1.115799,0.1783371, 2.534408E-05, 0.6970909, -0.060581, -0.7141804
2.178774,-1.007446,0.1202392,0.02441406,0.8926392,1.115799,0.1783371, 2.534408E-05, 0.6970909, -0.060581, -0.7141804
2.18147,-1.007446,0.1202392,0.02441406,0.8926392,1.115799,0.1783371, 2.534408E-05, 0.6970909, -0.060581, -0.7141804
2.183722,-1.007446,0.1202392,0.02441406,0.8926392,1.115799,0.1783371, 2.534408E-05, 0.6970909, -0.060581, -0.7141804
2.186146,-1.007446,0.1202392,0.02441406,0.8926392,1.115799,0.1783371, 2.534408E-05, 0.6970909, -0.060581, -0.7141804
2.189022,-1.007446,0.1202392,0.02441406,0.8926392,1.115799,0.1783371, 2.534408E-05, 0.6970909, -0.060581, -0.7141804
2.19172,-1.007446,0.1202392,0.02441406,0.8926392,1.115799,0.1783371, 2.534408E-05, 0.6970909, -0.060581, -0.7141804
2.194335,-1.007446,0.1202392,0.02441406,0.8926392,1.115799,0.1783371, 2.534408E-05, 0.6970909, -0.060581, -0.7141804
2.196945,-1.007446,0.1202392,0.02441406,0.8926392,1.115799,0.1783371, 2.534408E-05, 0.6970909, -0.060581, -0.7141804
2.199436,-1.007446,0.1202392,0.02441406,0.8926392,1.115799,0.1783371, 2.534408E-05, 0.6970909, -0.060581, -0.7141804
2.202029,-0.9703368,0.09338377,-0.004394531,0.8926392,-1.797676,1.01757, 9.241514E-06, 0.6967621, -0.06555674, -0.7141774
2.204887,-0.9942626,0.1212158,0.004394524,2.174377,1.451492,1.734734, 9.241514E-06, 0.6967621, -0.06555674, -0.7141774
2.207411,-0.9942626,0.1212158,0.004394524,2.174377,1.451492,1.734734, 9.241514E-06, 0.6967621, -0.06555674, -0.7141774
2.210021,-0.9942626,0.1212158,0.004394524,2.174377,1.451492,1.734734, 9.241514E-06, 0.6967621, -0.06555674, -0.7141774
2.212718,-0.9942626,0.1212158,0.004394524,2.174377,1.451492,1.734734, 9.241514E-06, 0.6967621, -0.06555674, -0.7141774
2.215514,-0.9942626,0.1212158,0.004394524,2.174377,1.451492,1.734734, 9.241514E-06, 0.6967621, -0.06555674, -0.7141774
2.218263,-0.9859618,0.1148681,0.02539062,0.9994507,1.817703,0.8649826, 7.150695E-06, 0.6966503, -0.06724408, -0.7141573
2.220904,-0.9859618,0.1148681,0.02539062,0.9994507,1.817703,0.8649826, 7.150695E-06, 0.6966503, -0.06724408, -0.7141573
2.223431,-0.9859618,0.1148681,0.02539062,0.9994507,1.817703,0.8649826, 7.150695E-06, 0.6966503, -0.06724408, -0.7141573
2.226157,-0.9859618,0.1148681,0.02539062,0.9994507,1.817703,0.8649826, 7.150695E-06, 0.6966503, -0.06724408, -0.7141573
2.228368,-0.9859618,0.1148681,0.02539062,0.9994507,1.817703,0.8649826, 7.150695E-06, 0.6966503, -0.06724408, -0.7141573
2.231031,-0.9859618,0.1148681,0.02539062,0.9994507,1.817703,0.8649826, 7.150695E-06, 0.6966503, -0.06724408, -0.7141573
2.233346,-0.9859618,0.1148681,0.02539062,0.9994507,1.817703,0.8649826, 7.150695E-06, 0.6966503, -0.06724408, -0.7141573
2.236104,-0.9859618,0.1148681,0.02539062,0.9994507,1.817703,0.8649826, 7.150695E-06, 0.6966503, -0.06724408, -0.7141573
2.238929,-0.9859618,0.1148681,0.02539062,0.9994507,1.817703,0.8649826, 7.150695E-06, 0.6966503, -0.06724408, -0.7141573
2.242089,-0.9859618,0.1148681,0.02539062,0.9994507,1.817703,0.8649826, 7.150695E-06, 0.6966503, -0.06724408, -0.7141573
2.251712,-0.9659423,0.1085205,0.01513671,-0.7390976,-0.1802444,0.4224777, 3.745779E-06, 0.6964905, -0.06880617, -0.7141891
2.254843,-0.9659423,0.1085205,0.01513671,-0.7390976,-0.1802444,0.4224777, 3.745779E-06, 0.6964905, -0.06880617, -0.7141891
2.257746,-0.9659423,0.1085205,0.01513671,-0.7390976,-0.1802444,0.4224777, 3.745779E-06, 0.6964905, -0.06880617, -0.7141891
2.260288,-0.9659423,0.1085205,0.01513671,-0.7390976,-0.1802444,0.4224777, 3.745779E-06, 0.6964905, -0.06880617, -0.7141891
2.26287,-0.9659423,0.1085205,0.01513671,-0.7390976,-0.1802444,0.4224777, 2.660789E-06, 0.6964617, -0.07032102, -0.71409
2.265788,-0.9815673,0.09289549,0.001953118,0.2212524,0.9784698,3.321648, 2.660789E-06, 0.6964617, -0.07032102, -0.71409
2.268349,-0.9815673,0.09289549,0.001953118,0.2212524,0.9784698,3.321648, 2.660789E-06, 0.6964617, -0.07032102, -0.71409
2.271159,-0.9815673,0.09289549,0.001953118,0.2212524,0.9784698,3.321648, 2.660789E-06, 0.6964617, -0.07032102, -0.71409
2.273588,-0.9815673,0.09289549,0.001953118,0.2212524,0.9784698,3.321648, 2.660789E-06, 0.6964617, -0.07032102, -0.71409
2.275957,-0.9815673,0.09289549,0.001953118,0.2212524,0.9784698,3.321648, 2.660789E-06, 0.6964617, -0.07032102, -0.71409
2.278638,-0.9815673,0.09289549,0.001953118,0.2212524,0.9784698,3.321648, 1.369976E-06, 0.6965621, -0.07197623, -0.7138407
2.28154,-0.9923095,0.1070556,0.0180664,1.625061,4.732132,3.962517, 1.369976E-06, 0.6965621, -0.07197623, -0.7138407
2.28452,-0.9923095,0.1070556,0.0180664,1.625061,4.732132,3.962517, 1.369976E-06, 0.6965621, -0.07197623, -0.7138407
2.287011,-0.9923095,0.1070556,0.0180664,1.625061,4.732132,3.962517, 1.369976E-06, 0.6965621, -0.07197623, -0.7138407
2.289844,-0.9923095,0.1070556,0.0180664,1.625061,4.732132,3.962517, 1.369976E-06, 0.6965621, -0.07197623, -0.7138407
2.29228,-0.9923095,0.1070556,0.0180664,1.625061,4.732132,3.962517, 1.369976E-06, 0.6965621, -0.07197623, -0.7138407
2.294724,-0.9923095,0.1070556,0.0180664,1.625061,4.732132,3.962517, 1.369976E-06, 0.6965621, -0.07197623, -0.7138407
2.297328,-0.9923095,0.1070556,0.0180664,1.625061,4.732132,3.962517, 1.369976E-06, 0.6965621, -0.07197623, -0.7138407
2.299642,-0.9923095,0.1070556,0.0180664,1.625061,4.732132,3.962517, 1.369976E-06, 0.6965621, -0.07197623, -0.7138407
2.301965,-0.9923095,0.1070556,0.0180664,1.625061,4.732132,3.962517, 1.369976E-06, 0.6965621, -0.07197623, -0.7138407
2.304709,-0.9923095,0.1070556,0.0180664,1.625061,4.732132,3.962517, 1.369976E-06, 0.6965621, -0.07197623, -0.7138407
2.307386,-0.9923095,0.1070556,0.0180664,1.625061,4.732132,3.962517, 1.369976E-06, 0.6965621, -0.07197623, -0.7138407
2.310239,-0.9923095,0.1070556,0.0180664,1.625061,4.732132,3.962517, 8.745119E-07, 0.6966991, -0.07375178, -0.7135388
2.313358,-1.005005,0.1124267,0.01757812,0.7858276,5.174637,2.116203, 8.745119E-07, 0.6966991, -0.07375178, -0.7135388
2.316313,-1.005005,0.1124267,0.01757812,0.7858276,5.174637,2.116203, 8.745119E-07, 0.6966991, -0.07375178, -0.7135388
2.318614,-1.005005,0.1124267,0.01757812,0.7858276,5.174637,2.116203, 8.745119E-07, 0.6966991, -0.07375178, -0.7135388
2.321541,-1.005005,0.1124267,0.01757812,0.7858276,5.174637,2.116203, 8.745119E-07, 0.6966991, -0.07375178, -0.7135388
2.329366,-0.9825438,0.1177978,0.01904296,-0.8001328,-2.163887,0.3614426, 6.332994E-08, 0.696502, -0.07673287, -0.7134353
2.332165,-0.9825438,0.1177978,0.01904296,-0.8001328,-2.163887,0.3614426, 6.332994E-08, 0.696502, -0.07673287, -0.7134353
2.334708,-0.9825438,0.1177978,0.01904296,-0.8001328,-2.163887,0.3614426, 6.332994E-08, 0.696502, -0.07673287, -0.7134353
2.337195,-0.9825438,0.1177978,0.01904296,-0.8001328,-2.163887,0.3614426, 6.332994E-08, 0.696502, -0.07673287, -0.7134353
2.339872,-0.9825438,0.1177978,0.01904296,-0.8001328,-2.163887,0.3614426, 6.332994E-08, 0.696502, -0.07673287, -0.7134353
2.342783,-0.9825438,0.1177978,0.01904296,-0.8001328,-2.163887,0.3614426, 6.332994E-08, 0.696502, -0.07673287, -0.7134353
2.345757,-0.9825438,0.1177978,0.01904296,-0.8001328,-2.163887,0.3614426, 6.332994E-08, 0.696502, -0.07673287, -0.7134353
2.348502,-0.9825438,0.1177978,0.01904296,-0.8001328,-2.163887,0.3614426, 6.332994E-08, 0.696502, -0.07673287, -0.7134353
2.352386,-0.9825438,0.1177978,0.01904296,-0.8001328,-2.163887,0.3614426, 6.332994E-08, 0.696502, -0.07673287, -0.7134353
2.361597,-0.9825438,0.1177978,0.01904296,-0.8001328,-2.163887,0.3614426, 6.332994E-08, 0.696502, -0.07673287, -0.7134353
2.364645,-0.9825438,0.1177978,0.01904296,-0.8001328,-2.163887,0.3614426, 6.332994E-08, 0.696502, -0.07673287, -0.7134353
2.367023,-0.9825438,0.1177978,0.01904296,-0.8001328,-2.163887,0.3614426, 6.332994E-08, 0.696502, -0.07673287, -0.7134353
2.369301,-0.9825438,0.1177978,0.01904296,-0.8001328,-2.163887,0.3614426, 6.332994E-08, 0.696502, -0.07673287, -0.7134353
2.372024,-0.9825438,0.1177978,0.01904296,-0.8001328,-2.163887,0.3614426, 6.332994E-08, 0.696502, -0.07673287, -0.7134353
2.374936,-0.9884032,0.1168213,0.003417961,-1.105309,-2.804756,2.894402, 4.656613E-09, 0.696283, -0.07839994, -0.7134718
2.378061,-0.9884032,0.1168213,0.003417961,-1.105309,-2.804756,2.894402, 4.656613E-09, 0.696283, -0.07839994, -0.7134718
2.380477,-0.9884032,0.1168213,0.003417961,-1.105309,-2.804756,2.894402, 4.656613E-09, 0.696283, -0.07839994, -0.7134718
2.382928,-0.9884032,0.1168213,0.003417961,-1.105309,-2.804756,2.894402, 4.656613E-09, 0.696283, -0.07839994, -0.7134718
2.385433,-0.9884032,0.1168213,0.003417961,-1.105309,-2.804756,2.894402, 4.656613E-09, 0.696283, -0.07839994, -0.7134718
2.388355,-0.9884032,0.1168213,0.003417961,-1.105309,-2.804756,2.894402, 0, -0.6960835, 0.07998078, 0.7134919
2.391371,-0.9893798,0.1158447,0.02050781,0.9841919,1.024246,1.688957, 1.015142E-07, -0.6958239, 0.08305357, 0.7133886
2.394339,-0.9893798,0.1158447,0.02050781,0.9841919,1.024246,1.688957, 1.015142E-07, -0.6958239, 0.08305357, 0.7133886
2.396678,-0.9893798,0.1158447,0.02050781,0.9841919,1.024246,1.688957, 1.015142E-07, -0.6958239, 0.08305357, 0.7133886
2.399201,-0.9893798,0.1158447,0.02050781,0.9841919,1.024246,1.688957, 1.015142E-07, -0.6958239, 0.08305357, 0.7133886
2.40142,-0.9893798,0.1158447,0.02050781,0.9841919,1.024246,1.688957, 1.015142E-07, -0.6958239, 0.08305357, 0.7133886
2.40414,-0.9893798,0.1158447,0.02050781,0.9841919,1.024246,1.688957, 1.015142E-07, -0.6958239, 0.08305357, 0.7133886
2.40687,-0.9893798,0.1158447,0.02050781,0.9841919,1.024246,1.688957, 1.015142E-07, -0.6958239, 0.08305357, 0.7133886
2.409791,-0.9893798,0.1158447,0.02050781,0.9841919,1.024246,1.688957, 1.015142E-07, -0.6958239, 0.08305357, 0.7133886
2.412975,-0.9893798,0.1158447,0.02050781,0.9841919,1.024246,1.688957, 1.015142E-07, -0.6958239, 0.08305357, 0.7133886
2.415524,-0.9893798,0.1158447,0.02050781,0.9841919,1.024246,1.688957, 1.015142E-07, -0.6958239, 0.08305357, 0.7133886
2.418438,-0.9893798,0.1158447,0.02050781,0.9841919,1.024246,1.688957, 1.015142E-07, -0.6958239, 0.08305357, 0.7133886
2.421237,-0.9893798,0.1158447,0.02050781,0.9841919,1.024246,1.688957, 1.015142E-07, -0.6958239, 0.08305357, 0.7133886
2.423634,-0.9893798,0.1158447,0.02050781,0.9841919,1.024246,1.688957, 1.015142E-07, -0.6958239, 0.08305357, 0.7133886
2.426169,-0.9893798,0.1158447,0.02050781,0.9841919,1.024246,1.688957, 1.015142E-07, -0.6958239, 0.08305357, 0.7133886
2.428799,-0.9893798,0.1158447,0.02050781,0.9841919,1.024246,1.688957, 1.015142E-07, -0.6958239, 0.08305357, 0.7133886
2.431299,-0.9893798,0.1158447,0.02050781,0.9841919,1.024246,1.688957, 1.015142E-07, -0.6958239, 0.08305357, 0.7133886
2.434145,-0.9893798,0.1158447,0.02050781,0.9841919,1.024246,1.688957, 1.015142E-07, -0.6958239, 0.08305357, 0.7133886
2.437065,-1.00354,0.1148681,0.02050781,0.9841919,1.420975,2.726555, 5.075708E-07, -0.6956877, 0.08571046, 0.7131935
2.439909,-1.00354,0.1148681,0.02050781,0.9841919,1.420975,2.726555, 5.075708E-07, -0.6956877, 0.08571046, 0.7131935
2.442707,-1.00354,0.1148681,0.02050781,0.9841919,1.420975,2.726555, 5.075708E-07, -0.6956877, 0.08571046, 0.7131935
2.445423,-1.00354,0.1148681,0.02050781,0.9841919,1.420975,2.726555, 5.075708E-07, -0.6956877, 0.08571046, 0.7131935
2.448376,-1.00354,0.1148681,0.02050781,0.9841919,1.420975,2.726555, 5.075708E-07, -0.6956877, 0.08571046, 0.7131935
2.45102,-1.00647,0.1265869,0.01220702,1.426697,0.2002716,2.436638, 1.099892E-06, -0.6955669, 0.08719113, 0.7131217
2.454075,-1.00647,0.1265869,0.01220702,1.426697,0.2002716,2.436638, 1.099892E-06, -0.6955669, 0.08719113, 0.7131217
2.456785,-1.00647,0.1265869,0.01220702,1.426697,0.2002716,2.436638, 1.099892E-06, -0.6955669, 0.08719113, 0.7131217
2.459476,-1.00647,0.1265869,0.01220702,1.426697,0.2002716,2.436638, 1.099892E-06, -0.6955669, 0.08719113, 0.7131217
2.463331,-1.00647,0.1265869,0.01220702,1.426697,0.2002716,2.436638, 1.099892E-06, -0.6955669, 0.08719113, 0.7131217
2.472373,-1.00647,0.1265869,0.01220702,1.426697,0.2002716,2.436638, 1.099892E-06, -0.6955669, 0.08719113, 0.7131217
2.479958,-1.00647,0.1265869,0.01220702,1.426697,0.2002716,2.436638, 1.099892E-06, -0.6955669, 0.08719113, 0.7131217
2.482753,-1.00647,0.1265869,0.01220702,1.426697,0.2002716,2.436638, 1.099892E-06, -0.6955669, 0.08719113, 0.7131217
2.48563,-1.00647,0.1265869,0.01220702,1.426697,0.2002716,2.436638, 1.099892E-06, -0.6955669, 0.08719113, 0.7131217
2.488401,-1.00647,0.1265869,0.01220702,1.426697,0.2002716,2.436638, 1.099892E-06, -0.6955669, 0.08719113, 0.7131217
2.491459,-1.00647,0.1265869,0.01220702,1.426697,0.2002716,2.436638, 1.099892E-06, -0.6955669, 0.08719113, 0.7131217
2.49395,-1.00647,0.1265869,0.01220702,1.426697,0.2002716,2.436638, 1.099892E-06, -0.6955669, 0.08719113, 0.7131217
2.496502,-1.00647,0.1265869,0.01220702,1.426697,0.2002716,2.436638, 1.099892E-06, -0.6955669, 0.08719113, 0.7131217
2.498918,-0.9757079,0.104126,0.004882805,0.7400513,-1.706123,0.7276535, 1.532026E-06, -0.6954132, 0.08837351, 0.7131145
2.501788,-0.9869384,0.1226806,0.003417961,1.228333,-0.8516312,3.077507, 2.895482E-06, -0.6953233, 0.08965094, 0.713029
2.504698,-0.9869384,0.1226806,0.003417961,1.228333,-0.8516312,3.077507, 2.895482E-06, -0.6953233, 0.08965094, 0.713029
2.507153,-0.9869384,0.1226806,0.003417961,1.228333,-0.8516312,3.077507, 2.895482E-06, -0.6953233, 0.08965094, 0.713029
2.509824,-0.9869384,0.1226806,0.003417961,1.228333,-0.8516312,3.077507, 2.895482E-06, -0.6953233, 0.08965094, 0.713029
2.512881,-0.9869384,0.1226806,0.003417961,1.228333,-0.8516312,3.077507, 2.895482E-06, -0.6953233, 0.08965094, 0.713029
2.515625,-1.005005,0.1260986,0.02490234,1.731873,0.6885529,1.551628, 6.872229E-06, -0.695015, 0.09298702, 0.7128654
2.518676,-1.005005,0.1260986,0.02490234,1.731873,0.6885529,1.551628, 6.872229E-06, -0.695015, 0.09298702, 0.7128654
2.52114,-1.005005,0.1260986,0.02490234,1.731873,0.6885529,1.551628, 6.872229E-06, -0.695015, 0.09298702, 0.7128654
2.523577,-1.005005,0.1260986,0.02490234,1.731873,0.6885529,1.551628, 6.872229E-06, -0.695015, 0.09298702, 0.7128654
2.526095,-1.005005,0.1260986,0.02490234,1.731873,0.6885529,1.551628, 6.872229E-06, -0.695015, 0.09298702, 0.7128654
2.528557,-1.005005,0.1260986,0.02490234,1.731873,0.6885529,1.551628, 6.872229E-06, -0.695015, 0.09298702, 0.7128654
2.531211,-1.005005,0.1260986,0.02490234,1.731873,0.6885529,1.551628, 6.872229E-06, -0.695015, 0.09298702, 0.7128654
2.534031,-1.005005,0.1260986,0.02490234,1.731873,0.6885529,1.551628, 6.872229E-06, -0.695015, 0.09298702, 0.7128654
2.536678,-1.005005,0.1260986,0.02490234,1.731873,0.6885529,1.551628, 6.872229E-06, -0.695015, 0.09298702, 0.7128654
2.539571,-1.005005,0.1260986,0.02490234,1.731873,0.6885529,1.551628, 6.872229E-06, -0.695015, 0.09298702, 0.7128654
2.542189,-1.005005,0.1260986,0.02490234,1.731873,0.6885529,1.551628, 6.872229E-06, -0.695015, 0.09298702, 0.7128654
2.545243,-1.005005,0.1260986,0.02490234,1.731873,0.6885529,1.551628, 6.872229E-06, -0.695015, 0.09298702, 0.7128654
2.548338,-1.005005,0.1260986,0.02490234,1.731873,0.6885529,1.551628, 6.872229E-06, -0.695015, 0.09298702, 0.7128654
2.550771,-1.005005,0.1260986,0.02490234,1.731873,0.6885529,1.551628, 6.872229E-06, -0.695015, 0.09298702, 0.7128654
2.553112,-1.005005,0.1260986,0.02490234,1.731873,0.6885529,1.551628, 6.872229E-06, -0.695015, 0.09298702, 0.7128654
2.556026,-1.005005,0.1260986,0.02490234,1.731873,0.6885529,1.551628, 6.872229E-06, -0.695015, 0.09298702, 0.7128654
2.558873,-1.005005,0.1260986,0.02490234,1.731873,0.6885529,1.551628, 6.872229E-06, -0.695015, 0.09298702, 0.7128654
2.561214,-1.005005,0.1260986,0.02490234,1.731873,0.6885529,1.551628, 6.872229E-06, -0.695015, 0.09298702, 0.7128654
2.563979,-0.9986571,0.1094971,-0.01025391,0.328064,1.070023,3.993034, 1.202244E-05, -0.6945778, 0.096999, 0.7126881
2.567484,-0.9986571,0.1094971,-0.01025391,0.328064,1.070023,3.993034, 1.202244E-05, -0.6945778, 0.096999, 0.7126881
2.576529,-0.9986571,0.1094971,-0.01025391,0.328064,1.070023,3.993034, 1.202244E-05, -0.6945778, 0.096999, 0.7126881
2.580009,-0.9986571,0.1094971,-0.01025391,0.328064,1.070023,3.993034, 1.202244E-05, -0.6945778, 0.096999, 0.7126881
2.582966,-0.9986571,0.1094971,-0.01025391,0.328064,1.070023,3.993034, 1.202244E-05, -0.6945778, 0.096999, 0.7126881
2.585249,-0.9986571,0.1094971,-0.01025391,0.328064,1.070023,3.993034, 1.202244E-05, -0.6945778, 0.096999, 0.7126881
2.587779,-0.9986571,0.1094971,-0.01025391,0.328064,1.070023,3.993034, 1.202244E-05, -0.6945778, 0.096999, 0.7126881
2.590847,-0.9986571,0.1094971,-0.01025391,0.328064,1.070023,3.993034, 1.202244E-05, -0.6945778, 0.096999, 0.7126881
2.593205,-0.9986571,0.1094971,-0.01025391,0.328064,1.070023,3.993034, 1.202244E-05, -0.6945778, 0.096999, 0.7126881
2.595949,-0.9986571,0.1094971,-0.01025391,0.328064,1.070023,3.993034, 1.202244E-05, -0.6945778, 0.096999, 0.7126881
2.598821,-0.9986571,0.1094971,-0.01025391,0.328064,1.070023,3.993034, 1.202244E-05, -0.6945778, 0.096999, 0.7126881
2.601667,-0.9986571,0.1094971,-0.01025391,0.328064,1.070023,3.993034, 1.202244E-05, -0.6945778, 0.096999, 0.7126881
2.60436,-0.9986571,0.1094971,-0.01025391,0.328064,1.070023,3.993034, 1.202244E-05, -0.6945778, 0.096999, 0.7126881
2.606971,-0.9986571,0.1094971,-0.01025391,0.328064,1.070023,3.993034, 1.202244E-05, -0.6945778, 0.096999, 0.7126881
2.610085,-1.013794,0.1173096,0.009277336,3.242493,2.275467,4.359245, 1.942366E-05, -0.6945463, 0.09853407, 0.7124854
2.613309,-1.011352,0.1309814,0.01953124,2.998352,-1.111031,0.4682541, 2.244115E-05, -0.694353, 0.09990102, 0.712455
2.616309,-1.011352,0.1309814,0.01953124,2.998352,-1.111031,0.4682541, 2.244115E-05, -0.694353, 0.09990102, 0.712455
2.619195,-1.011352,0.1309814,0.01953124,2.998352,-1.111031,0.4682541, 2.244115E-05, -0.694353, 0.09990102, 0.712455
2.621459,-1.011352,0.1309814,0.01953124,2.998352,-1.111031,0.4682541, 2.244115E-05, -0.694353, 0.09990102, 0.712455
2.62394,-1.011352,0.1309814,0.01953124,2.998352,-1.111031,0.4682541, 2.244115E-05, -0.694353, 0.09990102, 0.712455
2.631379,-0.9893798,0.1143799,0.01562499,-0.6475449,-4.315376,-1.834869, 2.538599E-05, -0.6940012, 0.1009038, 0.7126286
2.634257,-0.9893798,0.1143799,0.01562499,-0.6475449,-4.315376,-1.834869, 2.538599E-05, -0.6940012, 0.1009038, 0.7126286
2.636996,-0.9893798,0.1143799,0.01562499,-0.6475449,-4.315376,-1.834869, 2.538599E-05, -0.6940012, 0.1009038, 0.7126286
2.639449,-0.9893798,0.1143799,0.01562499,-0.6475449,-4.315376,-1.834869, 2.538599E-05, -0.6940012, 0.1009038, 0.7126286
2.642408,-0.9893798,0.1143799,0.01562499,-0.6475449,-4.315376,-1.834869, 2.538599E-05, -0.6940012, 0.1009038, 0.7126286
2.645286,-0.9893798,0.1143799,0.01562499,-0.6475449,-4.315376,-1.834869, 2.538599E-05, -0.6940012, 0.1009038, 0.7126286
2.648116,-0.9893798,0.1143799,0.01562499,-0.6475449,-4.315376,-1.834869, 2.538599E-05, -0.6940012, 0.1009038, 0.7126286
2.650995,-0.9893798,0.1143799,0.01562499,-0.6475449,-4.315376,-1.834869, 2.538599E-05, -0.6940012, 0.1009038, 0.7126286
2.6535,-0.9893798,0.1143799,0.01562499,-0.6475449,-4.315376,-1.834869, 2.538599E-05, -0.6940012, 0.1009038, 0.7126286
2.65638,-0.9893798,0.1143799,0.01562499,-0.6475449,-4.315376,-1.834869, 2.538599E-05, -0.6940012, 0.1009038, 0.7126286
2.658974,-0.9893798,0.1143799,0.01562499,-0.6475449,-4.315376,-1.834869, 2.538599E-05, -0.6940012, 0.1009038, 0.7126286
2.661329,-0.9893798,0.1143799,0.01562499,-0.6475449,-4.315376,-1.834869, 2.538599E-05, -0.6940012, 0.1009038, 0.7126286
2.663713,-0.9893798,0.1143799,0.01562499,-0.6475449,-4.315376,-1.834869, 2.538599E-05, -0.6940012, 0.1009038, 0.7126286
2.666446,-0.9893798,0.1143799,0.01562499,-0.6475449,-4.315376,-1.834869, 2.538599E-05, -0.6940012, 0.1009038, 0.7126286
2.669027,-0.9893798,0.1143799,0.01562499,-0.6475449,-4.315376,-1.834869, 2.538599E-05, -0.6940012, 0.1009038, 0.7126286
2.671892,-0.965454,0.1099853,-0.01025391,-1.807213,-3.521919,1.749992, 2.800208E-05, -0.6936821, 0.1018198, 0.7127843
2.67507,-0.9913329,0.1182861,-0.006835938,-0.08296967,1.832962,3.611565, 3.08333E-05, -0.6935734, 0.1030741, 0.7126831
2.679234,-0.9913329,0.1182861,-0.006835938,-0.08296967,1.832962,3.611565, 3.08333E-05, -0.6935734, 0.1030741, 0.7126831
2.690471,-0.9854735,0.1153564,0.02685546,0.8468628,-0.3786087,1.185417, 5.293638E-05, -0.6933954, 0.1056416, 0.7124178
2.693995,-0.9854735,0.1153564,0.02685546,0.8468628,-0.3786087,1.185417, 5.293638E-05, -0.6933954, 0.1056416, 0.7124178
2.697425,-0.9854735,0.1153564,0.02685546,0.8468628,-0.3786087,1.185417, 5.293638E-05, -0.6933954, 0.1056416, 0.7124178
2.700857,-0.9854735,0.1153564,0.02685546,0.8468628,-0.3786087,1.185417, 5.293638E-05, -0.6933954, 0.1056416, 0.7124178
2.704206,-0.9854735,0.1153564,0.02685546,0.8468628,-0.3786087,1.185417, 5.293638E-05, -0.6933954, 0.1056416, 0.7124178
2.707644,-0.9854735,0.1153564,0.02685546,0.8468628,-0.3786087,1.185417, 5.293638E-05, -0.6933954, 0.1056416, 0.7124178
2.711046,-0.9854735,0.1153564,0.02685546,0.8468628,-0.3786087,1.185417, 5.293638E-05, -0.6933954, 0.1056416, 0.7124178
2.714517,-0.9854735,0.1153564,0.02685546,0.8468628,-0.3786087,1.185417, 5.293638E-05, -0.6933954, 0.1056416, 0.7124178
2.717855,-0.9854735,0.1153564,0.02685546,0.8468628,-0.3786087,1.185417, 5.293638E-05, -0.6933954, 0.1056416, 0.7124178
2.721251,-0.9854735,0.1153564,0.02685546,0.8468628,-0.3786087,1.185417, 5.293638E-05, -0.6933954, 0.1056416, 0.7124178
2.724887,-0.9854735,0.1153564,0.02685546,0.8468628,-0.3786087,1.185417, 5.293638E-05, -0.6933954, 0.1056416, 0.7124178
2.727876,-0.9854735,0.1153564,0.02685546,0.8468628,-0.3786087,1.185417, 5.293638E-05, -0.6933954, 0.1056416, 0.7124178
2.730551,-0.9854735,0.1153564,0.02685546,0.8468628,-0.3786087,1.185417, 5.293638E-05, -0.6933954, 0.1056416, 0.7124178
2.733362,-0.9854735,0.1153564,0.02685546,0.8468628,-0.3786087,1.185417, 5.293638E-05, -0.6933954, 0.1056416, 0.7124178
2.736642,-0.9854735,0.1412353,-0.001464844,1.060486,-3.521919,2.436638, 6.769877E-05, -0.6924827, 0.1092997, 0.7126549
2.739921,-0.9927977,0.1397705,0.01123046,1.502991,-2.041817,2.635002, 6.769877E-05, -0.6924827, 0.1092997, 0.7126549
2.742931,-0.9927977,0.1397705,0.01123046,1.502991,-2.041817,2.635002, 6.769877E-05, -0.6924827, 0.1092997, 0.7126549
2.746555,-0.9927977,0.1397705,0.01123046,1.502991,-2.041817,2.635002, 6.769877E-05, -0.6924827, 0.1092997, 0.7126549
2.749826,-0.9927977,0.1397705,0.01123046,1.502991,-2.041817,2.635002, 6.769877E-05, -0.6924827, 0.1092997, 0.7126549
2.752556,-0.9927977,0.1397705,0.01123046,1.502991,-2.041817,2.635002, 6.769877E-05, -0.6924827, 0.1092997, 0.7126549
2.755116,-0.9927977,0.1397705,0.01123046,1.502991,-2.041817,2.635002, 6.769877E-05, -0.6924827, 0.1092997, 0.7126549
2.757985,-0.9927977,0.1397705,0.01123046,1.502991,-2.041817,2.635002, 6.769877E-05, -0.6924827, 0.1092997, 0.7126549
2.760489,-0.9927977,0.1397705,0.01123046,1.502991,-2.041817,2.635002, 6.769877E-05, -0.6924827, 0.1092997, 0.7126549
2.763102,-0.9927977,0.1397705,0.01123046,1.502991,-2.041817,2.635002, 6.769877E-05, -0.6924827, 0.1092997, 0.7126549
2.76569,-0.9927977,0.1397705,0.01123046,1.502991,-2.041817,2.635002, 6.769877E-05, -0.6924827, 0.1092997, 0.7126549
2.768508,-0.9927977,0.1397705,0.01123046,1.502991,-2.041817,2.635002, 6.769877E-05, -0.6924827, 0.1092997, 0.7126549
2.77196,-0.9927977,0.1397705,0.01123046,1.502991,-2.041817,2.635002, 6.769877E-05, -0.6924827, 0.1092997, 0.7126549
2.775174,-0.9927977,0.1397705,0.01123046,1.502991,-2.041817,2.635002, 6.769877E-05, -0.6924827, 0.1092997, 0.7126549
2.784787,-0.9927977,0.1397705,0.01123046,1.502991,-2.041817,2.635002, 6.769877E-05, -0.6924827, 0.1092997, 0.7126549
2.793932,-0.9927977,0.1397705,0.01123046,1.502991,-2.041817,2.635002, 6.769877E-05, -0.6924827, 0.1092997, 0.7126549
2.797576,-0.9835204,0.1280517,0.007812493,-0.6170273,-2.194405,2.680779, 8.106511E-05, -0.6918209, 0.1120963, 0.7127736
2.800877,-0.9952391,0.125122,0.01464843,1.13678,0.001907349,5.137444, 8.453522E-05, -0.6916477, 0.1131465, 0.7127525
2.804349,-0.9952391,0.125122,0.01464843,1.13678,0.001907349,5.137444, 8.453522E-05, -0.6916477, 0.1131465, 0.7127525
2.807466,-0.9952391,0.125122,0.01464843,1.13678,0.001907349,5.137444, 8.453522E-05, -0.6916477, 0.1131465, 0.7127525
2.810556,-0.9952391,0.125122,0.01464843,1.13678,0.001907349,5.137444, 8.453522E-05, -0.6916477, 0.1131465, 0.7127525
2.814102,-1.026977,0.1451416,0.01416015,1.792908,2.092361,3.764153, 8.757785E-05, -0.6916022, 0.1142588, 0.7125987
2.817668,-1.026977,0.1451416,0.01416015,1.792908,2.092361,3.764153, 8.757785E-05, -0.6916022, 0.1142588, 0.7125987
2.820786,-1.026977,0.1451416,0.01416015,1.792908,2.092361,3.764153, 8.757785E-05, -0.6916022, 0.1142588, 0.7125987
2.824004,-1.026977,0.1451416,0.01416015,1.792908,2.092361,3.764153, 8.757785E-05, -0.6916022, 0.1142588, 0.7125987
2.826694,-1.026977,0.1451416,0.01416015,1.792908,2.092361,3.764153, 8.757785E-05, -0.6916022, 0.1142588, 0.7125987
2.829576,-1.026977,0.1451416,0.01416015,1.792908,2.092361,3.764153, 8.757785E-05, -0.6916022, 0.1142588, 0.7125987
2.832105,-1.026977,0.1451416,0.01416015,1.792908,2.092361,3.764153, 8.757785E-05, -0.6916022, 0.1142588, 0.7125987
2.83458,-1.026977,0.1451416,0.01416015,1.792908,2.092361,3.764153, 8.757785E-05, -0.6916022, 0.1142588, 0.7125987
2.837605,-1.026977,0.1451416,0.01416015,1.792908,2.092361,3.764153, 8.757785E-05, -0.6916022, 0.1142588, 0.7125987
2.840484,-1.026977,0.1451416,0.01416015,1.792908,2.092361,3.764153, 8.757785E-05, -0.6916022, 0.1142588, 0.7125987
2.843403,-1.026977,0.1451416,0.01416015,1.792908,2.092361,3.764153, 8.757785E-05, -0.6916022, 0.1142588, 0.7125987
2.8463,-1.026977,0.1451416,0.01416015,1.792908,2.092361,3.764153, 8.757785E-05, -0.6916022, 0.1142588, 0.7125987
2.84879,-1.026977,0.1451416,0.01416015,1.792908,2.092361,3.764153, 8.757785E-05, -0.6916022, 0.1142588, 0.7125987
2.851265,-1.026977,0.1451416,0.01416015,1.792908,2.092361,3.764153, 8.757785E-05, -0.6916022, 0.1142588, 0.7125987
2.853611,-1.026977,0.1451416,0.01416015,1.792908,2.092361,3.764153, 8.757785E-05, -0.6916022, 0.1142588, 0.7125987
2.856163,-1.026977,0.1451416,0.01416015,1.792908,2.092361,3.764153, 8.757785E-05, -0.6916022, 0.1142588, 0.7125987
2.858781,-1.026977,0.1451416,0.01416015,1.792908,2.092361,3.764153, 8.757785E-05, -0.6916022, 0.1142588, 0.7125987
2.86157,-1.007446,0.1324463,0.003417961,0.1754761,0.001907349,1.612663, 9.872671E-05, -0.6913519, 0.1164362, 0.7124143
2.864232,-1.007446,0.1324463,0.003417961,0.1754761,0.001907349,1.612663, 9.872671E-05, -0.6913519, 0.1164362, 0.7124143
2.866985,-1.007446,0.1324463,0.003417961,0.1754761,0.001907349,1.612663, 9.872671E-05, -0.6913519, 0.1164362, 0.7124143
2.869237,-1.007446,0.1324463,0.003417961,0.1754761,0.001907349,1.612663, 9.872671E-05, -0.6913519, 0.1164362, 0.7124143
2.871788,-1.007446,0.1324463,0.003417961,0.1754761,0.001907349,1.612663, 9.872671E-05, -0.6913519, 0.1164362, 0.7124143
2.874234,-1.007934,0.1387939,0.008789055,0.831604,-0.3175735,3.275871, 0.0001472924, -0.6912249, 0.117488, 0.7123283
2.877265,-1.007934,0.1387939,0.008789055,0.831604,-0.3175735,3.275871, 0.0001472924, -0.6912249, 0.117488, 0.7123283
2.880114,-1.007934,0.1387939,0.008789055,0.831604,-0.3175735,3.275871, 0.0001472924, -0.6912249, 0.117488, 0.7123283
2.882616,-1.007934,0.1387939,0.008789055,0.831604,-0.3175735,3.275871, 0.0001472924, -0.6912249, 0.117488, 0.7123283
2.885135,-1.007934,0.1387939,0.008789055,0.831604,-0.3175735,3.275871, 0.0001472924, -0.6912249, 0.117488, 0.7123283
2.88763,-1.007934,0.1387939,0.008789055,0.831604,-0.3175735,3.275871, 0.0001472924, -0.6912249, 0.117488, 0.7123283
2.89058,-1.007934,0.1387939,0.008789055,0.831604,-0.3175735,3.275871, 0.0001472924, -0.6912249, 0.117488, 0.7123283
2.894449,-1.007934,0.1387939,0.008789055,0.831604,-0.3175735,3.275871, 0.0001472924, -0.6912249, 0.117488, 0.7123283
2.904959,-1.007934,0.1387939,0.008789055,0.831604,-0.3175735,3.275871, 0.0001472924, -0.6912249, 0.117488, 0.7123283
2.907853,-1.007934,0.1387939,0.008789055,0.831604,-0.3175735,3.275871, 0.0001472924, -0.6912249, 0.117488, 0.7123283
2.910542,-1.007934,0.1387939,0.008789055,0.831604,-0.3175735,3.275871, 0.0001472924, -0.6912249, 0.117488, 0.7123283
2.91292,-1.007934,0.1387939,0.008789055,0.831604,-0.3175735,3.275871, 0.0001472924, -0.6912249, 0.117488, 0.7123283
2.915699,-1.007934,0.1387939,0.008789055,0.831604,-0.3175735,3.275871, 0.0001472924, -0.6912249, 0.117488, 0.7123283
2.918191,-1.007934,0.1387939,0.008789055,0.831604,-0.3175735,3.275871, 0.0001472924, -0.6912249, 0.117488, 0.7123283
2.920503,-1.007934,0.1387939,0.008789055,0.831604,-0.3175735,3.275871, 0.0001472924, -0.6912249, 0.117488, 0.7123283
2.923175,-1.073364,0.1456299,0.02441406,1.335144,3.084183,0.910759, 0.0001635812, -0.6911128, 0.1200414, 0.7119337
2.926299,-1.057739,0.1578369,0.003906243,0.05340576,-0.6380081,-2.094269, 0.0001714546, -0.6909784, 0.1209115, 0.7118794
2.933106,-1.057739,0.1578369,0.003906243,0.05340576,-0.6380081,-2.094269, 0.0001714546, -0.6909784, 0.1209115, 0.7118794
2.935553,-1.057739,0.1578369,0.003906243,0.05340576,-0.6380081,-2.094269, 0.0001714546, -0.6909784, 0.1209115, 0.7118794
2.938348,-1.057739,0.1368408,0.008789055,0.328064,-4.89521,-0.5378723, 0.0001811413, -0.6906973, 0.1217441, 0.711964
2.941154,-1.057739,0.1368408,0.008789055,0.328064,-4.89521,-0.5378723, 0.0001811413, -0.6906973, 0.1217441, 0.711964
2.943691,-1.057739,0.1368408,0.008789055,0.328064,-4.89521,-0.5378723, 0.0001811413, -0.6906973, 0.1217441, 0.711964
2.94615,-1.057739,0.1368408,0.008789055,0.328064,-4.89521,-0.5378723, 0.0001811413, -0.6906973, 0.1217441, 0.711964
2.94872,-1.057739,0.1368408,0.008789055,0.328064,-4.89521,-0.5378723, 0.0001811413, -0.6906973, 0.1217441, 0.711964
2.951216,-1.057739,0.1368408,0.008789055,0.328064,-4.89521,-0.5378723, 0.0001811413, -0.6906973, 0.1217441, 0.711964
2.95404,-1.057739,0.1368408,0.008789055,0.328064,-4.89521,-0.5378723, 0.0001811413, -0.6906973, 0.1217441, 0.711964
2.95699,-1.057739,0.1368408,0.008789055,0.328064,-4.89521,-0.5378723, 0.0001811413, -0.6906973, 0.1217441, 0.711964
2.960089,-1.057739,0.1368408,0.008789055,0.328064,-4.89521,-0.5378723, 0.0001811413, -0.6906973, 0.1217441, 0.711964
2.962385,-1.057739,0.1368408,0.008789055,0.328064,-4.89521,-0.5378723, 0.0001811413, -0.6906973, 0.1217441, 0.711964
2.964612,-1.057739,0.1368408,0.008789055,0.328064,-4.89521,-0.5378723, 0.0001811413, -0.6906973, 0.1217441, 0.711964
2.967115,-1.057739,0.1368408,0.008789055,0.328064,-4.89521,-0.5378723, 0.0001811413, -0.6906973, 0.1217441, 0.711964
2.969818,-1.119751,0.1451416,0.02148437,2.632141,-6.329536,-0.9498596, 0.0001929691, -0.6902038, 0.1227302, 0.7122169
2.972769,-1.162231,0.1290283,0.03466796,2.037048,-6.756783,-4.764557, 0.0002027843, -0.6897717, 0.1232221, 0.7125036
2.976036,-1.162231,0.1290283,0.03466796,2.037048,-6.756783,-4.764557, 0.0002027843, -0.6897717, 0.1232221, 0.7125036
2.978652,-1.162231,0.1290283,0.03466796,2.037048,-6.756783,-4.764557, 0.0002027843, -0.6897717, 0.1232221, 0.7125036
2.98151,-1.162231,0.1290283,0.03466796,2.037048,-6.756783,-4.764557, 0.0002027843, -0.6897717, 0.1232221, 0.7125036
2.983925,-1.162231,0.1290283,0.03466796,2.037048,-6.756783,-4.764557, 0.0002027843, -0.6897717, 0.1232221, 0.7125036
2.986533,-1.154907,0.1514892,0.03222656,-1.303673,-9.213448,-10.80704, 0.0002197027, -0.6892356, 0.1236926, 0.7128599
2.989536,-1.154907,0.1514892,0.03222656,-1.303673,-9.213448,-10.80704, 0.0002197027, -0.6892356, 0.1236926, 0.7128599
2.992341,-1.154907,0.1514892,0.03222656,-1.303673,-9.213448,-10.80704, 0.0002197027, -0.6892356, 0.1236926, 0.7128599
2.995815,-1.154907,0.1514892,0.03222656,-1.303673,-9.213448,-10.80704, 0.0002197027, -0.6892356, 0.1236926, 0.7128599
3.00507,-1.154907,0.1514892,0.03222656,-1.303673,-9.213448,-10.80704, 0.0002197027, -0.6892356, 0.1236926, 0.7128599
3.007861,-1.154907,0.1514892,0.03222656,-1.303673,-9.213448,-10.80704, 0.0002197027, -0.6892356, 0.1236926, 0.7128599
3.010627,-1.154907,0.1514892,0.03222656,-1.303673,-9.213448,-10.80704, 0.0002197027, -0.6892356, 0.1236926, 0.7128599
3.013021,-1.154907,0.1514892,0.03222656,-1.303673,-9.213448,-10.80704, 0.0002197027, -0.6892356, 0.1236926, 0.7128599
3.015606,-1.154907,0.1514892,0.03222656,-1.303673,-9.213448,-10.80704, 0.0002197027, -0.6892356, 0.1236926, 0.7128599
3.018645,-1.154907,0.1514892,0.03222656,-1.303673,-9.213448,-10.80704, 0.0002197027, -0.6892356, 0.1236926, 0.7128599
3.021141,-1.154907,0.1514892,0.03222656,-1.303673,-9.213448,-10.80704, 0.0002197027, -0.6892356, 0.1236926, 0.7128599
3.023877,-1.154907,0.1514892,0.03222656,-1.303673,-9.213448,-10.80704, 0.0002197027, -0.6892356, 0.1236926, 0.7128599
3.026534,-1.154907,0.1514892,0.03222656,-1.303673,-9.213448,-10.80704, 0.0002197027, -0.6892356, 0.1236926, 0.7128599
3.029397,-1.154907,0.1514892,0.03222656,-1.303673,-9.213448,-10.80704, 0.0002197027, -0.6892356, 0.1236926, 0.7128599
3.031866,-1.154907,0.1514892,0.03222656,-1.303673,-9.213448,-10.80704, 0.0002197027, -0.6892356, 0.1236926, 0.7128599
3.034946,-1.151001,0.1383056,0.01123046,-0.2202988,-1.690865,-10.2272, 0.0002529928, -0.6884735, 0.1237192, 0.7134321
3.03807,-1.151001,0.1383056,0.01123046,-0.2202988,-1.690865,-10.2272, 0.0002529928, -0.6884735, 0.1237192, 0.7134321
3.040578,-1.151001,0.1383056,0.01123046,-0.2202988,-1.690865,-10.2272, 0.0002529928, -0.6884735, 0.1237192, 0.7134321
3.043604,-1.151001,0.1383056,0.01123046,-0.2202988,-1.690865,-10.2272, 0.0002529928, -0.6884735, 0.1237192, 0.7134321
3.045987,-1.151001,0.1383056,0.01123046,-0.2202988,-1.690865,-10.2272, 0.0002529928, -0.6884735, 0.1237192, 0.7134321
3.048869,-1.151001,0.1383056,0.01123046,-0.2202988,-1.690865,-10.2272, 0.0002700593, -0.6885396, 0.1240004, 0.7132377
3.051652,-1.192016,0.1383056,0.05566406,0.1144409,3.206253,-19.73343, 0.0004105335, -0.6887786, 0.1238802, 0.7129307
3.054635,-1.192016,0.1383056,0.05566406,0.1144409,3.206253,-19.73343, 0.0004105335, -0.6887786, 0.1238802, 0.7129307
3.057567,-1.192016,0.1383056,0.05566406,0.1144409,3.206253,-19.73343, 0.0004105335, -0.6887786, 0.1238802, 0.7129307
3.06038,-1.192016,0.1383056,0.05566406,0.1144409,3.206253,-19.73343, 0.0004105335, -0.6887786, 0.1238802, 0.7129307
3.063168,-1.192016,0.1383056,0.05566406,0.1144409,3.206253,-19.73343, 0.0004105335, -0.6887786, 0.1238802, 0.7129307
3.065557,-1.192016,0.1383056,0.05566406,0.1144409,3.206253,-19.73343, 0.0004105335, -0.6887786, 0.1238802, 0.7129307
3.068235,-1.192016,0.1383056,0.05566406,0.1144409,3.206253,-19.73343, 0.0004105335, -0.6887786, 0.1238802, 0.7129307
3.07097,-1.192016,0.1383056,0.05566406,0.1144409,3.206253,-19.73343, 0.0004105335, -0.6887786, 0.1238802, 0.7129307
3.073577,-1.192016,0.1383056,0.05566406,0.1144409,3.206253,-19.73343, 0.0004105335, -0.6887786, 0.1238802, 0.7129307
3.075982,-1.192016,0.1383056,0.05566406,0.1144409,3.206253,-19.73343, 0.0004105335, -0.6887786, 0.1238802, 0.7129307
3.078743,-1.192016,0.1383056,0.05566406,0.1144409,3.206253,-19.73343, 0.0004105335, -0.6887786, 0.1238802, 0.7129307
3.086525,-1.192016,0.1383056,0.05566406,0.1144409,3.206253,-19.73343, 0.0004105335, -0.6887786, 0.1238802, 0.7129307
3.089319,-1.192016,0.1383056,0.05566406,0.1144409,3.206253,-19.73343, 0.0004105335, -0.6887786, 0.1238802, 0.7129307
3.091927,-1.192016,0.1383056,0.05566406,0.1144409,3.206253,-19.73343, 0.0004105335, -0.6887786, 0.1238802, 0.7129307
3.094244,-1.192016,0.1383056,0.05566406,0.1144409,3.206253,-19.73343, 0.0004105335, -0.6887786, 0.1238802, 0.7129307
3.097765,-1.183716,0.1217041,0.05371093,-4.370689,-1.324654,-26.50833, 0.0004507704, -0.6888921, 0.1233849, 0.71277
3.106565,-1.148559,0.08508299,0.03759765,-3.531456,-3.476143,-27.24075, 0.0004970673, -0.6888012, 0.1227767, 0.712805
3.109717,-1.148559,0.08508299,0.03759765,-3.531456,-3.476143,-27.24075, 0.0004970673, -0.6888012, 0.1227767, 0.712805
3.112632,-1.162231,0.1241455,0.06689452,0.1754761,-2.270699,-25.88272, 0.000540603, -0.6887549, 0.1220553, 0.7128248
3.115802,-1.162231,0.1241455,0.06689452,0.1754761,-2.270699,-25.88272, 0.000540603, -0.6887549, 0.1220553, 0.7128248
3.118135,-1.162231,0.1241455,0.06689452,0.1754761,-2.270699,-25.88272, 0.000540603, -0.6887549, 0.1220553, 0.7128248
3.120676,-1.162231,0.1241455,0.06689452,0.1754761,-2.270699,-25.88272, 0.000540603, -0.6887549, 0.1220553, 0.7128248
3.12339,-1.162231,0.1241455,0.06689452,0.1754761,-2.270699,-25.88272, 0.000540603, -0.6887549, 0.1220553, 0.7128248
3.126143,-1.162231,0.1241455,0.06689452,0.1754761,-2.270699,-25.88272, 0.000540603, -0.6887549, 0.1220553, 0.7128248
3.129159,-1.162231,0.1241455,0.06689452,0.1754761,-2.270699,-25.88272, 0.000540603, -0.6887549, 0.1220553, 0.7128248
3.132099,-1.162231,0.1241455,0.06689452,0.1754761,-2.270699,-25.88272, 0.000540603, -0.6887549, 0.1220553, 0.7128248
3.134655,-1.162231,0.1241455,0.06689452,0.1754761,-2.270699,-25.88272, 0.000540603, -0.6887549, 0.1220553, 0.7128248
3.137349,-1.162231,0.1241455,0.06689452,0.1754761,-2.270699,-25.88272, 0.000540603, -0.6887549, 0.1220553, 0.7128248
3.140433,-1.162231,0.1241455,0.06689452,0.1754761,-2.270699,-25.88272, 0.000540603, -0.6887549, 0.1220553, 0.7128248
3.143263,-1.162231,0.1241455,0.06689452,0.1754761,-2.270699,-25.88272, 0.000540603, -0.6887549, 0.1220553, 0.7128248
3.146064,-1.162231,0.1241455,0.06689452,0.1754761,-2.270699,-25.88272, 0.000540603, -0.6887549, 0.1220553, 0.7128248
3.14881,-1.162231,0.1241455,0.06689452,0.1754761,-2.270699,-25.88272, 0.000540603, -0.6887549, 0.1220553, 0.7128248
3.151006,-1.162231,0.1241455,0.06689452,0.1754761,-2.270699,-25.88272, 0.000540603, -0.6887549, 0.1220553, 0.7128248
3.153847,-1.162231,0.1241455,0.06689452,0.1754761,-2.270699,-25.88272, 0.000540603, -0.6887549, 0.1220553, 0.7128248
3.156945,-1.162231,0.1241455,0.06689452,0.1754761,-2.270699,-25.88272, 0.000540603, -0.6887549, 0.1220553, 0.7128248
3.159418,-1.162231,0.1241455,0.06689452,0.1754761,-2.270699,-25.88272, 0.000540603, -0.6887549, 0.1220553, 0.7128248
3.162413,-1.133911,0.07922362,0.05810546,-8.734703,-2.133369,-37.76932, 0.0006970214, -0.6888952, 0.1183228, 0.712781
3.165194,-1.133911,0.07922362,0.05810546,-8.734703,-2.133369,-37.76932, 0.0006970214, -0.6888952, 0.1183228, 0.712781
3.167854,-1.133911,0.07922362,0.05810546,-8.734703,-2.133369,-37.76932, 0.0006970214, -0.6888952, 0.1183228, 0.712781
3.170453,-1.133911,0.07922362,0.05810546,-8.734703,-2.133369,-37.76932, 0.0006970214, -0.6888952, 0.1183228, 0.712781
3.173078,-1.133911,0.07922362,0.05810546,-8.734703,-2.133369,-37.76932, 0.0006970214, -0.6888952, 0.1183228, 0.712781
3.175823,-1.133911,0.07922362,0.05810546,-8.734703,-2.133369,-37.76932, 0.0007579811, -0.6891876, 0.1169561, 0.7125131
3.178675,-1.122192,0.05578613,0.05273437,-5.225182,4.549026,-34.97696, 0.0007579811, -0.6891876, 0.1169561, 0.7125131
3.181453,-1.122192,0.05578613,0.05273437,-5.225182,4.549026,-34.97696, 0.0007579811, -0.6891876, 0.1169561, 0.7125131
3.184137,-1.122192,0.05578613,0.05273437,-5.225182,4.549026,-34.97696, 0.0007579811, -0.6891876, 0.1169561, 0.7125131
3.186359,-1.122192,0.05578613,0.05273437,-5.225182,4.549026,-34.97696, 0.0007579811, -0.6891876, 0.1169561, 0.7125131
3.188946,-1.122192,0.05578613,0.05273437,-5.225182,4.549026,-34.97696, 0.0007579811, -0.6891876, 0.1169561, 0.7125131
3.191473,-1.122192,0.05578613,0.05273437,-5.225182,4.549026,-34.97696, 0.0007579811, -0.6891876, 0.1169561, 0.7125131
3.194337,-1.122192,0.05578613,0.05273437,-5.225182,4.549026,-34.97696, 0.0007579811, -0.6891876, 0.1169561, 0.7125131
3.196764,-1.122192,0.05578613,0.05273437,-5.225182,4.549026,-34.97696, 0.0007579811, -0.6891876, 0.1169561, 0.7125131
3.199465,-1.122192,0.05578613,0.05273437,-5.225182,4.549026,-34.97696, 0.0007579811, -0.6891876, 0.1169561, 0.7125131
3.201766,-1.122192,0.05578613,0.05273437,-5.225182,4.549026,-34.97696, 0.0007579811, -0.6891876, 0.1169561, 0.7125131
3.204577,-1.122192,0.05578613,0.05273437,-5.225182,4.549026,-34.97696, 0.0007579811, -0.6891876, 0.1169561, 0.7125131
3.208962,-1.181274,0.09289549,0.1054687,-3.958702,9.157181,-35.49576, 0.001154839, -0.6898101, 0.115673, 0.7119166
3.218186,-1.181274,0.09289549,0.1054687,-3.958702,9.157181,-35.49576, 0.001154839, -0.6898101, 0.115673, 0.7119166
3.220919,-1.181274,0.09289549,0.1054687,-3.958702,9.157181,-35.49576, 0.001154839, -0.6898101, 0.115673, 0.7119166
3.223666,-1.185181,0.07434081,0.1469726,-8.582115,5.556107,-42.92679, 0.001243657, -0.690466, 0.1139355, 0.7113419
3.226697,-1.134399,0.06750487,0.09033202,-17.066,1.10054,-51.3649, 0.001345737, -0.6909567, 0.1114585, 0.7110052
3.229649,-1.134399,0.06750487,0.09033202,-17.066,1.10054,-51.3649, 0.001345737, -0.6909567, 0.1114585, 0.7110052
3.236353,-1.134399,0.06750487,0.09033202,-17.066,1.10054,-51.3649, 0.001345737, -0.6909567, 0.1114585, 0.7110052
3.239296,-1.134399,0.06750487,0.09033202,-17.066,1.10054,-51.3649, 0.001345737, -0.6909567, 0.1114585, 0.7110052
3.242007,-1.134399,0.06750487,0.09033202,-17.066,1.10054,-51.3649, 0.001345737, -0.6909567, 0.1114585, 0.7110052
3.245183,-1.134399,0.06750487,0.09033202,-17.066,1.10054,-51.3649, 0.001345737, -0.6909567, 0.1114585, 0.7110052
3.248361,-1.134399,0.06750487,0.09033202,-17.066,1.10054,-51.3649, 0.001345737, -0.6909567, 0.1114585, 0.7110052
3.250879,-1.134399,0.06750487,0.09033202,-17.066,1.10054,-51.3649, 0.001345737, -0.6909567, 0.1114585, 0.7110052
3.253408,-1.134399,0.06750487,0.09033202,-17.066,1.10054,-51.3649, 0.001345737, -0.6909567, 0.1114585, 0.7110052
3.256109,-1.134399,0.06750487,0.09033202,-17.066,1.10054,-51.3649, 0.001345737, -0.6909567, 0.1114585, 0.7110052
3.258667,-1.134399,0.06750487,0.09033202,-17.066,1.10054,-51.3649, 0.001345737, -0.6909567, 0.1114585, 0.7110052
3.261226,-1.134399,0.06750487,0.09033202,-17.066,1.10054,-51.3649, 0.001345737, -0.6909567, 0.1114585, 0.7110052
3.263803,-1.134399,0.06750487,0.09033202,-17.066,1.10054,-51.3649, 0.001345737, -0.6909567, 0.1114585, 0.7110052
3.266073,-1.134399,0.06750487,0.09033202,-17.066,1.10054,-51.3649, 0.001345737, -0.6909567, 0.1114585, 0.7110052
3.268661,-1.134399,0.06750487,0.09033202,-17.066,1.10054,-51.3649, 0.001444587, -0.6913043, 0.1081778, 0.7109283
3.271718,-1.082641,0.01574706,0.06152343,-18.69869,1.176834,-51.27335, 0.001444587, -0.6913043, 0.1081778, 0.7109283
3.274641,-1.082641,0.01574706,0.06152343,-18.69869,1.176834,-51.27335, 0.001444587, -0.6913043, 0.1081778, 0.7109283
3.277875,-1.082641,0.01574706,0.06152343,-18.69869,1.176834,-51.27335, 0.001444587, -0.6913043, 0.1081778, 0.7109283
3.280354,-1.082641,0.01574706,0.06152343,-18.69869,1.176834,-51.27335, 0.001444587, -0.6913043, 0.1081778, 0.7109283
3.282886,-1.082641,0.01574706,0.06152343,-18.69869,1.176834,-51.27335, 0.001444587, -0.6913043, 0.1081778, 0.7109283
3.285464,-1.095337,0.01672363,0.05224609,-13.0682,6.89888,-46.55838, 0.001681618, -0.6924822, 0.1035156, 0.7098823
3.288435,-1.133911,0.03088378,0.1020508,-11.11507,10.95772,-46.36002, 0.001681618, -0.6924822, 0.1035156, 0.7098823
3.291168,-1.133911,0.03088378,0.1020508,-11.11507,10.95772,-46.36002, 0.001681618, -0.6924822, 0.1035156, 0.7098823
3.293622,-1.133911,0.03088378,0.1020508,-11.11507,10.95772,-46.36002, 0.001681618, -0.6924822, 0.1035156, 0.7098823
3.295976,-1.133911,0.03088378,0.1020508,-11.11507,10.95772,-46.36002, 0.001681618, -0.6924822, 0.1035156, 0.7098823
3.298509,-1.133911,0.03088378,0.1020508,-11.11507,10.95772,-46.36002, 0.001681618, -0.6924822, 0.1035156, 0.7098823
3.301033,-1.133911,0.03088378,0.1020508,-11.11507,10.95772,-46.36002, 0.001681618, -0.6924822, 0.1035156, 0.7098823
3.303855,-1.133911,0.03088378,0.1020508,-11.11507,10.95772,-46.36002, 0.001681618, -0.6924822, 0.1035156, 0.7098823
3.306758,-1.133911,0.03088378,0.1020508,-11.11507,10.95772,-46.36002, 0.001681618, -0.6924822, 0.1035156, 0.7098823
3.309781,-1.133911,0.03088378,0.1020508,-11.11507,10.95772,-46.36002, 0.001681618, -0.6924822, 0.1035156, 0.7098823
3.312859,-1.133911,0.03088378,0.1020508,-11.11507,10.95772,-46.36002, 0.001681618, -0.6924822, 0.1035156, 0.7098823
3.315884,-1.133911,0.03088378,0.1020508,-11.11507,10.95772,-46.36002, 0.001681618, -0.6924822, 0.1035156, 0.7098823
3.319742,-1.133911,0.03088378,0.1020508,-11.11507,10.95772,-46.36002, 0.001681618, -0.6924822, 0.1035156, 0.7098823
3.328693,-1.133911,0.03088378,0.1020508,-11.11507,10.95772,-46.36002, 0.001681618, -0.6924822, 0.1035156, 0.7098823
3.331987,-1.118774,0.02600097,0.1206055,-15.49435,10.33211,-52.47879, 0.001806422, -0.6934072, 0.1011906, 0.708999
3.334957,-1.088013,0.003540032,0.09277342,-23.68832,6.914139,-56.56815, 0.0019377, -0.6939284, 0.09802768, 0.7086
3.337969,-1.088013,0.003540032,0.09277342,-23.68832,6.914139,-56.56815, 0.0019377, -0.6939284, 0.09802768, 0.7086
3.340627,-1.088013,0.003540032,0.09277342,-23.68832,6.914139,-56.56815, 0.0019377, -0.6939284, 0.09802768, 0.7086
3.343259,-1.088013,0.003540032,0.09277342,-23.68832,6.914139,-56.56815, 0.0019377, -0.6939284, 0.09802768, 0.7086
3.345876,-1.088013,0.003540032,0.09277342,-23.68832,6.914139,-56.56815, 0.0019377, -0.6939284, 0.09802768, 0.7086
3.348764,-1.068481,-0.04528809,0.05322265,-24.89376,6.410599,-53.89786, 0.00205666, -0.6945127, 0.09422763, 0.7082393
3.351981,-1.078735,-0.05212402,0.07421874,-21.50631,9.584427,-51.21231, 0.002182534, -0.6951722, 0.09071561, 0.7077275
3.355029,-1.078735,-0.05212402,0.07421874,-21.50631,9.584427,-51.21231, 0.002182534, -0.6951722, 0.09071561, 0.7077275
3.357476,-1.078735,-0.05212402,0.07421874,-21.50631,9.584427,-51.21231, 0.002182534, -0.6951722, 0.09071561, 0.7077275
3.360052,-1.078735,-0.05212402,0.07421874,-21.50631,9.584427,-51.21231, 0.002182534, -0.6951722, 0.09071561, 0.7077275
3.363101,-1.078735,-0.05212402,0.07421874,-21.50631,9.584427,-51.21231, 0.002182534, -0.6951722, 0.09071561, 0.7077275
3.365906,-1.078735,-0.05212402,0.07421874,-21.50631,9.584427,-51.21231, 0.002182534, -0.6951722, 0.09071561, 0.7077275
3.36854,-1.078735,-0.05212402,0.07421874,-21.50631,9.584427,-51.21231, 0.002182534, -0.6951722, 0.09071561, 0.7077275
3.371294,-1.078735,-0.05212402,0.07421874,-21.50631,9.584427,-51.21231, 0.002182534, -0.6951722, 0.09071561, 0.7077275
3.373702,-1.078735,-0.05212402,0.07421874,-21.50631,9.584427,-51.21231, 0.002182534, -0.6951722, 0.09071561, 0.7077275
3.37619,-1.078735,-0.05212402,0.07421874,-21.50631,9.584427,-51.21231, 0.002182534, -0.6951722, 0.09071561, 0.7077275
3.378914,-1.078735,-0.05212402,0.07421874,-21.50631,9.584427,-51.21231, 0.002182534, -0.6951722, 0.09071561, 0.7077275
3.381568,-1.078735,-0.05212402,0.07421874,-21.50631,9.584427,-51.21231, 0.002182534, -0.6951722, 0.09071561, 0.7077275
3.388494,-1.078735,-0.05212402,0.07421874,-21.50631,9.584427,-51.21231, 0.002182534, -0.6951722, 0.09071561, 0.7077275
3.390948,-1.078735,-0.05212402,0.07421874,-21.50631,9.584427,-51.21231, 0.002182534, -0.6951722, 0.09071561, 0.7077275
3.393363,-1.078735,-0.05212402,0.07421874,-21.50631,9.584427,-51.21231, 0.002182534, -0.6951722, 0.09071561, 0.7077275
3.396279,-1.072876,-0.02380371,0.09228514,-21.41476,12.57515,-54.37088, 0.003256991, -0.6958825, 0.08732889, 0.7071441
3.399313,-1.072876,-0.02380371,0.09228514,-21.41476,12.57515,-54.37088, 0.003256991, -0.6958825, 0.08732889, 0.7071441
3.402071,-1.072876,-0.02380371,0.09228514,-21.41476,12.57515,-54.37088, 0.003256991, -0.6958825, 0.08732889, 0.7071441
3.404614,-1.072876,-0.02380371,0.09228514,-21.41476,12.57515,-54.37088, 0.003256991, -0.6958825, 0.08732889, 0.7071441
3.407373,-1.072876,-0.02380371,0.09228514,-21.41476,12.57515,-54.37088, 0.003256991, -0.6958825, 0.08732889, 0.7071441
3.41044,-1.01477,-0.1009521,0.04345702,-27.60983,9.462357,-62.93106, 0.003647843, -0.6975876, 0.07921667, 0.7056983
3.413549,-1.01477,-0.1009521,0.04345702,-27.60983,9.462357,-62.93106, 0.003647843, -0.6975876, 0.07921667, 0.7056983
3.416173,-1.01477,-0.1009521,0.04345702,-27.60983,9.462357,-62.93106, 0.003647843, -0.6975876, 0.07921667, 0.7056983
3.418772,-1.01477,-0.1009521,0.04345702,-27.60983,9.462357,-62.93106, 0.003647843, -0.6975876, 0.07921667, 0.7056983
3.422422,-1.01477,-0.1009521,0.04345702,-27.60983,9.462357,-62.93106, 0.003647843, -0.6975876, 0.07921667, 0.7056983
3.430894,-1.01477,-0.1009521,0.04345702,-27.60983,9.462357,-62.93106, 0.003647843, -0.6975876, 0.07921667, 0.7056983
3.433683,-1.01477,-0.1009521,0.04345702,-27.60983,9.462357,-62.93106, 0.003647843, -0.6975876, 0.07921667, 0.7056983
3.436132,-1.01477,-0.1009521,0.04345702,-27.60983,9.462357,-62.93106, 0.003647843, -0.6975876, 0.07921667, 0.7056983
3.438695,-1.01477,-0.1009521,0.04345702,-27.60983,9.462357,-62.93106, 0.003647843, -0.6975876, 0.07921667, 0.7056983
3.44186,-1.01477,-0.1009521,0.04345702,-27.60983,9.462357,-62.93106, 0.003647843, -0.6975876, 0.07921667, 0.7056983
3.445343,-1.01477,-0.1009521,0.04345702,-27.60983,9.462357,-62.93106, 0.003647843, -0.6975876, 0.07921667, 0.7056983
3.44795,-1.01477,-0.1009521,0.04345702,-27.60983,9.462357,-62.93106, 0.003647843, -0.6975876, 0.07921667, 0.7056983
3.450201,-1.01477,-0.1009521,0.04345702,-27.60983,9.462357,-62.93106, 0.003647843, -0.6975876, 0.07921667, 0.7056983
3.452678,-1.01477,-0.1009521,0.04345702,-27.60983,9.462357,-62.93106, 0.003647843, -0.6975876, 0.07921667, 0.7056983
3.454995,-1.01477,-0.1009521,0.04345702,-27.60983,9.462357,-62.93106, 0.003647843, -0.6975876, 0.07921667, 0.7056983
3.457832,-1.046997,-0.09655761,0.0854492,-27.41146,4.808426,-54.56924, 0.00423289, -0.699092, 0.06665507, 0.7044122
3.460962,-1.052856,-0.09997558,0.07031249,-34.12533,4.487991,-58.17032, 0.00423289, -0.699092, 0.06665507, 0.7044122
3.463607,-1.052856,-0.09997558,0.07031249,-34.12533,4.487991,-58.17032, 0.00423289, -0.699092, 0.06665507, 0.7044122
3.46615,-1.052856,-0.09997558,0.07031249,-34.12533,4.487991,-58.17032, 0.00423289, -0.699092, 0.06665507, 0.7044122
3.468378,-1.052856,-0.09997558,0.07031249,-34.12533,4.487991,-58.17032, 0.00423289, -0.699092, 0.06665507, 0.7044122
3.471424,-0.9796141,-0.1317139,0.03613281,-38.29098,8.958817,-67.66129, 0.004426163, -0.6998284, 0.06163908, 0.7037712
3.474989,-0.9796141,-0.1317139,0.03613281,-38.29098,8.958817,-67.66129, 0.004426163, -0.6998284, 0.06163908, 0.7037712
3.47796,-0.9796141,-0.1317139,0.03613281,-38.29098,8.958817,-67.66129, 0.004426163, -0.6998284, 0.06163908, 0.7037712
3.480445,-0.9796141,-0.1317139,0.03613281,-38.29098,8.958817,-67.66129, 0.004426163, -0.6998284, 0.06163908, 0.7037712
3.48311,-0.9796141,-0.1317139,0.03613281,-38.29098,8.958817,-67.66129, 0.004426163, -0.6998284, 0.06163908, 0.7037712
3.485886,-0.9796141,-0.1317139,0.03613281,-38.29098,8.958817,-67.66129, 0.004426163, -0.6998284, 0.06163908, 0.7037712
3.488576,-0.9796141,-0.1317139,0.03613281,-38.29098,8.958817,-67.66129, 0.004426163, -0.6998284, 0.06163908, 0.7037712
3.490991,-0.9796141,-0.1317139,0.03613281,-38.29098,8.958817,-67.66129, 0.004426163, -0.6998284, 0.06163908, 0.7037712
3.493395,-0.9796141,-0.1317139,0.03613281,-38.29098,8.958817,-67.66129, 0.004426163, -0.6998284, 0.06163908, 0.7037712
3.495724,-0.9796141,-0.1317139,0.03613281,-38.29098,8.958817,-67.66129, 0.004426163, -0.6998284, 0.06163908, 0.7037712
3.497953,-0.9796141,-0.1317139,0.03613281,-38.29098,8.958817,-67.66129, 0.004426163, -0.6998284, 0.06163908, 0.7037712
3.500159,-0.9796141,-0.1317139,0.03613281,-38.29098,8.958817,-67.66129, 0.004426163, -0.6998284, 0.06163908, 0.7037712
3.502712,-0.9796141,-0.1317139,0.03613281,-38.29098,8.958817,-67.66129, 0.004426163, -0.6998284, 0.06163908, 0.7037712
3.505488,-0.9796141,-0.1317139,0.03613281,-38.29098,8.958817,-67.66129, 0.004426163, -0.6998284, 0.06163908, 0.7037712
3.508133,-0.9796141,-0.1317139,0.03613281,-38.29098,8.958817,-67.66129, 0.004426163, -0.6998284, 0.06163908, 0.7037712
3.510818,-0.9796141,-0.1317139,0.03613281,-38.29098,8.958817,-67.66129, 0.004426163, -0.6998284, 0.06163908, 0.7037712
3.513613,-0.9796141,-0.1317139,0.03613281,-38.29098,8.958817,-67.66129, 0.004426163, -0.6998284, 0.06163908, 0.7037712
3.516403,-0.9796141,-0.1317139,0.03613281,-38.29098,8.958817,-67.66129, 0.004426163, -0.6998284, 0.06163908, 0.7037712
3.519223,-0.9683837,-0.1956787,-0.0009765625,-28.63216,18.58711,-58.79593, 0.00482144, -0.702612, 0.05083041, 0.7011001
3.522152,-0.9683837,-0.1956787,-0.0009765625,-28.63216,18.58711,-58.79593, 0.00482144, -0.702612, 0.05083041, 0.7011001
3.525891,-0.9683837,-0.1956787,-0.0009765625,-28.63216,18.58711,-58.79593, 0.00482144, -0.702612, 0.05083041, 0.7011001
3.53476,-1.014282,-0.1561279,0.05078124,-26.12972,20.70808,-57.621, 0.005029636, -0.7039727, 0.04662885, 0.6996222
3.542311,-1.014282,-0.1561279,0.05078124,-26.12972,20.70808,-57.621, 0.005029636, -0.7039727, 0.04662885, 0.6996222
3.545628,-1.014282,-0.1561279,0.05078124,-26.12972,20.70808,-57.621, 0.005029636, -0.7039727, 0.04662885, 0.6996222
3.548153,-1.014282,-0.1561279,0.05078124,-26.12972,20.70808,-57.621, 0.005029636, -0.7039727, 0.04662885, 0.6996222
3.550914,-1.014282,-0.1561279,0.05078124,-26.12972,20.70808,-57.621, 0.005029636, -0.7039727, 0.04662885, 0.6996222
3.553476,-1.014282,-0.1561279,0.05078124,-26.12972,20.70808,-57.621, 0.005029636, -0.7039727, 0.04662885, 0.6996222
3.556073,-1.014282,-0.1561279,0.05078124,-26.12972,20.70808,-57.621, 0.005029636, -0.7039727, 0.04662885, 0.6996222
3.558635,-1.014282,-0.1561279,0.05078124,-26.12972,20.70808,-57.621, 0.005029636, -0.7039727, 0.04662885, 0.6996222
3.561271,-1.014282,-0.1561279,0.05078124,-26.12972,20.70808,-57.621, 0.005029636, -0.7039727, 0.04662885, 0.6996222
3.563948,-1.014282,-0.1561279,0.05078124,-26.12972,20.70808,-57.621, 0.005029636, -0.7039727, 0.04662885, 0.6996222
3.566604,-1.014282,-0.1561279,0.05078124,-26.12972,20.70808,-57.621, 0.005029636, -0.7039727, 0.04662885, 0.6996222
3.569215,-1.014282,-0.1561279,0.05078124,-26.12972,20.70808,-57.621, 0.005029636, -0.7039727, 0.04662885, 0.6996222
3.571895,-1.014282,-0.1561279,0.05078124,-26.12972,20.70808,-57.621, 0.005029636, -0.7039727, 0.04662885, 0.6996222
3.575021,-1.014282,-0.1561279,0.05078124,-26.12972,20.70808,-57.621, 0.005029636, -0.7039727, 0.04662885, 0.6996222
3.578091,-1.014282,-0.1561279,0.05078124,-26.12972,20.70808,-57.621, 0.005029636, -0.7039727, 0.04662885, 0.6996222
3.580989,-0.9937743,-0.1800537,0.07080077,-32.67574,15.41328,-63.48038, 0.005471861, -0.7059534, 0.03640541, 0.6973628
3.584038,-0.8843993,-0.2796631,-0.0234375,-39.78634,9.843826,-63.63297, 0.005679285, -0.7070276, 0.03009291, 0.6961626
3.586789,-0.8843993,-0.2796631,-0.0234375,-39.78634,9.843826,-63.63297, 0.005679285, -0.7070276, 0.03009291, 0.6961626
3.58964,-0.8843993,-0.2796631,-0.0234375,-39.78634,9.843826,-63.63297, 0.005679285, -0.7070276, 0.03009291, 0.6961626
3.592206,-0.8843993,-0.2796631,-0.0234375,-39.78634,9.843826,-63.63297, 0.005679285, -0.7070276, 0.03009291, 0.6961626
3.594587,-0.8843993,-0.2796631,-0.0234375,-39.78634,9.843826,-63.63297, 0.005858421, -0.708364, 0.02465367, 0.694658
3.597776,-0.9190673,-0.2557373,-0.02587891,-35.11715,16.60347,-56.75125, 0.005858421, -0.708364, 0.02465367, 0.694658
3.601107,-0.9190673,-0.2557373,-0.02587891,-35.11715,16.60347,-56.75125, 0.005858421, -0.708364, 0.02465367, 0.694658
3.60394,-0.9190673,-0.2557373,-0.02587891,-35.11715,16.60347,-56.75125, 0.005858421, -0.708364, 0.02465367, 0.694658
3.606465,-0.9190673,-0.2557373,-0.02587891,-35.11715,16.60347,-56.75125, 0.005858421, -0.708364, 0.02465367, 0.694658
3.608984,-0.9190673,-0.2557373,-0.02587891,-35.11715,16.60347,-56.75125, 0.005858421, -0.708364, 0.02465367, 0.694658
3.612085,-0.9190673,-0.2557373,-0.02587891,-35.11715,16.60347,-56.75125, 0.005858421, -0.708364, 0.02465367, 0.694658
3.61488,-0.9190673,-0.2557373,-0.02587891,-35.11715,16.60347,-56.75125, 0.005858421, -0.708364, 0.02465367, 0.694658
3.61726,-0.9190673,-0.2557373,-0.02587891,-35.11715,16.60347,-56.75125, 0.005858421, -0.708364, 0.02465367, 0.694658
3.619648,-0.9190673,-0.2557373,-0.02587891,-35.11715,16.60347,-56.75125, 0.005858421, -0.708364, 0.02465367, 0.694658
3.622504,-0.9190673,-0.2557373,-0.02587891,-35.11715,16.60347,-56.75125, 0.005858421, -0.708364, 0.02465367, 0.694658
3.625579,-0.9190673,-0.2557373,-0.02587891,-35.11715,16.60347,-56.75125, 0.005858421, -0.708364, 0.02465367, 0.694658
3.628467,-0.9190673,-0.2557373,-0.02587891,-35.11715,16.60347,-56.75125, 0.005858421, -0.708364, 0.02465367, 0.694658
3.631756,-0.9190673,-0.2557373,-0.02587891,-35.11715,16.60347,-56.75125, 0.005858421, -0.708364, 0.02465367, 0.694658
3.640811,-0.9190673,-0.2557373,-0.02587891,-35.11715,16.60347,-56.75125, 0.005858421, -0.708364, 0.02465367, 0.694658
3.6445,-0.9019774,-0.2821045,0.001953118,-38.19942,18.92281,-66.65421, 0.008829174, -0.7111884, 0.0140724, 0.6912813
3.64768,-0.8756102,-0.3280029,-0.05371094,-43.58578,12.89558,-69.32449, 0.009145624, -0.7125232, 0.007810532, 0.689545
3.650733,-0.8756102,-0.3280029,-0.05371094,-43.58578,12.89558,-69.32449, 0.009145624, -0.7125232, 0.007810532, 0.689545
3.653003,-0.8756102,-0.3280029,-0.05371094,-43.58578,12.89558,-69.32449, 0.009145624, -0.7125232, 0.007810532, 0.689545
3.656024,-0.8756102,-0.3280029,-0.05371094,-43.58578,12.89558,-69.32449, 0.009145624, -0.7125232, 0.007810532, 0.689545
3.659115,-0.8756102,-0.3280029,-0.05371094,-43.58578,12.89558,-69.32449, 0.009145624, -0.7125232, 0.007810532, 0.689545
3.661803,-0.8756102,-0.3280029,-0.05371094,-43.58578,12.89558,-69.32449, 0.009145624, -0.7125232, 0.007810532, 0.689545
3.664642,-0.8756102,-0.3280029,-0.05371094,-43.58578,12.89558,-69.32449, 0.009145624, -0.7125232, 0.007810532, 0.689545
3.667379,-0.8756102,-0.3280029,-0.05371094,-43.58578,12.89558,-69.32449, 0.009145624, -0.7125232, 0.007810532, 0.689545
3.669779,-0.8756102,-0.3280029,-0.05371094,-43.58578,12.89558,-69.32449, 0.009145624, -0.7125232, 0.007810532, 0.689545
3.672884,-0.8756102,-0.3280029,-0.05371094,-43.58578,12.89558,-69.32449, 0.009145624, -0.7125232, 0.007810532, 0.689545
3.675627,-0.8756102,-0.3280029,-0.05371094,-43.58578,12.89558,-69.32449, 0.009145624, -0.7125232, 0.007810532, 0.689545
3.678792,-0.8756102,-0.3280029,-0.05371094,-43.58578,12.89558,-69.32449, 0.009145624, -0.7125232, 0.007810532, 0.689545
3.681528,-0.8756102,-0.3280029,-0.05371094,-43.58578,12.89558,-69.32449, 0.009145624, -0.7125232, 0.007810532, 0.689545
3.684404,-0.8756102,-0.3280029,-0.05371094,-43.58578,12.89558,-69.32449, 0.009145624, -0.7125232, 0.007810532, 0.689545
3.686715,-0.8756102,-0.3280029,-0.05371094,-43.58578,12.89558,-69.32449, 0.009145624, -0.7125232, 0.007810532, 0.689545
3.693728,-0.8975829,-0.3226318,-0.06005859,-40.44247,19.2585,-60.03189, 0.009714647, -0.7153755, -0.004053653, 0.6857792
3.696489,-0.8975829,-0.3226318,-0.06005859,-40.44247,19.2585,-60.03189, 0.009714647, -0.7153755, -0.004053653, 0.6857792
3.698957,-0.8975829,-0.3226318,-0.06005859,-40.44247,19.2585,-60.03189, 0.009714647, -0.7153755, -0.004053653, 0.6857792
3.70125,-0.8975829,-0.3226318,-0.06005859,-40.44247,19.2585,-60.03189, 0.009714647, -0.7153755, -0.004053653, 0.6857792
3.703786,-0.8975829,-0.3226318,-0.06005859,-40.44247,19.2585,-60.03189, 0.009714647, -0.7153755, -0.004053653, 0.6857792
3.706578,-0.9127196,-0.3548584,-0.05175781,-41.96835,24.84322,-63.20572, 0.009965863, -0.7171142, -0.009811501, 0.6835276
3.709583,-0.9127196,-0.3548584,-0.05175781,-41.96835,24.84322,-63.20572, 0.009965863, -0.7171142, -0.009811501, 0.6835276
3.712209,-0.9127196,-0.3548584,-0.05175781,-41.96835,24.84322,-63.20572, 0.009965863, -0.7171142, -0.009811501, 0.6835276
3.714811,-0.9127196,-0.3548584,-0.05175781,-41.96835,24.84322,-63.20572, 0.009965863, -0.7171142, -0.009811501, 0.6835276
3.717062,-0.9127196,-0.3548584,-0.05175781,-41.96835,24.84322,-63.20572, 0.009965863, -0.7171142, -0.009811501, 0.6835276
3.719401,-0.9127196,-0.3548584,-0.05175781,-41.96835,24.84322,-63.20572, 0.009965863, -0.7171142, -0.009811501, 0.6835276
3.722366,-0.8389891,-0.3699951,-0.07177734,-43.58578,24.2939,-70.59097, 0.01026462, -0.7189365, -0.0162508, 0.6810375
3.725163,-0.8389891,-0.3699951,-0.07177734,-43.58578,24.2939,-70.59097, 0.01026462, -0.7189365, -0.0162508, 0.6810375
3.72792,-0.8389891,-0.3699951,-0.07177734,-43.58578,24.2939,-70.59097, 0.01026462, -0.7189365, -0.0162508, 0.6810375
3.730377,-0.8389891,-0.3699951,-0.07177734,-43.58578,24.2939,-70.59097, 0.01026462, -0.7189365, -0.0162508, 0.6810375
3.732599,-0.8389891,-0.3699951,-0.07177734,-43.58578,24.2939,-70.59097, 0.01026462, -0.7189365, -0.0162508, 0.6810375
3.73489,-0.8389891,-0.3699951,-0.07177734,-43.58578,24.2939,-70.59097, 0.01026462, -0.7189365, -0.0162508, 0.6810375
3.738627,-0.8389891,-0.3699951,-0.07177734,-43.58578,24.2939,-70.59097, 0.01026462, -0.7189365, -0.0162508, 0.6810375
3.747701,-0.8389891,-0.3699951,-0.07177734,-43.58578,24.2939,-70.59097, 0.01026462, -0.7189365, -0.0162508, 0.6810375
3.750292,-0.8389891,-0.3699951,-0.07177734,-43.58578,24.2939,-70.59097, 0.01026462, -0.7189365, -0.0162508, 0.6810375
3.753054,-0.8087157,-0.3895263,-0.125,-45.93563,20.60127,-67.96646, 0.01060519, -0.7208461, -0.02259446, 0.6783158
3.756404,-0.8087157,-0.3895263,-0.125,-45.93563,20.60127,-67.96646, 0.01060519, -0.7208461, -0.02259446, 0.6783158
3.759352,-0.8087157,-0.3895263,-0.125,-45.93563,20.60127,-67.96646, 0.01060519, -0.7208461, -0.02259446, 0.6783158
3.761995,-0.8087157,-0.3895263,-0.125,-45.93563,20.60127,-67.96646, 0.01060519, -0.7208461, -0.02259446, 0.6783158
3.765088,-0.8087157,-0.3895263,-0.125,-45.93563,20.60127,-67.96646, 0.01060519, -0.7208461, -0.02259446, 0.6783158
3.76802,-0.8087157,-0.3895263,-0.125,-45.93563,20.60127,-67.96646, 0.01088959, -0.7227746, -0.02869347, 0.6755912
3.771698,-0.8966063,-0.4031982,-0.1235351,-39.77108,20.00618,-59.94034, 0.01116246, -0.7245844, -0.0342887, 0.6729639
3.775671,-0.8966063,-0.4031982,-0.1235351,-39.77108,20.00618,-59.94034, 0.01116246, -0.7245844, -0.0342887, 0.6729639
3.779333,-0.8966063,-0.4031982,-0.1235351,-39.77108,20.00618,-59.94034, 0.01116246, -0.7245844, -0.0342887, 0.6729639
3.782994,-0.8966063,-0.4031982,-0.1235351,-39.77108,20.00618,-59.94034, 0.01116246, -0.7245844, -0.0342887, 0.6729639
3.786208,-0.8966063,-0.4031982,-0.1235351,-39.77108,20.00618,-59.94034, 0.01116246, -0.7245844, -0.0342887, 0.6729639
3.789223,-0.8966063,-0.4031982,-0.1235351,-39.77108,20.00618,-59.94034, 0.01116246, -0.7245844, -0.0342887, 0.6729639
3.792617,-0.8966063,-0.4031982,-0.1235351,-39.77108,20.00618,-59.94034, 0.01116246, -0.7245844, -0.0342887, 0.6729639
3.795762,-0.8966063,-0.4031982,-0.1235351,-39.77108,20.00618,-59.94034, 0.01116246, -0.7245844, -0.0342887, 0.6729639
3.798813,-0.8966063,-0.4031982,-0.1235351,-39.77108,20.00618,-59.94034, 0.01116246, -0.7245844, -0.0342887, 0.6729639
3.802033,-0.8966063,-0.4031982,-0.1235351,-39.77108,20.00618,-59.94034, 0.01116246, -0.7245844, -0.0342887, 0.6729639
3.805198,-0.8966063,-0.4031982,-0.1235351,-39.77108,20.00618,-59.94034, 0.01116246, -0.7245844, -0.0342887, 0.6729639
3.808839,-0.8966063,-0.4031982,-0.1235351,-39.77108,20.00618,-59.94034, 0.01116246, -0.7245844, -0.0342887, 0.6729639
3.811708,-0.8966063,-0.4031982,-0.1235351,-39.77108,20.00618,-59.94034, 0.01116246, -0.7245844, -0.0342887, 0.6729639
3.814542,-0.8966063,-0.4031982,-0.1235351,-39.77108,20.00618,-59.94034, 0.01116246, -0.7245844, -0.0342887, 0.6729639
3.817489,-0.864868,-0.4173583,-0.1079101,-41.48006,13.35335,-68.16483, 0.01148023, -0.725974, -0.04025588, 0.6706342
3.820593,-0.8062743,-0.4442138,-0.159668,-49.47567,4.549026,-75.41275, 0.01181857, -0.7270308, -0.04730659, 0.6684901
3.823583,-0.8062743,-0.4442138,-0.159668,-49.47567,4.549026,-75.41275, 0.01181857, -0.7270308, -0.04730659, 0.6684901
3.826471,-0.8062743,-0.4442138,-0.159668,-49.47567,4.549026,-75.41275, 0.01181857, -0.7270308, -0.04730659, 0.6684901
3.829098,-0.8062743,-0.4442138,-0.159668,-49.47567,4.549026,-75.41275, 0.01181857, -0.7270308, -0.04730659, 0.6684901
3.831623,-0.8062743,-0.4442138,-0.159668,-49.47567,4.549026,-75.41275, 0.01209889, -0.7278441, -0.05435139, 0.6666187
3.834546,-0.750122,-0.4300537,-0.2080078,-49.91817,0.03242493,-71.03348, 0.01209889, -0.7278441, -0.05435139, 0.6666187
3.837537,-0.750122,-0.4300537,-0.2080078,-49.91817,0.03242493,-71.03348, 0.01209889, -0.7278441, -0.05435139, 0.6666187
3.84576,-0.750122,-0.4300537,-0.2080078,-49.91817,0.03242493,-71.03348, 0.01209889, -0.7278441, -0.05435139, 0.6666187
3.855428,-0.750122,-0.4300537,-0.2080078,-49.91817,0.03242493,-71.03348, 0.01209889, -0.7278441, -0.05435139, 0.6666187
3.858736,-0.750122,-0.4300537,-0.2080078,-49.91817,0.03242493,-71.03348, 0.01209889, -0.7278441, -0.05435139, 0.6666187
3.861615,-0.750122,-0.4300537,-0.2080078,-49.91817,0.03242493,-71.03348, 0.01209889, -0.7278441, -0.05435139, 0.6666187
3.864744,-0.750122,-0.4300537,-0.2080078,-49.91817,0.03242493,-71.03348, 0.01209889, -0.7278441, -0.05435139, 0.6666187
3.867841,-0.750122,-0.4300537,-0.2080078,-49.91817,0.03242493,-71.03348, 0.01209889, -0.7278441, -0.05435139, 0.6666187
3.870768,-0.750122,-0.4300537,-0.2080078,-49.91817,0.03242493,-71.03348, 0.01209889, -0.7278441, -0.05435139, 0.6666187
3.873811,-0.750122,-0.4300537,-0.2080078,-49.91817,0.03242493,-71.03348, 0.01209889, -0.7278441, -0.05435139, 0.6666187
3.877497,-0.750122,-0.4300537,-0.2080078,-49.91817,0.03242493,-71.03348, 0.01233199, -0.7287831, -0.06092397, 0.6646457
3.881017,-0.7916259,-0.4876708,-0.1767578,-44.33346,1.344681,-66.04385, 0.0129639, -0.7303662, -0.07429881, 0.6605028
3.884592,-0.7418212,-0.4847412,-0.2065429,-46.94271,-2.011299,-71.79642, 0.0129639, -0.7303662, -0.07429881, 0.6605028
3.887995,-0.7418212,-0.4847412,-0.2065429,-46.94271,-2.011299,-71.79642, 0.0129639, -0.7303662, -0.07429881, 0.6605028
3.891616,-0.7418212,-0.4847412,-0.2065429,-46.94271,-2.011299,-71.79642, 0.0129639, -0.7303662, -0.07429881, 0.6605028
3.894835,-0.6993408,-0.5003662,-0.265625,-48.77377,-0.5464554,-70.43839, 0.01319198, -0.7307715, -0.08126378, 0.6588538
3.898083,-0.6993408,-0.5003662,-0.265625,-48.77377,-0.5464554,-70.43839, 0.01319198, -0.7307715, -0.08126378, 0.6588538
3.900986,-0.6993408,-0.5003662,-0.265625,-48.77377,-0.5464554,-70.43839, 0.01319198, -0.7307715, -0.08126378, 0.6588538
3.904031,-0.6993408,-0.5003662,-0.265625,-48.77377,-0.5464554,-70.43839, 0.01319198, -0.7307715, -0.08126378, 0.6588538
3.907084,-0.6993408,-0.5003662,-0.265625,-48.77377,-0.5464554,-70.43839, 0.01319198, -0.7307715, -0.08126378, 0.6588538
3.910484,-0.6993408,-0.5003662,-0.265625,-48.77377,-0.5464554,-70.43839, 0.01319198, -0.7307715, -0.08126378, 0.6588538
3.913737,-0.6993408,-0.5003662,-0.265625,-48.77377,-0.5464554,-70.43839, 0.01319198, -0.7307715, -0.08126378, 0.6588538
3.917002,-0.6993408,-0.5003662,-0.265625,-48.77377,-0.5464554,-70.43839, 0.01319198, -0.7307715, -0.08126378, 0.6588538
3.9197,-0.6993408,-0.5003662,-0.265625,-48.77377,-0.5464554,-70.43839, 0.01319198, -0.7307715, -0.08126378, 0.6588538
3.922695,-0.6993408,-0.5003662,-0.265625,-48.77377,-0.5464554,-70.43839, 0.01319198, -0.7307715, -0.08126378, 0.6588538
3.925291,-0.6993408,-0.5003662,-0.265625,-48.77377,-0.5464554,-70.43839, 0.01319198, -0.7307715, -0.08126378, 0.6588538
3.928007,-0.6993408,-0.5003662,-0.265625,-48.77377,-0.5464554,-70.43839, 0.01319198, -0.7307715, -0.08126378, 0.6588538
3.930511,-0.6993408,-0.5003662,-0.265625,-48.77377,-0.5464554,-70.43839, 0.01319198, -0.7307715, -0.08126378, 0.6588538
3.932923,-0.6993408,-0.5003662,-0.265625,-48.77377,-0.5464554,-70.43839, 0.01319198, -0.7307715, -0.08126378, 0.6588538
3.935316,-0.6993408,-0.5003662,-0.265625,-48.77377,-0.5464554,-70.43839, 0.01319198, -0.7307715, -0.08126378, 0.6588538
3.937819,-0.6993408,-0.5003662,-0.265625,-48.77377,-0.5464554,-70.43839, 0.01319198, -0.7307715, -0.08126378, 0.6588538
3.940242,-0.6993408,-0.5003662,-0.265625,-48.77377,-0.5464554,-70.43839, 0.01319198, -0.7307715, -0.08126378, 0.6588538
3.943058,-0.703247,-0.4837646,-0.2675781,-44.88277,8.256912,-61.52725, 0.01354813, -0.7323822, -0.0927408, 0.6549419
3.946427,-0.7823485,-0.5477294,-0.1645508,-45.43209,8.378983,-69.2482, 0.01386866, -0.7333429, -0.09919997, 0.6523713
3.949934,-0.7823485,-0.5477294,-0.1645508,-45.43209,8.378983,-69.2482, 0.01386866, -0.7333429, -0.09919997, 0.6523713
3.953529,-0.7823485,-0.5477294,-0.1645508,-45.43209,8.378983,-69.2482, 0.01386866, -0.7333429, -0.09919997, 0.6523713
3.962281,-0.7823485,-0.5477294,-0.1645508,-45.43209,8.378983,-69.2482, 0.01386866, -0.7333429, -0.09919997, 0.6523713
3.965672,-0.7823485,-0.5477294,-0.1645508,-45.43209,8.378983,-69.2482, 0.01386866, -0.7333429, -0.09919997, 0.6523713
3.968502,-0.7823485,-0.5477294,-0.1645508,-45.43209,8.378983,-69.2482, 0.01386866, -0.7333429, -0.09919997, 0.6523713
3.971801,-0.7823485,-0.5477294,-0.1645508,-45.43209,8.378983,-69.2482, 0.01386866, -0.7333429, -0.09919997, 0.6523713
3.975059,-0.7823485,-0.5477294,-0.1645508,-45.43209,8.378983,-69.2482, 0.01386866, -0.7333429, -0.09919997, 0.6523713
3.977733,-0.7823485,-0.5477294,-0.1645508,-45.43209,8.378983,-69.2482, 0.01386866, -0.7333429, -0.09919997, 0.6523713
3.980516,-0.7823485,-0.5477294,-0.1645508,-45.43209,8.378983,-69.2482, 0.01386866, -0.7333429, -0.09919997, 0.6523713
3.983013,-0.7823485,-0.5477294,-0.1645508,-45.43209,8.378983,-69.2482, 0.01386866, -0.7333429, -0.09919997, 0.6523713
3.98569,-0.7823485,-0.5477294,-0.1645508,-45.43209,8.378983,-69.2482, 0.01386866, -0.7333429, -0.09919997, 0.6523713
3.98828,-0.7286376,-0.5682372,-0.2246093,-54.95358,-2.621651,-80.26505, 0.01420506, -0.7338992, -0.1069043, 0.6499467
3.99574,-0.7286376,-0.5682372,-0.2246093,-54.95358,-2.621651,-80.26505, 0.01420506, -0.7338992, -0.1069043, 0.6499467
3.99862,-0.7286376,-0.5682372,-0.2246093,-54.95358,-2.621651,-80.26505, 0.01420506, -0.7338992, -0.1069043, 0.6499467
4.001318,-0.7286376,-0.5682372,-0.2246093,-54.95358,-2.621651,-80.26505, 0.01420506, -0.7338992, -0.1069043, 0.6499467
4.004379,-0.5933837,-0.5379638,-0.3740234,-52.17648,-0.3328323,-70.65201, 0.01463704, -0.734437, -0.1220497, 0.6459081
4.00752,-0.5933837,-0.5379638,-0.3740234,-52.17648,-0.3328323,-70.65201, 0.01463704, -0.734437, -0.1220497, 0.6459081
4.010514,-0.5933837,-0.5379638,-0.3740234,-52.17648,-0.3328323,-70.65201, 0.01463704, -0.734437, -0.1220497, 0.6459081
4.013543,-0.5933837,-0.5379638,-0.3740234,-52.17648,-0.3328323,-70.65201, 0.01463704, -0.734437, -0.1220497, 0.6459081
4.016031,-0.5933837,-0.5379638,-0.3740234,-52.17648,-0.3328323,-70.65201, 0.01463704, -0.734437, -0.1220497, 0.6459081
4.018623,-0.6275634,-0.567749,-0.3237304,-43.89095,10.88142,-64.3959, 0.01483806, -0.7350593, -0.1278659, 0.6437171
4.021723,-0.6275634,-0.567749,-0.3237304,-43.89095,10.88142,-64.3959, 0.01483806, -0.7350593, -0.1278659, 0.6437171
4.024243,-0.6275634,-0.567749,-0.3237304,-43.89095,10.88142,-64.3959, 0.01483806, -0.7350593, -0.1278659, 0.6437171
4.026721,-0.6275634,-0.567749,-0.3237304,-43.89095,10.88142,-64.3959, 0.01483806, -0.7350593, -0.1278659, 0.6437171
4.029006,-0.6275634,-0.567749,-0.3237304,-43.89095,10.88142,-64.3959, 0.01483806, -0.7350593, -0.1278659, 0.6437171
4.031615,-0.6275634,-0.567749,-0.3237304,-43.89095,10.88142,-64.3959, 0.01483806, -0.7350593, -0.1278659, 0.6437171
4.03399,-0.6275634,-0.567749,-0.3237304,-43.89095,10.88142,-64.3959, 0.01483806, -0.7350593, -0.1278659, 0.6437171
4.036539,-0.6275634,-0.567749,-0.3237304,-43.89095,10.88142,-64.3959, 0.01483806, -0.7350593, -0.1278659, 0.6437171
4.039013,-0.6275634,-0.567749,-0.3237304,-43.89095,10.88142,-64.3959, 0.01483806, -0.7350593, -0.1278659, 0.6437171
4.041763,-0.6275634,-0.567749,-0.3237304,-43.89095,10.88142,-64.3959, 0.01483806, -0.7350593, -0.1278659, 0.6437171
4.044384,-0.6275634,-0.567749,-0.3237304,-43.89095,10.88142,-64.3959, 0.01483806, -0.7350593, -0.1278659, 0.6437171
4.046784,-0.6275634,-0.567749,-0.3237304,-43.89095,10.88142,-64.3959, 0.01483806, -0.7350593, -0.1278659, 0.6437171
4.049306,-0.6275634,-0.567749,-0.3237304,-43.89095,10.88142,-64.3959, 0.01483806, -0.7350593, -0.1278659, 0.6437171
4.052071,-0.6300048,-0.6068115,-0.2719726,-43.64681,14.26888,-67.55447, 0.01520725, -0.7363692, -0.13455, 0.6401907
4.055869,-0.6300048,-0.6068115,-0.2719726,-43.64681,14.26888,-67.55447, 0.01520725, -0.7363692, -0.13455, 0.6401907
4.064623,-0.6300048,-0.6068115,-0.2719726,-43.64681,14.26888,-67.55447, 0.01520725, -0.7363692, -0.13455, 0.6401907
4.067635,-0.5733642,-0.5672607,-0.3701172,-53.48873,12.65144,-67.81387, 0.01563323, -0.7378339, -0.1468679, 0.6350064
4.070705,-0.5733642,-0.5672607,-0.3701172,-53.48873,12.65144,-67.81387, 0.01563323, -0.7378339, -0.1468679, 0.6350064
4.073307,-0.5733642,-0.5672607,-0.3701172,-53.48873,12.65144,-67.81387, 0.01563323, -0.7378339, -0.1468679, 0.6350064
4.075849,-0.5733642,-0.5672607,-0.3701172,-53.48873,12.65144,-67.81387, 0.01563323, -0.7378339, -0.1468679, 0.6350064
4.078416,-0.5733642,-0.5672607,-0.3701172,-53.48873,12.65144,-67.81387, 0.01563323, -0.7378339, -0.1468679, 0.6350064
4.081181,-0.5733642,-0.5672607,-0.3701172,-53.48873,12.65144,-67.81387, 0.01563323, -0.7378339, -0.1468679, 0.6350064
4.083955,-0.5733642,-0.5672607,-0.3701172,-53.48873,12.65144,-67.81387, 0.01563323, -0.7378339, -0.1468679, 0.6350064
4.086635,-0.5733642,-0.5672607,-0.3701172,-53.48873,12.65144,-67.81387, 0.01563323, -0.7378339, -0.1468679, 0.6350064
4.089378,-0.5733642,-0.5672607,-0.3701172,-53.48873,12.65144,-67.81387, 0.01563323, -0.7378339, -0.1468679, 0.6350064
4.092298,-0.5733642,-0.5672607,-0.3701172,-53.48873,12.65144,-67.81387, 0.01563323, -0.7378339, -0.1468679, 0.6350064
4.095195,-0.5733642,-0.5672607,-0.3701172,-53.48873,12.65144,-67.81387, 0.01563323, -0.7378339, -0.1468679, 0.6350064
4.097822,-0.5733642,-0.5672607,-0.3701172,-53.48873,12.65144,-67.81387, 0.01563323, -0.7378339, -0.1468679, 0.6350064
4.100831,-0.5733642,-0.5672607,-0.3701172,-53.48873,12.65144,-67.81387, 0.01563323, -0.7378339, -0.1468679, 0.6350064
4.104604,-0.5733642,-0.5672607,-0.3701172,-53.48873,12.65144,-67.81387, 0.01563323, -0.7378339, -0.1468679, 0.6350064
4.107272,-0.5733642,-0.5672607,-0.3701172,-53.48873,12.65144,-67.81387, 0.01563323, -0.7378339, -0.1468679, 0.6350064
4.1098,-0.5733642,-0.5672607,-0.3701172,-53.48873,12.65144,-67.81387, 0.01563323, -0.7378339, -0.1468679, 0.6350064
4.112564,-0.5733642,-0.5672607,-0.3701172,-53.48873,12.65144,-67.81387, 0.01563323, -0.7378339, -0.1468679, 0.6350064
4.115546,-0.6026611,-0.6253662,-0.2915039,-37.5433,13.20076,-63.66348, 0.02302162, -0.7407836, -0.1595437, 0.6272764
4.11832,-0.6026611,-0.6253662,-0.2915039,-37.5433,13.20076,-63.66348, 0.02302162, -0.7407836, -0.1595437, 0.6272764
4.121455,-0.6026611,-0.6253662,-0.2915039,-37.5433,13.20076,-63.66348, 0.02302162, -0.7407836, -0.1595437, 0.6272764
4.12421,-0.6026611,-0.6253662,-0.2915039,-37.5433,13.20076,-63.66348, 0.02302162, -0.7407836, -0.1595437, 0.6272764
4.126703,-0.6026611,-0.6253662,-0.2915039,-37.5433,13.20076,-63.66348, 0.02302162, -0.7407836, -0.1595437, 0.6272764
4.129405,-0.6026611,-0.6253662,-0.2915039,-37.5433,13.20076,-63.66348, 0.02302162, -0.7407836, -0.1595437, 0.6272764
4.132139,-0.5640869,-0.6409912,-0.3647461,-53.07674,-1.156807,-76.69449, 0.02418013, -0.7420955, -0.1731925, 0.620513
4.134856,-0.5640869,-0.6409912,-0.3647461,-53.07674,-1.156807,-76.69449, 0.02418013, -0.7420955, -0.1731925, 0.620513
4.137479,-0.5640869,-0.6409912,-0.3647461,-53.07674,-1.156807,-76.69449, 0.02418013, -0.7420955, -0.1731925, 0.620513
4.139987,-0.5640869,-0.6409912,-0.3647461,-53.07674,-1.156807,-76.69449, 0.02418013, -0.7420955, -0.1731925, 0.620513
4.147316,-0.5640869,-0.6409912,-0.3647461,-53.07674,-1.156807,-76.69449, 0.02418013, -0.7420955, -0.1731925, 0.620513
4.15026,-0.5640869,-0.6409912,-0.3647461,-53.07674,-1.156807,-76.69449, 0.02418013, -0.7420955, -0.1731925, 0.620513
4.153203,-0.5640869,-0.6409912,-0.3647461,-53.07674,-1.156807,-76.69449, 0.02418013, -0.7420955, -0.1731925, 0.620513
4.155743,-0.5640869,-0.6409912,-0.3647461,-53.07674,-1.156807,-76.69449, 0.02418013, -0.7420955, -0.1731925, 0.620513
4.159004,-0.5640869,-0.6409912,-0.3647461,-53.07674,-1.156807,-76.69449, 0.02418013, -0.7420955, -0.1731925, 0.620513
4.169289,-0.5640869,-0.6409912,-0.3647461,-53.07674,-1.156807,-76.69449, 0.02418013, -0.7420955, -0.1731925, 0.620513
4.172456,-0.5640869,-0.6409912,-0.3647461,-53.07674,-1.156807,-76.69449, 0.02418013, -0.7420955, -0.1731925, 0.620513
4.175467,-0.5640869,-0.6409912,-0.3647461,-53.07674,-1.156807,-76.69449, 0.02418013, -0.7420955, -0.1731925, 0.620513
4.178833,-0.4200439,-0.6116943,-0.418457,-51.77975,9.447098,-72.9866, 0.02482931, -0.7426925, -0.1862618, 0.6150946
4.182123,-0.4200439,-0.6116943,-0.418457,-51.77975,9.447098,-72.9866, 0.02482931, -0.7426925, -0.1862618, 0.6150946
4.18483,-0.4200439,-0.6116943,-0.418457,-51.77975,9.447098,-72.9866, 0.02482931, -0.7426925, -0.1862618, 0.6150946
4.187192,-0.4200439,-0.6116943,-0.418457,-51.77975,9.447098,-72.9866, 0.02482931, -0.7426925, -0.1862618, 0.6150946
4.190271,-0.4200439,-0.6116943,-0.418457,-51.77975,9.447098,-72.9866, 0.02482931, -0.7426925, -0.1862618, 0.6150946
4.19337,-0.4146728,-0.6517333,-0.3920898,-45.00484,13.1855,-66.7305, 0.02513159, -0.7431426, -0.1913578, 0.6125575
4.196475,-0.4146728,-0.6517333,-0.3920898,-45.00484,13.1855,-66.7305, 0.02513159, -0.7431426, -0.1913578, 0.6125575
4.198959,-0.4146728,-0.6517333,-0.3920898,-45.00484,13.1855,-66.7305, 0.02513159, -0.7431426, -0.1913578, 0.6125575
4.201515,-0.4146728,-0.6517333,-0.3920898,-45.00484,13.1855,-66.7305, 0.02513159, -0.7431426, -0.1913578, 0.6125575
4.204365,-0.4146728,-0.6517333,-0.3920898,-45.00484,13.1855,-66.7305, 0.02513159, -0.7431426, -0.1913578, 0.6125575
4.206851,-0.4146728,-0.6517333,-0.3920898,-45.00484,13.1855,-66.7305, 0.02513159, -0.7431426, -0.1913578, 0.6125575
4.209704,-0.4146728,-0.6517333,-0.3920898,-45.00484,13.1855,-66.7305, 0.02513159, -0.7431426, -0.1913578, 0.6125575
4.212552,-0.4146728,-0.6517333,-0.3920898,-45.00484,13.1855,-66.7305, 0.02513159, -0.7431426, -0.1913578, 0.6125575
4.215197,-0.4146728,-0.6517333,-0.3920898,-45.00484,13.1855,-66.7305, 0.02513159, -0.7431426, -0.1913578, 0.6125575
4.217803,-0.4146728,-0.6517333,-0.3920898,-45.00484,13.1855,-66.7305, 0.02513159, -0.7431426, -0.1913578, 0.6125575
4.220087,-0.4146728,-0.6517333,-0.3920898,-45.00484,13.1855,-66.7305, 0.02513159, -0.7431426, -0.1913578, 0.6125575
4.222821,-0.4146728,-0.6517333,-0.3920898,-45.00484,13.1855,-66.7305, 0.02513159, -0.7431426, -0.1913578, 0.6125575
4.22556,-0.4146728,-0.6517333,-0.3920898,-45.00484,13.1855,-66.7305, 0.02513159, -0.7431426, -0.1913578, 0.6125575
4.22844,-0.4146728,-0.6517333,-0.3920898,-45.00484,13.1855,-66.7305, 0.02513159, -0.7431426, -0.1913578, 0.6125575
4.231121,-0.4146728,-0.6517333,-0.3920898,-45.00484,13.1855,-66.7305, 0.02513159, -0.7431426, -0.1913578, 0.6125575
4.233775,-0.4146728,-0.6517333,-0.3920898,-45.00484,13.1855,-66.7305, 0.02513159, -0.7431426, -0.1913578, 0.6125575
4.236533,-0.4146728,-0.6517333,-0.3920898,-45.00484,13.1855,-66.7305, 0.02513159, -0.7431426, -0.1913578, 0.6125575
4.239468,-0.4146728,-0.6517333,-0.3920898,-45.00484,13.1855,-66.7305, 0.02513159, -0.7431426, -0.1913578, 0.6125575
4.242956,-0.4151611,-0.6658935,-0.461914,-55.76229,15.94734,-66.28799, 0.02594578, -0.7453794, -0.2030737, 0.6048619
4.246197,-0.3839111,-0.6448974,-0.5097656,-56.72359,22.23396,-65.35721, 0.02640306, -0.7475385, -0.2100632, 0.5991174
4.249237,-0.3839111,-0.6448974,-0.5097656,-56.72359,22.23396,-65.35721, 0.02640306, -0.7475385, -0.2100632, 0.5991174
4.251572,-0.3839111,-0.6448974,-0.5097656,-56.72359,22.23396,-65.35721, 0.02640306, -0.7475385, -0.2100632, 0.5991174
4.254685,-0.3839111,-0.6448974,-0.5097656,-56.72359,22.23396,-65.35721, 0.02640306, -0.7475385, -0.2100632, 0.5991174
4.257366,-0.3570556,-0.6575927,-0.5039062,-50.68111,27.40669,-63.12943, 0.02689821, -0.7499542, -0.2167895, 0.5929367
4.26131,-0.3570556,-0.6575927,-0.5039062,-50.68111,27.40669,-63.12943, 0.02689821, -0.7499542, -0.2167895, 0.5929367
4.269911,-0.3570556,-0.6575927,-0.5039062,-50.68111,27.40669,-63.12943, 0.02689821, -0.7499542, -0.2167895, 0.5929367
4.273398,-0.3570556,-0.6575927,-0.5039062,-50.68111,27.40669,-63.12943, 0.02689821, -0.7499542, -0.2167895, 0.5929367
4.276361,-0.3570556,-0.6575927,-0.5039062,-50.68111,27.40669,-63.12943, 0.02689821, -0.7499542, -0.2167895, 0.5929367
4.279243,-0.3570556,-0.6575927,-0.5039062,-50.68111,27.40669,-63.12943, 0.02689821, -0.7499542, -0.2167895, 0.5929367
4.281826,-0.3570556,-0.6575927,-0.5039062,-50.68111,27.40669,-63.12943, 0.02689821, -0.7499542, -0.2167895, 0.5929367
4.284268,-0.3570556,-0.6575927,-0.5039062,-50.68111,27.40669,-63.12943, 0.02689821, -0.7499542, -0.2167895, 0.5929367
4.286931,-0.3570556,-0.6575927,-0.5039062,-50.68111,27.40669,-63.12943, 0.02689821, -0.7499542, -0.2167895, 0.5929367
4.289873,-0.3570556,-0.6575927,-0.5039062,-50.68111,27.40669,-63.12943, 0.02689821, -0.7499542, -0.2167895, 0.5929367
4.292465,-0.3570556,-0.6575927,-0.5039062,-50.68111,27.40669,-63.12943, 0.02689821, -0.7499542, -0.2167895, 0.5929367
4.299372,-0.3570556,-0.6575927,-0.5039062,-50.68111,27.40669,-63.12943, 0.02689821, -0.7499542, -0.2167895, 0.5929367
4.301789,-0.3570556,-0.6575927,-0.5039062,-50.68111,27.40669,-63.12943, 0.02689821, -0.7499542, -0.2167895, 0.5929367
4.304727,-0.3800048,-0.6629638,-0.5229492,-45.29476,27.60506,-65.34195, 0.02818101, -0.7542686, -0.2289763, 0.5808079
4.307863,-0.3800048,-0.6629638,-0.5229492,-45.29476,27.60506,-65.34195, 0.02818101, -0.7542686, -0.2289763, 0.5808079
4.310577,-0.3800048,-0.6629638,-0.5229492,-45.29476,27.60506,-65.34195, 0.02818101, -0.7542686, -0.2289763, 0.5808079
4.313393,-0.3800048,-0.6629638,-0.5229492,-45.29476,27.60506,-65.34195, 0.02818101, -0.7542686, -0.2289763, 0.5808079
4.31666,-0.3800048,-0.6629638,-0.5229492,-45.29476,27.60506,-65.34195, 0.02818101, -0.7542686, -0.2289763, 0.5808079
4.319464,-0.3297119,-0.6741943,-0.5595703,-50.17757,26.06392,-65.46402, 0.02872726, -0.7564589, -0.2354408, 0.5744786
4.322481,-0.3297119,-0.6741943,-0.5595703,-50.17757,26.06392,-65.46402, 0.02872726, -0.7564589, -0.2354408, 0.5744786
4.325147,-0.3297119,-0.6741943,-0.5595703,-50.17757,26.06392,-65.46402, 0.02872726, -0.7564589, -0.2354408, 0.5744786
4.327616,-0.3297119,-0.6741943,-0.5595703,-50.17757,26.06392,-65.46402, 0.02872726, -0.7564589, -0.2354408, 0.5744786
4.330113,-0.3297119,-0.6741943,-0.5595703,-50.17757,26.06392,-65.46402, 0.02872726, -0.7564589, -0.2354408, 0.5744786
4.332652,-0.3297119,-0.6741943,-0.5595703,-50.17757,26.06392,-65.46402, 0.02872726, -0.7564589, -0.2354408, 0.5744786
4.335239,-0.3297119,-0.6741943,-0.5595703,-50.17757,26.06392,-65.46402, 0.02872726, -0.7564589, -0.2354408, 0.5744786
4.337999,-0.3297119,-0.6741943,-0.5595703,-50.17757,26.06392,-65.46402, 0.02872726, -0.7564589, -0.2354408, 0.5744786
4.340545,-0.3297119,-0.6741943,-0.5595703,-50.17757,26.06392,-65.46402, 0.02872726, -0.7564589, -0.2354408, 0.5744786
4.343084,-0.3297119,-0.6741943,-0.5595703,-50.17757,26.06392,-65.46402, 0.02872726, -0.7564589, -0.2354408, 0.5744786
4.345739,-0.3297119,-0.6741943,-0.5595703,-50.17757,26.06392,-65.46402, 0.02872726, -0.7564589, -0.2354408, 0.5744786
4.348593,-0.3297119,-0.6741943,-0.5595703,-50.17757,26.06392,-65.46402, 0.02872726, -0.7564589, -0.2354408, 0.5744786
4.351409,-0.303833,-0.6649169,-0.5341796,-39.92367,17.39693,-60.3981, 0.02973045, -0.7602704, -0.2471114, 0.5628043
4.354416,-0.303833,-0.6649169,-0.5341796,-39.92367,17.39693,-60.3981, 0.02973045, -0.7602704, -0.2471114, 0.5628043
4.357239,-0.303833,-0.6649169,-0.5341796,-39.92367,17.39693,-60.3981, 0.02973045, -0.7602704, -0.2471114, 0.5628043
4.360243,-0.303833,-0.6649169,-0.5341796,-39.92367,17.39693,-60.3981, 0.02973045, -0.7602704, -0.2471114, 0.5628043
4.362835,-0.303833,-0.6649169,-0.5341796,-39.92367,17.39693,-60.3981, 0.02973045, -0.7602704, -0.2471114, 0.5628043
4.366119,-0.3204345,-0.685913,-0.5566406,-41.25118,11.53755,-61.90872, 0.03030793, -0.7617149, -0.2527603, 0.557349
4.374973,-0.3204345,-0.685913,-0.5566406,-41.25118,11.53755,-61.90872, 0.03030793, -0.7617149, -0.2527603, 0.557349
4.378669,-0.3204345,-0.685913,-0.5566406,-41.25118,11.53755,-61.90872, 0.03030793, -0.7617149, -0.2527603, 0.557349
4.381685,-0.2994384,-0.6956787,-0.6162109,-45.12691,12.68196,-66.12015, 0.03089959, -0.7632858, -0.2584933, 0.551529
4.384388,-0.2994384,-0.6956787,-0.6162109,-45.12691,12.68196,-66.12015, 0.03089959, -0.7632858, -0.2584933, 0.551529
4.387156,-0.2994384,-0.6956787,-0.6162109,-45.12691,12.68196,-66.12015, 0.03089959, -0.7632858, -0.2584933, 0.551529
4.390296,-0.2994384,-0.6956787,-0.6162109,-45.12691,12.68196,-66.12015, 0.03089959, -0.7632858, -0.2584933, 0.551529
4.392968,-0.2994384,-0.6956787,-0.6162109,-45.12691,12.68196,-66.12015, 0.03089959, -0.7632858, -0.2584933, 0.551529
4.395506,-0.2994384,-0.6956787,-0.6162109,-45.12691,12.68196,-66.12015, 0.03089959, -0.7632858, -0.2584933, 0.551529
4.398017,-0.2994384,-0.6956787,-0.6162109,-45.12691,12.68196,-66.12015, 0.03089959, -0.7632858, -0.2584933, 0.551529
4.400752,-0.2994384,-0.6956787,-0.6162109,-45.12691,12.68196,-66.12015, 0.03089959, -0.7632858, -0.2584933, 0.551529
4.403471,-0.2994384,-0.6956787,-0.6162109,-45.12691,12.68196,-66.12015, 0.03089959, -0.7632858, -0.2584933, 0.551529
4.406188,-0.2994384,-0.6956787,-0.6162109,-45.12691,12.68196,-66.12015, 0.03089959, -0.7632858, -0.2584933, 0.551529
4.408916,-0.2994384,-0.6956787,-0.6162109,-45.12691,12.68196,-66.12015, 0.03089959, -0.7632858, -0.2584933, 0.551529
4.411522,-0.2994384,-0.6956787,-0.6162109,-45.12691,12.68196,-66.12015, 0.03089959, -0.7632858, -0.2584933, 0.551529
4.414538,-0.2462158,-0.6512451,-0.6406249,-43.92147,20.70808,-68.57681, 0.03148282, -0.7651896, -0.2645189, 0.5449769
4.417582,-0.2462158,-0.6512451,-0.6406249,-43.92147,20.70808,-68.57681, 0.03148282, -0.7651896, -0.2645189, 0.5449769
4.419899,-0.2462158,-0.6512451,-0.6406249,-43.92147,20.70808,-68.57681, 0.03148282, -0.7651896, -0.2645189, 0.5449769
4.422398,-0.2462158,-0.6512451,-0.6406249,-43.92147,20.70808,-68.57681, 0.03148282, -0.7651896, -0.2645189, 0.5449769
4.424971,-0.2462158,-0.6512451,-0.6406249,-43.92147,20.70808,-68.57681, 0.03148282, -0.7651896, -0.2645189, 0.5449769
4.427493,-0.2462158,-0.6512451,-0.6406249,-43.92147,20.70808,-68.57681, 0.03148282, -0.7651896, -0.2645189, 0.5449769
4.430391,-0.1905517,-0.6610107,-0.6079101,-32.21798,31.1451,-60.215, 0.0329065, -0.7694569, -0.2751761, 0.5309495
4.433219,-0.1905517,-0.6610107,-0.6079101,-32.21798,31.1451,-60.215, 0.0329065, -0.7694569, -0.2751761, 0.5309495
4.435771,-0.1905517,-0.6610107,-0.6079101,-32.21798,31.1451,-60.215, 0.0329065, -0.7694569, -0.2751761, 0.5309495
4.438304,-0.1905517,-0.6610107,-0.6079101,-32.21798,31.1451,-60.215, 0.0329065, -0.7694569, -0.2751761, 0.5309495
4.440675,-0.1905517,-0.6610107,-0.6079101,-32.21798,31.1451,-60.215, 0.0329065, -0.7694569, -0.2751761, 0.5309495
4.443499,-0.1905517,-0.6610107,-0.6079101,-32.21798,31.1451,-60.215, 0.0329065, -0.7694569, -0.2751761, 0.5309495
4.45104,-0.1905517,-0.6610107,-0.6079101,-32.21798,31.1451,-60.215, 0.0329065, -0.7694569, -0.2751761, 0.5309495
4.453948,-0.1905517,-0.6610107,-0.6079101,-32.21798,31.1451,-60.215, 0.0329065, -0.7694569, -0.2751761, 0.5309495
4.457,-0.1905517,-0.6610107,-0.6079101,-32.21798,31.1451,-60.215, 0.0329065, -0.7694569, -0.2751761, 0.5309495
4.459939,-0.1905517,-0.6610107,-0.6079101,-32.21798,31.1451,-60.215, 0.0329065, -0.7694569, -0.2751761, 0.5309495
4.462715,-0.1905517,-0.6610107,-0.6079101,-32.21798,31.1451,-60.215, 0.0329065, -0.7694569, -0.2751761, 0.5309495
4.465228,-0.1905517,-0.6610107,-0.6079101,-32.21798,31.1451,-60.215, 0.0329065, -0.7694569, -0.2751761, 0.5309495
4.467816,-0.1905517,-0.6610107,-0.6079101,-32.21798,31.1451,-60.215, 0.0329065, -0.7694569, -0.2751761, 0.5309495
4.470258,-0.1905517,-0.6610107,-0.6079101,-32.21798,31.1451,-60.215, 0.0329065, -0.7694569, -0.2751761, 0.5309495
4.472991,-0.1905517,-0.6610107,-0.6079101,-32.21798,31.1451,-60.215, 0.0329065, -0.7694569, -0.2751761, 0.5309495
4.476778,-0.1905517,-0.6610107,-0.6079101,-32.21798,31.1451,-60.215, 0.03360458, -0.7717761, -0.2799272, 0.5237361
4.485728,-0.1339111,-0.6761474,-0.6718749,-37.34493,45.38155,-54.5845, 0.03490067, -0.7774228, -0.2891065, 0.5076293
4.488779,-0.1339111,-0.6761474,-0.6718749,-37.34493,45.38155,-54.5845, 0.03490067, -0.7774228, -0.2891065, 0.5076293
4.491843,-0.1339111,-0.6761474,-0.6718749,-37.34493,45.38155,-54.5845, 0.03490067, -0.7774228, -0.2891065, 0.5076293
4.494697,-0.1339111,-0.6761474,-0.6718749,-37.34493,45.38155,-54.5845, 0.03490067, -0.7774228, -0.2891065, 0.5076293
4.497141,-0.1339111,-0.6761474,-0.6718749,-37.34493,45.38155,-54.5845, 0.03490067, -0.7774228, -0.2891065, 0.5076293
4.499519,-0.1339111,-0.6761474,-0.6718749,-37.34493,45.38155,-54.5845, 0.03490067, -0.7774228, -0.2891065, 0.5076293
4.502363,-0.1339111,-0.6761474,-0.6718749,-37.34493,45.38155,-54.5845, 0.03490067, -0.7774228, -0.2891065, 0.5076293
4.504966,-0.1339111,-0.6761474,-0.6718749,-37.34493,45.38155,-54.5845, 0.03490067, -0.7774228, -0.2891065, 0.5076293
4.507482,-0.1339111,-0.6761474,-0.6718749,-37.34493,45.38155,-54.5845, 0.03490067, -0.7774228, -0.2891065, 0.5076293
4.510467,-0.1339111,-0.6761474,-0.6718749,-37.34493,45.38155,-54.5845, 0.03490067, -0.7774228, -0.2891065, 0.5076293
4.513091,-0.1339111,-0.6761474,-0.6718749,-37.34493,45.38155,-54.5845, 0.03490067, -0.7774228, -0.2891065, 0.5076293
4.516444,-0.1339111,-0.6761474,-0.6718749,-37.34493,45.38155,-54.5845, 0.03490067, -0.7774228, -0.2891065, 0.5076293
4.519459,-0.1339111,-0.6761474,-0.6718749,-37.34493,45.38155,-54.5845, 0.03490067, -0.7774228, -0.2891065, 0.5076293
4.522608,-0.1339111,-0.6761474,-0.6718749,-37.34493,45.38155,-54.5845, 0.03490067, -0.7774228, -0.2891065, 0.5076293
4.525403,-0.1339111,-0.6761474,-0.6718749,-37.34493,45.38155,-54.5845, 0.03490067, -0.7774228, -0.2891065, 0.5076293
4.528303,-0.1339111,-0.6761474,-0.6718749,-37.34493,45.38155,-54.5845, 0.03490067, -0.7774228, -0.2891065, 0.5076293
4.530863,-0.1339111,-0.6761474,-0.6718749,-37.34493,45.38155,-54.5845, 0.03490067, -0.7774228, -0.2891065, 0.5076293
4.533197,-0.1339111,-0.6761474,-0.6718749,-37.34493,45.38155,-54.5845, 0.03490067, -0.7774228, -0.2891065, 0.5076293
4.535903,-0.1339111,-0.6761474,-0.6718749,-37.34493,45.38155,-54.5845, 0.03490067, -0.7774228, -0.2891065, 0.5076293
4.538805,-0.1339111,-0.6761474,-0.6718749,-37.34493,45.38155,-54.5845, 0.03490067, -0.7774228, -0.2891065, 0.5076293
4.541422,-0.1309814,-0.6727294,-0.6577148,-31.80599,28.99361,-54.15726, 0.03636116, -0.7821693, -0.2971165, 0.4924782
4.5444,-0.1412353,-0.6590576,-0.6899413,-34.91879,26.26228,-51.51749, 0.03694495, -0.7842259, -0.3011624, 0.4854357
4.547234,-0.1412353,-0.6590576,-0.6899413,-34.91879,26.26228,-51.51749, 0.03694495, -0.7842259, -0.3011624, 0.4854357
4.550062,-0.1412353,-0.6590576,-0.6899413,-34.91879,26.26228,-51.51749, 0.03694495, -0.7842259, -0.3011624, 0.4854357
4.552631,-0.1412353,-0.6590576,-0.6899413,-34.91879,26.26228,-51.51749, 0.03694495, -0.7842259, -0.3011624, 0.4854357
4.555629,-0.1177978,-0.6468505,-0.7036132,-36.53622,30.90096,-54.24881, 0.03746099, -0.7864429, -0.3052116, 0.4781193
4.558733,-0.1177978,-0.6468505,-0.7036132,-36.53622,30.90096,-54.24881, 0.03746099, -0.7864429, -0.3052116, 0.4781193
4.561368,-0.1177978,-0.6468505,-0.7036132,-36.53622,30.90096,-54.24881, 0.03746099, -0.7864429, -0.3052116, 0.4781193
4.563933,-0.1177978,-0.6468505,-0.7036132,-36.53622,30.90096,-54.24881, 0.03746099, -0.7864429, -0.3052116, 0.4781193
4.566299,-0.1177978,-0.6468505,-0.7036132,-36.53622,30.90096,-54.24881, 0.03746099, -0.7864429, -0.3052116, 0.4781193
4.568614,-0.1177978,-0.6468505,-0.7036132,-36.53622,30.90096,-54.24881, 0.03746099, -0.7864429, -0.3052116, 0.4781193
4.571551,-0.1177978,-0.6468505,-0.7036132,-36.53622,30.90096,-54.24881, 0.03746099, -0.7864429, -0.3052116, 0.4781193
4.574567,-0.1177978,-0.6468505,-0.7036132,-36.53622,30.90096,-54.24881, 0.03746099, -0.7864429, -0.3052116, 0.4781193
4.577734,-0.1177978,-0.6468505,-0.7036132,-36.53622,30.90096,-54.24881, 0.03746099, -0.7864429, -0.3052116, 0.4781193
4.580857,-0.1177978,-0.6468505,-0.7036132,-36.53622,30.90096,-54.24881, 0.03746099, -0.7864429, -0.3052116, 0.4781193
4.583771,-0.1177978,-0.6468505,-0.7036132,-36.53622,30.90096,-54.24881, 0.03746099, -0.7864429, -0.3052116, 0.4781193
4.587435,-0.1177978,-0.6468505,-0.7036132,-36.53622,30.90096,-54.24881, 0.03746099, -0.7864429, -0.3052116, 0.4781193
4.596216,-0.1177978,-0.6468505,-0.7036132,-36.53622,30.90096,-54.24881, 0.03746099, -0.7864429, -0.3052116, 0.4781193
4.603787,-0.06066895,-0.6522216,-0.6665038,-26.57223,26.06392,-62.32071, 0.0549481, -0.7903444, -0.3133913, 0.4629552
4.607615,-0.05529785,-0.6365966,-0.6918945,-32.5079,21.74568,-59.80301, 0.05589961, -0.7919241, -0.3174908, 0.4557789
4.611012,-0.05529785,-0.6365966,-0.6918945,-32.5079,21.74568,-59.80301, 0.05589961, -0.7919241, -0.3174908, 0.4557789
4.613648,-0.05529785,-0.6365966,-0.6918945,-32.5079,21.74568,-59.80301, 0.05589961, -0.7919241, -0.3174908, 0.4557789
4.616556,-0.05529785,-0.6365966,-0.6918945,-32.5079,21.74568,-59.80301, 0.05589961, -0.7919241, -0.3174908, 0.4557789
4.619184,-0.05529785,-0.6365966,-0.6918945,-32.5079,21.74568,-59.80301, 0.05589961, -0.7919241, -0.3174908, 0.4557789
4.621639,-0.05529785,-0.6365966,-0.6918945,-32.5079,21.74568,-59.80301, 0.05589961, -0.7919241, -0.3174908, 0.4557789
4.624122,-0.05529785,-0.6365966,-0.6918945,-32.5079,21.74568,-59.80301, 0.05589961, -0.7919241, -0.3174908, 0.4557789
4.626683,-0.05529785,-0.6365966,-0.6918945,-32.5079,21.74568,-59.80301, 0.05589961, -0.7919241, -0.3174908, 0.4557789
4.628929,-0.05529785,-0.6365966,-0.6918945,-32.5079,21.74568,-59.80301, 0.05589961, -0.7919241, -0.3174908, 0.4557789
4.631441,-0.05529785,-0.6365966,-0.6918945,-32.5079,21.74568,-59.80301, 0.05589961, -0.7919241, -0.3174908, 0.4557789
4.634436,-0.05529785,-0.6365966,-0.6918945,-32.5079,21.74568,-59.80301, 0.05589961, -0.7919241, -0.3174908, 0.4557789
4.636996,-0.05529785,-0.6365966,-0.6918945,-32.5079,21.74568,-59.80301, 0.05589961, -0.7919241, -0.3174908, 0.4557789
4.639793,-0.05529785,-0.6365966,-0.6918945,-32.5079,21.74568,-59.80301, 0.05589961, -0.7919241, -0.3174908, 0.4557789
4.642245,-0.05529785,-0.6365966,-0.6918945,-32.5079,21.74568,-59.80301, 0.05589961, -0.7919241, -0.3174908, 0.4557789
4.644832,-0.05529785,-0.6365966,-0.6918945,-32.5079,21.74568,-59.80301, 0.05589961, -0.7919241, -0.3174908, 0.4557789
4.647577,-0.05529785,-0.6365966,-0.6918945,-32.5079,21.74568,-59.80301, 0.05667548, -0.7937949, -0.3214645, 0.4483135
4.650901,-0.004516602,-0.6429443,-0.7651366,-30.35641,34.07478,-64.25858, 0.05757855, -0.7958813, -0.325391, 0.4400723
4.653766,-0.004516602,-0.6429443,-0.7651366,-30.35641,34.07478,-64.25858, 0.05757855, -0.7958813, -0.325391, 0.4400723
4.6568,-0.004516602,-0.6429443,-0.7651366,-30.35641,34.07478,-64.25858, 0.05757855, -0.7958813, -0.325391, 0.4400723
4.659384,-0.004516602,-0.6429443,-0.7651366,-30.35641,34.07478,-64.25858, 0.05757855, -0.7958813, -0.325391, 0.4400723
4.662033,-0.004516602,-0.6429443,-0.7651366,-30.35641,34.07478,-64.25858, 0.05757855, -0.7958813, -0.325391, 0.4400723
4.664596,0.04138183,-0.6278076,-0.7177734,-22.58968,32.64046,-66.66946, 0.05870098, -0.7976669, -0.329434, 0.4316527
4.66752,0.04138183,-0.6278076,-0.7177734,-22.58968,32.64046,-66.66946, 0.05870098, -0.7976669, -0.329434, 0.4316527
4.67011,0.04138183,-0.6278076,-0.7177734,-22.58968,32.64046,-66.66946, 0.05870098, -0.7976669, -0.329434, 0.4316527
4.672962,0.04138183,-0.6278076,-0.7177734,-22.58968,32.64046,-66.66946, 0.05870098, -0.7976669, -0.329434, 0.4316527
4.675689,0.04138183,-0.6278076,-0.7177734,-22.58968,32.64046,-66.66946, 0.05870098, -0.7976669, -0.329434, 0.4316527
4.678284,0.04138183,-0.6278076,-0.7177734,-22.58968,32.64046,-66.66946, 0.05870098, -0.7976669, -0.329434, 0.4316527
4.681507,0.0550537,-0.6214599,-0.6923828,-22.13192,19.89937,-65.38773, 0.05981285, -0.7987776, -0.3336094, 0.4241745
4.684677,0.0550537,-0.6214599,-0.6923828,-22.13192,19.89937,-65.38773, 0.05981285, -0.7987776, -0.3336094, 0.4241745
4.687263,0.0550537,-0.6214599,-0.6923828,-22.13192,19.89937,-65.38773, 0.05981285, -0.7987776, -0.3336094, 0.4241745
4.690504,0.0550537,-0.6214599,-0.6923828,-22.13192,19.89937,-65.38773, 0.05981285, -0.7987776, -0.3336094, 0.4241745
4.699167,0.0550537,-0.6214599,-0.6923828,-22.13192,19.89937,-65.38773, 0.05981285, -0.7987776, -0.3336094, 0.4241745
4.701754,0.0550537,-0.6214599,-0.6923828,-22.13192,19.89937,-65.38773, 0.05981285, -0.7987776, -0.3336094, 0.4241745
4.704483,0.0550537,-0.6214599,-0.6923828,-22.13192,19.89937,-65.38773, 0.05981285, -0.7987776, -0.3336094, 0.4241745
4.707605,0.0550537,-0.6214599,-0.6923828,-22.13192,19.89937,-65.38773, 0.05981285, -0.7987776, -0.3336094, 0.4241745
4.710619,0.01306152,-0.6082763,-0.7231445,-29.68502,11.91902,-61.11526, 0.06059723, -0.7996905, -0.3380037, 0.4173544
4.713918,0.01306152,-0.6082763,-0.7231445,-29.68502,11.91902,-61.11526, 0.06059723, -0.7996905, -0.3380037, 0.4173544
4.716552,0.01306152,-0.6082763,-0.7231445,-29.68502,11.91902,-61.11526, 0.06059723, -0.7996905, -0.3380037, 0.4173544
4.719057,0.01306152,-0.6082763,-0.7231445,-29.68502,11.91902,-61.11526, 0.06059723, -0.7996905, -0.3380037, 0.4173544
4.721656,0.01306152,-0.6082763,-0.7231445,-29.68502,11.91902,-61.11526, 0.06059723, -0.7996905, -0.3380037, 0.4173544
4.724501,0.01306152,-0.6082763,-0.7231445,-29.68502,11.91902,-61.11526, 0.06059723, -0.7996905, -0.3380037, 0.4173544
4.727159,0.03405761,-0.5858154,-0.7539061,-30.81417,12.4836,-59.97086, 0.06123984, -0.8009689, -0.3417328, 0.4104921
4.730149,0.1043701,-0.6053466,-0.7661132,-30.47848,13.47542,-75.03128, 0.06195814, -0.8019851, -0.3465041, 0.4029265
4.732783,0.1043701,-0.6053466,-0.7661132,-30.47848,13.47542,-75.03128, 0.06195814, -0.8019851, -0.3465041, 0.4029265
4.735252,0.1043701,-0.6053466,-0.7661132,-30.47848,13.47542,-75.03128, 0.06195814, -0.8019851, -0.3465041, 0.4029265
4.737991,0.1043701,-0.6053466,-0.7661132,-30.47848,13.47542,-75.03128, 0.06195814, -0.8019851, -0.3465041, 0.4029265
4.740657,0.1043701,-0.6053466,-0.7661132,-30.47848,13.47542,-75.03128, 0.06195814, -0.8019851, -0.3465041, 0.4029265
4.743472,0.1043701,-0.6053466,-0.7661132,-30.47848,13.47542,-75.03128, 0.06195814, -0.8019851, -0.3465041, 0.4029265
4.746269,0.1043701,-0.6053466,-0.7661132,-30.47848,13.47542,-75.03128, 0.06195814, -0.8019851, -0.3465041, 0.4029265
4.754573,0.1043701,-0.6053466,-0.7661132,-30.47848,13.47542,-75.03128, 0.06195814, -0.8019851, -0.3465041, 0.4029265
4.757427,0.1043701,-0.6053466,-0.7661132,-30.47848,13.47542,-75.03128, 0.06195814, -0.8019851, -0.3465041, 0.4029265
4.760526,0.1043701,-0.6053466,-0.7661132,-30.47848,13.47542,-75.03128, 0.06195814, -0.8019851, -0.3465041, 0.4029265
4.763209,0.1043701,-0.6053466,-0.7661132,-30.47848,13.47542,-75.03128, 0.06195814, -0.8019851, -0.3465041, 0.4029265
4.765544,0.1043701,-0.6053466,-0.7661132,-30.47848,13.47542,-75.03128, 0.06195814, -0.8019851, -0.3465041, 0.4029265
4.76787,0.1043701,-0.6053466,-0.7661132,-30.47848,13.47542,-75.03128, 0.06195814, -0.8019851, -0.3465041, 0.4029265
4.770607,0.1043701,-0.6053466,-0.7661132,-30.47848,13.47542,-75.03128, 0.06195814, -0.8019851, -0.3465041, 0.4029265
4.773957,0.1317138,-0.6024169,-0.7250976,-24.42074,2.748489,-76.63345, 0.06290388, -0.802392, -0.3514924, 0.3956783
4.777205,0.1561279,-0.5667724,-0.7617186,-27.88448,-6.344795,-68.85147, 0.0636369, -0.8025835, -0.3565359, 0.3890829
4.780008,0.1561279,-0.5667724,-0.7617186,-27.88448,-6.344795,-68.85147, 0.0636369, -0.8025835, -0.3565359, 0.3890829
4.783479,0.1561279,-0.5667724,-0.7617186,-27.88448,-6.344795,-68.85147, 0.0636369, -0.8025835, -0.3565359, 0.3890829
4.786236,0.1561279,-0.5667724,-0.7617186,-27.88448,-6.344795,-68.85147, 0.0636369, -0.8025835, -0.3565359, 0.3890829
4.789485,0.1141357,-0.5550537,-0.7812499,-28.09811,-0.9279251,-57.6973, 0.06459461, -0.8038158, -0.3655959, 0.3756957
4.793675,0.1932373,-0.5872802,-0.7783202,-27.82345,14.46724,-62.397, 0.06459461, -0.8038158, -0.3655959, 0.3756957
4.802651,0.1932373,-0.5872802,-0.7783202,-27.82345,14.46724,-62.397, 0.06459461, -0.8038158, -0.3655959, 0.3756957
4.806405,0.1932373,-0.5872802,-0.7783202,-27.82345,14.46724,-62.397, 0.06459461, -0.8038158, -0.3655959, 0.3756957
4.809542,0.1932373,-0.5872802,-0.7783202,-27.82345,14.46724,-62.397, 0.06459461, -0.8038158, -0.3655959, 0.3756957
4.812623,0.1932373,-0.5872802,-0.7783202,-27.82345,14.46724,-62.397, 0.06459461, -0.8038158, -0.3655959, 0.3756957
4.815387,0.1932373,-0.5872802,-0.7783202,-27.82345,14.46724,-62.397, 0.06459461, -0.8038158, -0.3655959, 0.3756957
4.818271,0.1932373,-0.5872802,-0.7783202,-27.82345,14.46724,-62.397, 0.06459461, -0.8038158, -0.3655959, 0.3756957
4.821858,0.1932373,-0.5872802,-0.7783202,-27.82345,14.46724,-62.397, 0.06459461, -0.8038158, -0.3655959, 0.3756957
4.82451,0.1932373,-0.5872802,-0.7783202,-27.82345,14.46724,-62.397, 0.06459461, -0.8038158, -0.3655959, 0.3756957
4.827422,0.1932373,-0.5872802,-0.7783202,-27.82345,14.46724,-62.397, 0.06459461, -0.8038158, -0.3655959, 0.3756957
4.830367,0.1932373,-0.5872802,-0.7783202,-27.82345,14.46724,-62.397, 0.06459461, -0.8038158, -0.3655959, 0.3756957
4.833073,0.1932373,-0.5872802,-0.7783202,-27.82345,14.46724,-62.397, 0.06459461, -0.8038158, -0.3655959, 0.3756957
4.835573,0.1932373,-0.5872802,-0.7783202,-27.82345,14.46724,-62.397, 0.06459461, -0.8038158, -0.3655959, 0.3756957
4.839443,0.2386474,-0.5555419,-0.7358398,-19.62948,16.87813,-59.11636, 0.06642567, -0.8050618, -0.3739459, 0.3600267
4.843342,0.2386474,-0.5555419,-0.7358398,-19.62948,16.87813,-59.11636, 0.06642567, -0.8050618, -0.3739459, 0.3600267
4.846707,0.2386474,-0.5555419,-0.7358398,-19.62948,16.87813,-59.11636, 0.06642567, -0.8050618, -0.3739459, 0.3600267
4.849797,0.2386474,-0.5555419,-0.7358398,-19.62948,16.87813,-59.11636, 0.06642567, -0.8050618, -0.3739459, 0.3600267
4.853277,0.2113037,-0.533081,-0.7392578,-25.96188,15.47432,-46.60416, 0.0670291, -0.8060095, -0.3773428, 0.3527282
4.856502,0.2113037,-0.533081,-0.7392578,-25.96188,15.47432,-46.60416, 0.0670291, -0.8060095, -0.3773428, 0.3527282
4.860318,0.2113037,-0.533081,-0.7392578,-25.96188,15.47432,-46.60416, 0.0670291, -0.8060095, -0.3773428, 0.3527282
4.863369,0.2113037,-0.533081,-0.7392578,-25.96188,15.47432,-46.60416, 0.0670291, -0.8060095, -0.3773428, 0.3527282
4.866682,0.2113037,-0.533081,-0.7392578,-25.96188,15.47432,-46.60416, 0.0670291, -0.8060095, -0.3773428, 0.3527282
4.869666,0.2113037,-0.533081,-0.7392578,-25.96188,15.47432,-46.60416, 0.0670291, -0.8060095, -0.3773428, 0.3527282
4.873263,0.2113037,-0.533081,-0.7392578,-25.96188,15.47432,-46.60416, 0.0670291, -0.8060095, -0.3773428, 0.3527282
4.876462,0.2113037,-0.533081,-0.7392578,-25.96188,15.47432,-46.60416, 0.0670291, -0.8060095, -0.3773428, 0.3527282
4.880092,0.2113037,-0.533081,-0.7392578,-25.96188,15.47432,-46.60416, 0.0670291, -0.8060095, -0.3773428, 0.3527282
4.883565,0.2113037,-0.533081,-0.7392578,-25.96188,15.47432,-46.60416, 0.0670291, -0.8060095, -0.3773428, 0.3527282
4.887424,0.2113037,-0.533081,-0.7392578,-25.96188,15.47432,-46.60416, 0.0670291, -0.8060095, -0.3773428, 0.3527282
4.890354,0.2113037,-0.533081,-0.7392578,-25.96188,15.47432,-46.60416, 0.0670291, -0.8060095, -0.3773428, 0.3527282
4.893219,0.2113037,-0.533081,-0.7392578,-25.96188,15.47432,-46.60416, 0.0670291, -0.8060095, -0.3773428, 0.3527282
4.895834,0.2113037,-0.533081,-0.7392578,-25.96188,15.47432,-46.60416, 0.0670291, -0.8060095, -0.3773428, 0.3527282
4.900048,0.2132568,-0.5682372,-0.8066405,-28.38802,35.8448,-52.6619, 0.06775195, -0.8092574, -0.3826683, 0.3372908
4.909598,0.2952881,-0.5633544,-0.8208007,-15.12814,37.95052,-63.44986, 0.0686399, -0.8102657, -0.3861603, 0.3282664
4.91328,0.2952881,-0.5633544,-0.8208007,-15.12814,37.95052,-63.44986, 0.0686399, -0.8102657, -0.3861603, 0.3282664
4.916784,0.3304443,-0.5003662,-0.82666,-12.42733,29.69551,-53.48587, 0.06956356, -0.8111277, -0.3893851, 0.3194996
4.919605,0.3304443,-0.5003662,-0.82666,-12.42733,29.69551,-53.48587, 0.06956356, -0.8111277, -0.3893851, 0.3194996
4.922566,0.3304443,-0.5003662,-0.82666,-12.42733,29.69551,-53.48587, 0.06956356, -0.8111277, -0.3893851, 0.3194996
4.925336,0.3304443,-0.5003662,-0.82666,-12.42733,29.69551,-53.48587, 0.06956356, -0.8111277, -0.3893851, 0.3194996
4.927738,0.3304443,-0.5003662,-0.82666,-12.42733,29.69551,-53.48587, 0.06956356, -0.8111277, -0.3893851, 0.3194996
4.93073,0.3304443,-0.5003662,-0.82666,-12.42733,29.69551,-53.48587, 0.06956356, -0.8111277, -0.3893851, 0.3194996
4.933458,0.3304443,-0.5003662,-0.82666,-12.42733,29.69551,-53.48587, 0.06956356, -0.8111277, -0.3893851, 0.3194996
4.936691,0.3304443,-0.5003662,-0.82666,-12.42733,29.69551,-53.48587, 0.06956356, -0.8111277, -0.3893851, 0.3194996
4.939731,0.3304443,-0.5003662,-0.82666,-12.42733,29.69551,-53.48587, 0.06956356, -0.8111277, -0.3893851, 0.3194996
4.943346,0.3304443,-0.5003662,-0.82666,-12.42733,29.69551,-53.48587, 0.06956356, -0.8111277, -0.3893851, 0.3194996
4.946776,0.3304443,-0.5003662,-0.82666,-12.42733,29.69551,-53.48587, 0.06956356, -0.8111277, -0.3893851, 0.3194996
4.950578,0.3304443,-0.5003662,-0.82666,-12.42733,29.69551,-53.48587, 0.06956356, -0.8111277, -0.3893851, 0.3194996
4.953393,0.3304443,-0.5003662,-0.82666,-12.42733,29.69551,-53.48587, 0.06956356, -0.8111277, -0.3893851, 0.3194996
4.95639,0.3304443,-0.5003662,-0.82666,-12.42733,29.69551,-53.48587, 0.06956356, -0.8111277, -0.3893851, 0.3194996
4.959402,0.3304443,-0.5003662,-0.82666,-12.42733,29.69551,-53.48587, 0.06956356, -0.8111277, -0.3893851, 0.3194996
4.962472,0.2913818,-0.4974365,-0.8476561,-17.15755,23.80562,-40.47012, 0.07013222, -0.812334, -0.3920469, 0.3113414
4.966121,0.2796631,-0.5457763,-0.8041991,-14.74667,17.74788,-49.6254, 0.07095215, -0.8145961, -0.3963615, 0.2970479
4.970045,0.2796631,-0.5457763,-0.8041991,-14.74667,17.74788,-49.6254, 0.07095215, -0.8145961, -0.3963615, 0.2970479
4.974014,0.2796631,-0.5457763,-0.8041991,-14.74667,17.74788,-49.6254, 0.07095215, -0.8145961, -0.3963615, 0.2970479
4.977796,0.2796631,-0.5457763,-0.8041991,-14.74667,17.74788,-49.6254, 0.07095215, -0.8145961, -0.3963615, 0.2970479
4.981042,0.2796631,-0.5457763,-0.8041991,-14.74667,17.74788,-49.6254, 0.07095215, -0.8145961, -0.3963615, 0.2970479
4.984313,0.2796631,-0.5457763,-0.8041991,-14.74667,17.74788,-49.6254, 0.07095215, -0.8145961, -0.3963615, 0.2970479
4.987551,0.2796631,-0.5457763,-0.8041991,-14.74667,17.74788,-49.6254, 0.07095215, -0.8145961, -0.3963615, 0.2970479
4.990353,0.2796631,-0.5457763,-0.8041991,-14.74667,17.74788,-49.6254, 0.07095215, -0.8145961, -0.3963615, 0.2970479
4.99342,0.2796631,-0.5457763,-0.8041991,-14.74667,17.74788,-49.6254, 0.07095215, -0.8145961, -0.3963615, 0.2970479
4.996069,0.2796631,-0.5457763,-0.8041991,-14.74667,17.74788,-49.6254, 0.07095215, -0.8145961, -0.3963615, 0.2970479
4.998871,0.2796631,-0.5457763,-0.8041991,-14.74667,17.74788,-49.6254, 0.07095215, -0.8145961, -0.3963615, 0.2970479
5.002601,0.2796631,-0.5457763,-0.8041991,-14.74667,17.74788,-49.6254, 0.07095215, -0.8145961, -0.3963615, 0.2970479
5.013175,0.3157958,-0.5076904,-0.833496,-11.31344,11.40022,-63.4346, 0.07160074, -0.8145531, -0.4001505, 0.2898253
5.016248,0.3157958,-0.5076904,-0.833496,-11.31344,11.40022,-63.4346, 0.07160074, -0.8145531, -0.4001505, 0.2898253
5.018642,0.3157958,-0.5076904,-0.833496,-11.31344,11.40022,-63.4346, 0.07160074, -0.8145531, -0.4001505, 0.2898253
5.021292,0.3157958,-0.5076904,-0.833496,-11.31344,11.40022,-63.4346, 0.07160074, -0.8145531, -0.4001505, 0.2898253
5.02408,0.3753662,-0.4500732,-0.8530272,-13.43441,9.538651,-52.09732, 0.0720774, -0.8147265, -0.4038425, 0.2824733
5.02736,0.3138427,-0.4417724,-0.8330077,-12.00008,12.13264,-41.37039, 0.07236169, -0.8152687, -0.4068154, 0.2755426
5.030144,0.3138427,-0.4417724,-0.8330077,-12.00008,12.13264,-41.37039, 0.07236169, -0.8152687, -0.4068154, 0.2755426
5.032414,0.3138427,-0.4417724,-0.8330077,-12.00008,12.13264,-41.37039, 0.07236169, -0.8152687, -0.4068154, 0.2755426
5.03473,0.3138427,-0.4417724,-0.8330077,-12.00008,12.13264,-41.37039, 0.07236169, -0.8152687, -0.4068154, 0.2755426
5.037489,0.3138427,-0.4417724,-0.8330077,-12.00008,12.13264,-41.37039, 0.07236169, -0.8152687, -0.4068154, 0.2755426
5.040474,0.3138427,-0.4417724,-0.8330077,-12.00008,12.13264,-41.37039, 0.07236169, -0.8152687, -0.4068154, 0.2755426
5.043909,0.3138427,-0.4417724,-0.8330077,-12.00008,12.13264,-41.37039, 0.07236169, -0.8152687, -0.4068154, 0.2755426
5.047026,0.3138427,-0.4417724,-0.8330077,-12.00008,12.13264,-41.37039, 0.07236169, -0.8152687, -0.4068154, 0.2755426
5.050122,0.3138427,-0.4417724,-0.8330077,-12.00008,12.13264,-41.37039, 0.07236169, -0.8152687, -0.4068154, 0.2755426
5.057253,0.3138427,-0.4417724,-0.8330077,-12.00008,12.13264,-41.37039, 0.07236169, -0.8152687, -0.4068154, 0.2755426
5.060047,0.3138427,-0.4417724,-0.8330077,-12.00008,12.13264,-41.37039, 0.07236169, -0.8152687, -0.4068154, 0.2755426
5.06293,0.3138427,-0.4417724,-0.8330077,-12.00008,12.13264,-41.37039, 0.07236169, -0.8152687, -0.4068154, 0.2755426
5.06555,0.3138427,-0.4417724,-0.8330077,-12.00008,12.13264,-41.37039, 0.07236169, -0.8152687, -0.4068154, 0.2755426
5.067906,0.3138427,-0.4417724,-0.8330077,-12.00008,12.13264,-41.37039, 0.07236169, -0.8152687, -0.4068154, 0.2755426
5.070479,0.3138427,-0.4417724,-0.8330077,-12.00008,12.13264,-41.37039, 0.07236169, -0.8152687, -0.4068154, 0.2755426
5.073538,0.376831,-0.529663,-0.7734374,-1.456261,-0.3328323,-58.52127, 0.07348029, -0.8151737, -0.4126544, 0.2627026
5.076678,0.376831,-0.529663,-0.7734374,-1.456261,-0.3328323,-58.52127, 0.07348029, -0.8151737, -0.4126544, 0.2627026
5.079346,0.376831,-0.529663,-0.7734374,-1.456261,-0.3328323,-58.52127, 0.07348029, -0.8151737, -0.4126544, 0.2627026
5.082144,0.376831,-0.529663,-0.7734374,-1.456261,-0.3328323,-58.52127, 0.07348029, -0.8151737, -0.4126544, 0.2627026
5.084494,0.376831,-0.529663,-0.7734374,-1.456261,-0.3328323,-58.52127, 0.07348029, -0.8151737, -0.4126544, 0.2627026
5.087261,0.376831,-0.529663,-0.7734374,-1.456261,-0.3328323,-58.52127, 0.07394662, -0.8148698, -0.4159224, 0.2565892
5.090405,0.4207763,-0.4344482,-0.8149413,-9.390831,-2.789497,-41.98074, 0.07394662, -0.8148698, -0.4159224, 0.2565892
5.093335,0.4207763,-0.4344482,-0.8149413,-9.390831,-2.789497,-41.98074, 0.07394662, -0.8148698, -0.4159224, 0.2565892
5.095706,0.4207763,-0.4344482,-0.8149413,-9.390831,-2.789497,-41.98074, 0.07394662, -0.8148698, -0.4159224, 0.2565892
5.098149,0.4207763,-0.4344482,-0.8149413,-9.390831,-2.789497,-41.98074, 0.07394662, -0.8148698, -0.4159224, 0.2565892
5.100936,0.4207763,-0.4344482,-0.8149413,-9.390831,-2.789497,-41.98074, 0.07394662, -0.8148698, -0.4159224, 0.2565892
5.103714,0.3538818,-0.4798583,-0.8164061,-14.89925,4.655838,-27.10342, 0.074092, -0.8154354, -0.4181359, 0.2505362
5.10737,0.3538818,-0.4798583,-0.8164061,-14.89925,4.655838,-27.10342, 0.074092, -0.8154354, -0.4181359, 0.2505362
5.110462,0.3538818,-0.4798583,-0.8164061,-14.89925,4.655838,-27.10342, 0.074092, -0.8154354, -0.4181359, 0.2505362
5.113806,0.3538818,-0.4798583,-0.8164061,-14.89925,4.655838,-27.10342, 0.074092, -0.8154354, -0.4181359, 0.2505362
5.122933,0.3538818,-0.4798583,-0.8164061,-14.89925,4.655838,-27.10342, 0.074092, -0.8154354, -0.4181359, 0.2505362
5.125904,0.3538818,-0.4798583,-0.8164061,-14.89925,4.655838,-27.10342, 0.074092, -0.8154354, -0.4181359, 0.2505362
5.128776,0.3538818,-0.4798583,-0.8164061,-14.89925,4.655838,-27.10342, 0.074092, -0.8154354, -0.4181359, 0.2505362
5.131611,0.3538818,-0.4798583,-0.8164061,-14.89925,4.655838,-27.10342, 0.074092, -0.8154354, -0.4181359, 0.2505362
5.134112,0.3538818,-0.4798583,-0.8164061,-14.89925,4.655838,-27.10342, 0.074092, -0.8154354, -0.4181359, 0.2505362
5.137009,0.2738037,-0.473999,-0.7050781,-7.849693,1.619339,-43.4761, 0.07435107, -0.8160937, -0.4220361, 0.2405803
5.140083,0.3323974,-0.4495849,-0.7470703,-7.987022,-10.8614,-53.25699, 0.07462145, -0.8153575, -0.4250372, 0.236587
5.142998,0.3323974,-0.4495849,-0.7470703,-7.987022,-10.8614,-53.25699, 0.07462145, -0.8153575, -0.4250372, 0.236587
5.145919,0.3323974,-0.4495849,-0.7470703,-7.987022,-10.8614,-53.25699, 0.07462145, -0.8153575, -0.4250372, 0.236587
5.148574,0.3323974,-0.4495849,-0.7470703,-7.987022,-10.8614,-53.25699, 0.07462145, -0.8153575, -0.4250372, 0.236587
5.15136,0.3323974,-0.4495849,-0.7470703,-7.987022,-10.8614,-53.25699, 0.07462145, -0.8153575, -0.4250372, 0.236587
5.154568,0.3323974,-0.4495849,-0.7470703,-7.987022,-10.8614,-53.25699, 0.07462145, -0.8153575, -0.4250372, 0.236587
5.157619,0.3323974,-0.4495849,-0.7470703,-7.987022,-10.8614,-53.25699, 0.07462145, -0.8153575, -0.4250372, 0.236587
5.160623,0.3323974,-0.4495849,-0.7470703,-7.987022,-10.8614,-53.25699, 0.07462145, -0.8153575, -0.4250372, 0.236587
5.163489,0.3323974,-0.4495849,-0.7470703,-7.987022,-10.8614,-53.25699, 0.07462145, -0.8153575, -0.4250372, 0.236587
5.165772,0.3323974,-0.4495849,-0.7470703,-7.987022,-10.8614,-53.25699, 0.07462145, -0.8153575, -0.4250372, 0.236587
5.168647,0.3323974,-0.4495849,-0.7470703,-7.987022,-10.8614,-53.25699, 0.07462145, -0.8153575, -0.4250372, 0.236587
5.17136,0.3323974,-0.4495849,-0.7470703,-7.987022,-10.8614,-53.25699, 0.07462145, -0.8153575, -0.4250372, 0.236587
5.174246,0.3323974,-0.4495849,-0.7470703,-7.987022,-10.8614,-53.25699, 0.07462145, -0.8153575, -0.4250372, 0.236587
5.177144,0.3323974,-0.4495849,-0.7470703,-7.987022,-10.8614,-53.25699, 0.07462145, -0.8153575, -0.4250372, 0.236587
5.179881,0.3323974,-0.4495849,-0.7470703,-7.987022,-10.8614,-53.25699, 0.07462145, -0.8153575, -0.4250372, 0.236587
5.182534,0.3323974,-0.4495849,-0.7470703,-7.987022,-10.8614,-53.25699, 0.07462145, -0.8153575, -0.4250372, 0.236587
5.18566,0.3323974,-0.4495849,-0.7470703,-7.987022,-10.8614,-53.25699, 0.07462145, -0.8153575, -0.4250372, 0.236587
5.188419,0.3323974,-0.4495849,-0.7470703,-7.987022,-10.8614,-53.25699, 0.07462145, -0.8153575, -0.4250372, 0.236587
5.190964,0.3323974,-0.4495849,-0.7470703,-7.987022,-10.8614,-53.25699, 0.07462145, -0.8153575, -0.4250372, 0.236587
5.193683,0.3323974,-0.4495849,-0.7470703,-7.987022,-10.8614,-53.25699, 0.07462145, -0.8153575, -0.4250372, 0.236587
5.196052,0.3323974,-0.4495849,-0.7470703,-7.987022,-10.8614,-53.25699, 0.07462145, -0.8153575, -0.4250372, 0.236587
5.198634,0.3758544,-0.3988037,-0.8095702,-11.0693,-10.28156,-43.18619, 0.07470328, -0.8149177, -0.4284842, 0.2314669
5.20188,0.3485107,-0.3782958,-0.79541,-5.103111,24.84322,-30.64346, 0.0747958, -0.8157753, -0.4328955, 0.2195105
5.20961,0.3485107,-0.3782958,-0.79541,-5.103111,24.84322,-30.64346, 0.0747958, -0.8157753, -0.4328955, 0.2195105
5.212709,0.3392333,-0.4876708,-0.7211913,2.388,34.99031,-49.73221, 0.07546529, -0.8157088, -0.4347717, 0.2127312
5.215862,0.3392333,-0.4876708,-0.7211913,2.388,34.99031,-49.73221, 0.07546529, -0.8157088, -0.4347717, 0.2127312
5.218519,0.3392333,-0.4876708,-0.7211913,2.388,34.99031,-49.73221, 0.07546529, -0.8157088, -0.4347717, 0.2127312
5.22195,0.3392333,-0.4876708,-0.7211913,2.388,34.99031,-49.73221, 0.07546529, -0.8157088, -0.4347717, 0.2127312
5.232255,0.3392333,-0.4876708,-0.7211913,2.388,34.99031,-49.73221, 0.07546529, -0.8157088, -0.4347717, 0.2127312
5.234923,0.3392333,-0.4876708,-0.7211913,2.388,34.99031,-49.73221, 0.07546529, -0.8157088, -0.4347717, 0.2127312
5.237853,0.3392333,-0.4876708,-0.7211913,2.388,34.99031,-49.73221, 0.07546529, -0.8157088, -0.4347717, 0.2127312
5.240642,0.3392333,-0.4876708,-0.7211913,2.388,34.99031,-49.73221, 0.07546529, -0.8157088, -0.4347717, 0.2127312
5.243427,0.3392333,-0.4876708,-0.7211913,2.388,34.99031,-49.73221, 0.07546529, -0.8157088, -0.4347717, 0.2127312
5.246723,0.3392333,-0.4876708,-0.7211913,2.388,34.99031,-49.73221, 0.07546529, -0.8157088, -0.4347717, 0.2127312
5.249571,0.3392333,-0.4876708,-0.7211913,2.388,34.99031,-49.73221, 0.07546529, -0.8157088, -0.4347717, 0.2127312
5.252494,0.3392333,-0.4876708,-0.7211913,2.388,34.99031,-49.73221, 0.07546529, -0.8157088, -0.4347717, 0.2127312
5.255111,0.3392333,-0.4876708,-0.7211913,2.388,34.99031,-49.73221, 0.07546529, -0.8157088, -0.4347717, 0.2127312
5.257534,0.3392333,-0.4876708,-0.7211913,2.388,34.99031,-49.73221, 0.07546529, -0.8157088, -0.4347717, 0.2127312
5.260333,0.3807372,-0.4110107,-0.7294921,3.196716,33.00667,-55.8815, 0.07632464, -0.8149129, -0.4374966, 0.2057764
5.263225,0.3992919,-0.3387451,-0.7617186,-10.41317,29.3293,-45.53604, 0.07681064, -0.8146292, -0.440194, 0.1984752
5.265937,0.3992919,-0.3387451,-0.7617186,-10.41317,29.3293,-45.53604, 0.07681064, -0.8146292, -0.440194, 0.1984752
5.268624,0.3992919,-0.3387451,-0.7617186,-10.41317,29.3293,-45.53604, 0.07681064, -0.8146292, -0.440194, 0.1984752
5.271174,0.3992919,-0.3387451,-0.7617186,-10.41317,29.3293,-45.53604, 0.07681064, -0.8146292, -0.440194, 0.1984752
5.273612,0.3992919,-0.3387451,-0.7617186,-10.41317,29.3293,-45.53604, 0.07681064, -0.8146292, -0.440194, 0.1984752
5.276432,0.3782958,-0.3358154,-0.7734374,-14.3652,27.34566,-36.33499, 0.07697831, -0.8149173, -0.4424281, 0.1912806
5.279665,0.3782958,-0.3358154,-0.7734374,-14.3652,27.34566,-36.33499, 0.07697831, -0.8149173, -0.4424281, 0.1912806
5.282234,0.3782958,-0.3358154,-0.7734374,-14.3652,27.34566,-36.33499, 0.07697831, -0.8149173, -0.4424281, 0.1912806
5.285038,0.3782958,-0.3358154,-0.7734374,-14.3652,27.34566,-36.33499, 0.07697831, -0.8149173, -0.4424281, 0.1912806
5.287649,0.3782958,-0.3358154,-0.7734374,-14.3652,27.34566,-36.33499, 0.07697831, -0.8149173, -0.4424281, 0.1912806
5.290498,0.3782958,-0.3358154,-0.7734374,-14.3652,27.34566,-36.33499, 0.07697831, -0.8149173, -0.4424281, 0.1912806
5.293127,0.3782958,-0.3358154,-0.7734374,-14.3652,27.34566,-36.33499, 0.07697831, -0.8149173, -0.4424281, 0.1912806
5.295728,0.3782958,-0.3358154,-0.7734374,-14.3652,27.34566,-36.33499, 0.07697831, -0.8149173, -0.4424281, 0.1912806
5.298007,0.3782958,-0.3358154,-0.7734374,-14.3652,27.34566,-36.33499, 0.07697831, -0.8149173, -0.4424281, 0.1912806
5.300281,0.3782958,-0.3358154,-0.7734374,-14.3652,27.34566,-36.33499, 0.07697831, -0.8149173, -0.4424281, 0.1912806
5.302748,0.3782958,-0.3358154,-0.7734374,-14.3652,27.34566,-36.33499, 0.07697831, -0.8149173, -0.4424281, 0.1912806
5.305306,0.3782958,-0.3358154,-0.7734374,-14.3652,27.34566,-36.33499, 0.07697831, -0.8149173, -0.4424281, 0.1912806
5.308126,0.3763427,-0.4227294,-0.6899413,-5.560875,21.44051,-37.15897, 0.07721397, -0.8149631, -0.4438182, 0.1864678
5.311389,0.3763427,-0.4227294,-0.6899413,-5.560875,21.44051,-37.15897, 0.07721397, -0.8149631, -0.4438182, 0.1864678
5.314508,0.3763427,-0.4227294,-0.6899413,-5.560875,21.44051,-37.15897, 0.07721397, -0.8149631, -0.4438182, 0.1864678
5.317505,0.3763427,-0.4227294,-0.6899413,-5.560875,21.44051,-37.15897, 0.07721397, -0.8149631, -0.4438182, 0.1864678
5.320353,0.3763427,-0.4227294,-0.6899413,-5.560875,21.44051,-37.15897, 0.07721397, -0.8149631, -0.4438182, 0.1864678
5.324389,0.4222412,-0.3402099,-0.7006835,-23.76461,-0.3480911,-53.73001, 0.07755192, -0.8132305, -0.4480536, 0.181872
5.335108,0.4222412,-0.3402099,-0.7006835,-23.76461,-0.3480911,-53.73001, 0.07755192, -0.8132305, -0.4480536, 0.181872
5.338202,0.4222412,-0.3402099,-0.7006835,-23.76461,-0.3480911,-53.73001, 0.07727959, -0.81285, -0.4520176, 0.1752767
5.341331,0.4437255,-0.3182373,-0.7871093,-28.54061,6.792068,-54.90494, 0.07727959, -0.81285, -0.4520176, 0.1752767
5.344017,0.4437255,-0.3182373,-0.7871093,-28.54061,6.792068,-54.90494, 0.07727959, -0.81285, -0.4520176, 0.1752767
5.34674,0.4437255,-0.3182373,-0.7871093,-28.54061,6.792068,-54.90494, 0.07727959, -0.81285, -0.4520176, 0.1752767
5.3493,0.4437255,-0.3182373,-0.7871093,-28.54061,6.792068,-54.90494, 0.07727959, -0.81285, -0.4520176, 0.1752767
5.351651,0.4437255,-0.3182373,-0.7871093,-28.54061,6.792068,-54.90494, 0.07727959, -0.81285, -0.4520176, 0.1752767
5.354381,0.4437255,-0.3182373,-0.7871093,-28.54061,6.792068,-54.90494, 0.07727959, -0.81285, -0.4520176, 0.1752767
5.361701,0.4437255,-0.3182373,-0.7871093,-28.54061,6.792068,-54.90494, 0.07727959, -0.81285, -0.4520176, 0.1752767
5.364336,0.4437255,-0.3182373,-0.7871093,-28.54061,6.792068,-54.90494, 0.07727959, -0.81285, -0.4520176, 0.1752767
5.36677,0.4437255,-0.3182373,-0.7871093,-28.54061,6.792068,-54.90494, 0.07727959, -0.81285, -0.4520176, 0.1752767
5.369396,0.4437255,-0.3182373,-0.7871093,-28.54061,6.792068,-54.90494, 0.07727959, -0.81285, -0.4520176, 0.1752767
5.37274,0.4398193,-0.2938232,-0.7578124,-18.24093,18.12935,-57.63626, 0.07713471, -0.8123852, -0.455881, 0.1681806
5.376272,0.4398193,-0.2938232,-0.7578124,-18.24093,18.12935,-57.63626, 0.07713471, -0.8123852, -0.455881, 0.1681806
5.378938,0.4398193,-0.2938232,-0.7578124,-18.24093,18.12935,-57.63626, 0.07713471, -0.8123852, -0.455881, 0.1681806
5.381752,0.4398193,-0.2938232,-0.7578124,-18.24093,18.12935,-57.63626, 0.07713471, -0.8123852, -0.455881, 0.1681806
5.384071,0.4398193,-0.2938232,-0.7578124,-18.24093,18.12935,-57.63626, 0.07713471, -0.8123852, -0.455881, 0.1681806
5.387435,0.4388427,-0.4290771,-0.5996093,0.7400513,12.65144,-69.00406, 0.07780719, -0.8093362, -0.4623394, 0.1607223
5.390414,0.4998779,-0.3123779,-0.6152343,-8.963585,0.1087189,-68.57681, 0.07780719, -0.8093362, -0.4623394, 0.1607223
5.393544,0.4998779,-0.3123779,-0.6152343,-8.963585,0.1087189,-68.57681, 0.07780719, -0.8093362, -0.4623394, 0.1607223
5.396878,0.4998779,-0.3123779,-0.6152343,-8.963585,0.1087189,-68.57681, 0.07780719, -0.8093362, -0.4623394, 0.1607223
5.399434,0.4998779,-0.3123779,-0.6152343,-8.963585,0.1087189,-68.57681, 0.07780719, -0.8093362, -0.4623394, 0.1607223
5.402254,0.4998779,-0.3123779,-0.6152343,-8.963585,0.1087189,-68.57681, 0.07780719, -0.8093362, -0.4623394, 0.1607223
5.40527,0.4998779,-0.3123779,-0.6152343,-8.963585,0.1087189,-68.57681, 0.07780719, -0.8093362, -0.4623394, 0.1607223
5.407967,0.4998779,-0.3123779,-0.6152343,-8.963585,0.1087189,-68.57681, 0.07780719, -0.8093362, -0.4623394, 0.1607223
5.411294,0.4998779,-0.3123779,-0.6152343,-8.963585,0.1087189,-68.57681, 0.07780719, -0.8093362, -0.4623394, 0.1607223
5.414485,0.4998779,-0.3123779,-0.6152343,-8.963585,0.1087189,-68.57681, 0.07780719, -0.8093362, -0.4623394, 0.1607223
5.416969,0.4998779,-0.3123779,-0.6152343,-8.963585,0.1087189,-68.57681, 0.07780719, -0.8093362, -0.4623394, 0.1607223
5.419876,0.4998779,-0.3123779,-0.6152343,-8.963585,0.1087189,-68.57681, 0.07780719, -0.8093362, -0.4623394, 0.1607223
5.422693,0.4998779,-0.3123779,-0.6152343,-8.963585,0.1087189,-68.57681, 0.07780719, -0.8093362, -0.4623394, 0.1607223
5.425346,0.4998779,-0.3123779,-0.6152343,-8.963585,0.1087189,-68.57681, 0.07780719, -0.8093362, -0.4623394, 0.1607223
5.427917,0.4998779,-0.3123779,-0.6152343,-8.963585,0.1087189,-68.57681, 0.07780719, -0.8093362, -0.4623394, 0.1607223
5.431473,0.4998779,-0.3123779,-0.6152343,-8.963585,0.1087189,-68.57681, 0.07780719, -0.8093362, -0.4623394, 0.1607223
5.440115,0.5941162,-0.2332763,-0.8251952,-30.37167,40.28511,-37.25052, 0.07743056, -0.8083851, -0.4698978, 0.1454225
5.443377,0.5941162,-0.2332763,-0.8251952,-30.37167,40.28511,-37.25052, 0.07743056, -0.8083851, -0.4698978, 0.1454225
5.445961,0.5941162,-0.2332763,-0.8251952,-30.37167,40.28511,-37.25052, 0.07743056, -0.8083851, -0.4698978, 0.1454225
5.448677,0.5941162,-0.2332763,-0.8251952,-30.37167,40.28511,-37.25052, 0.07743056, -0.8083851, -0.4698978, 0.1454225
5.4516,0.4930419,-0.3123779,-0.6030273,-0.02193451,63.08174,-52.38724, 0.07848302, -0.8083407, -0.4722583, 0.1291595
5.454639,0.4930419,-0.3123779,-0.6030273,-0.02193451,63.08174,-52.38724, 0.07848302, -0.8083407, -0.4722583, 0.1291595
5.457283,0.4930419,-0.3123779,-0.6030273,-0.02193451,63.08174,-52.38724, 0.07848302, -0.8083407, -0.4722583, 0.1291595
5.45986,0.4930419,-0.3123779,-0.6030273,-0.02193451,63.08174,-52.38724, 0.07848302, -0.8083407, -0.4722583, 0.1291595
5.46215,0.4930419,-0.3123779,-0.6030273,-0.02193451,63.08174,-52.38724, 0.07848302, -0.8083407, -0.4722583, 0.1291595
5.46469,0.4930419,-0.3123779,-0.6030273,-0.02193451,63.08174,-52.38724, 0.07848302, -0.8083407, -0.4722583, 0.1291595
5.467537,0.4930419,-0.3123779,-0.6030273,-0.02193451,63.08174,-52.38724, 0.07848302, -0.8083407, -0.4722583, 0.1291595
5.470571,0.4930419,-0.3123779,-0.6030273,-0.02193451,63.08174,-52.38724, 0.07848302, -0.8083407, -0.4722583, 0.1291595
5.473465,0.4930419,-0.3123779,-0.6030273,-0.02193451,63.08174,-52.38724, 0.07848302, -0.8083407, -0.4722583, 0.1291595
5.476061,0.4930419,-0.3123779,-0.6030273,-0.02193451,63.08174,-52.38724, 0.07848302, -0.8083407, -0.4722583, 0.1291595
5.478585,0.4930419,-0.3123779,-0.6030273,-0.02193451,63.08174,-52.38724, 0.07848302, -0.8083407, -0.4722583, 0.1291595
5.481484,0.4930419,-0.3123779,-0.6030273,-0.02193451,63.08174,-52.38724, 0.07848302, -0.8083407, -0.4722583, 0.1291595
5.484427,0.4930419,-0.3123779,-0.6030273,-0.02193451,63.08174,-52.38724, 0.07848302, -0.8083407, -0.4722583, 0.1291595
5.487285,0.4930419,-0.3123779,-0.6030273,-0.02193451,63.08174,-52.38724, 0.07848302, -0.8083407, -0.4722583, 0.1291595
5.489925,0.4930419,-0.3123779,-0.6030273,-0.02193451,63.08174,-52.38724, 0.07848302, -0.8083407, -0.4722583, 0.1291595
5.492707,0.4930419,-0.3123779,-0.6030273,-0.02193451,63.08174,-52.38724, 0.07848302, -0.8083407, -0.4722583, 0.1291595
5.495318,0.4930419,-0.3123779,-0.6030273,-0.02193451,63.08174,-52.38724, 0.07848302, -0.8083407, -0.4722583, 0.1291595
5.497774,0.4930419,-0.3123779,-0.6030273,-0.02193451,63.08174,-52.38724, 0.07911901, -0.8075412, -0.4735816, 0.1237211
5.500388,0.6180419,-0.1356201,-0.7299804,-34.62887,39.75105,-54.61502, 0.07912755, -0.806977, -0.4766881, 0.1150944
5.503248,0.6180419,-0.1356201,-0.7299804,-34.62887,39.75105,-54.61502, 0.07912755, -0.806977, -0.4766881, 0.1150944
5.506081,0.6180419,-0.1356201,-0.7299804,-34.62887,39.75105,-54.61502, 0.07912755, -0.806977, -0.4766881, 0.1150944
5.513323,0.6180419,-0.1356201,-0.7299804,-34.62887,39.75105,-54.61502, 0.07912755, -0.806977, -0.4766881, 0.1150944
5.516676,0.614624,-0.1717529,-0.7495117,-31.77547,40.86494,-56.8428, 0.0789288, -0.8064063, -0.4803671, 0.1053112
5.519479,0.614624,-0.1717529,-0.7495117,-31.77547,40.86494,-56.8428, 0.0789288, -0.8064063, -0.4803671, 0.1053112
5.522646,0.614624,-0.1717529,-0.7495117,-31.77547,40.86494,-56.8428, 0.0789288, -0.8064063, -0.4803671, 0.1053112
5.525478,0.614624,-0.1717529,-0.7495117,-31.77547,40.86494,-56.8428, 0.0789288, -0.8064063, -0.4803671, 0.1053112
5.52782,0.614624,-0.1717529,-0.7495117,-31.77547,40.86494,-56.8428, 0.0789288, -0.8064063, -0.4803671, 0.1053112
5.530174,0.614624,-0.1717529,-0.7495117,-31.77547,40.86494,-56.8428, 0.0789288, -0.8064063, -0.4803671, 0.1053112
5.532967,0.614624,-0.1717529,-0.7495117,-31.77547,40.86494,-56.8428, 0.0789288, -0.8064063, -0.4803671, 0.1053112
5.535347,0.614624,-0.1717529,-0.7495117,-31.77547,40.86494,-56.8428, 0.0789288, -0.8064063, -0.4803671, 0.1053112
5.539218,0.614624,-0.1717529,-0.7495117,-31.77547,40.86494,-56.8428, 0.0789288, -0.8064063, -0.4803671, 0.1053112
5.547906,0.614624,-0.1717529,-0.7495117,-31.77547,40.86494,-56.8428, 0.0789288, -0.8064063, -0.4803671, 0.1053112
5.55068,0.614624,-0.1717529,-0.7495117,-31.77547,40.86494,-56.8428, 0.0789288, -0.8064063, -0.4803671, 0.1053112
5.553373,0.614624,-0.1717529,-0.7495117,-31.77547,40.86494,-56.8428, 0.0789288, -0.8064063, -0.4803671, 0.1053112
5.55661,0.614624,-0.1717529,-0.7495117,-31.77547,40.86494,-56.8428, 0.0789288, -0.8064063, -0.4803671, 0.1053112
5.559159,0.614624,-0.1717529,-0.7495117,-31.77547,40.86494,-56.8428, 0.0789288, -0.8064063, -0.4803671, 0.1053112
5.562283,0.6746826,-0.1722412,-0.6899413,-17.17281,25.89607,-64.82315, 0.07946029, -0.803005, -0.4882487, 0.0879783
5.565438,0.7694091,-0.08435058,-0.8032225,-26.48067,34.48677,-54.44717, 0.07944746, -0.801602, -0.4919272, 0.08009204
5.568408,0.7694091,-0.08435058,-0.8032225,-26.48067,34.48677,-54.44717, 0.07944746, -0.801602, -0.4919272, 0.08009204
5.571476,0.7694091,-0.08435058,-0.8032225,-26.48067,34.48677,-54.44717, 0.07944746, -0.801602, -0.4919272, 0.08009204
5.574396,0.7694091,-0.08435058,-0.8032225,-26.48067,34.48677,-54.44717, 0.07944746, -0.801602, -0.4919272, 0.08009204
5.577931,0.7630614,-0.03552246,-0.8588866,-25.41256,61.43379,-51.85318, 0.07961208, -0.8009024, -0.4935796, 0.07441034
5.580941,0.7630614,-0.03552246,-0.8588866,-25.41256,61.43379,-51.85318, 0.07961208, -0.8009024, -0.4935796, 0.07441034
5.583916,0.7630614,-0.03552246,-0.8588866,-25.41256,61.43379,-51.85318, 0.07961208, -0.8009024, -0.4935796, 0.07441034
5.586392,0.7630614,-0.03552246,-0.8588866,-25.41256,61.43379,-51.85318, 0.07961208, -0.8009024, -0.4935796, 0.07441034
5.589379,0.7630614,-0.03552246,-0.8588866,-25.41256,61.43379,-51.85318, 0.07961208, -0.8009024, -0.4935796, 0.07441034
5.592211,0.7630614,-0.03552246,-0.8588866,-25.41256,61.43379,-51.85318, 0.07961208, -0.8009024, -0.4935796, 0.07441034
5.594957,0.7630614,-0.03552246,-0.8588866,-25.41256,61.43379,-51.85318, 0.07961208, -0.8009024, -0.4935796, 0.07441034
5.597366,0.7630614,-0.03552246,-0.8588866,-25.41256,61.43379,-51.85318, 0.07961208, -0.8009024, -0.4935796, 0.07441034
5.599704,0.7630614,-0.03552246,-0.8588866,-25.41256,61.43379,-51.85318, 0.07961208, -0.8009024, -0.4935796, 0.07441034
5.602022,0.7630614,-0.03552246,-0.8588866,-25.41256,61.43379,-51.85318, 0.07961208, -0.8009024, -0.4935796, 0.07441034
5.604663,0.7630614,-0.03552246,-0.8588866,-25.41256,61.43379,-51.85318, 0.07961208, -0.8009024, -0.4935796, 0.07441034
5.60772,0.7816161,-0.1346435,-0.7836913,-12.65621,77.39449,-62.04605, 0.08020148, -0.7997485, -0.4950564, 0.0677524
5.611564,0.7816161,-0.1346435,-0.7836913,-12.65621,77.39449,-62.04605, 0.08020148, -0.7997485, -0.4950564, 0.0677524
5.614844,0.7816161,-0.1346435,-0.7836913,-12.65621,77.39449,-62.04605, 0.08020148, -0.7997485, -0.4950564, 0.0677524
5.617603,0.7816161,-0.1346435,-0.7836913,-12.65621,77.39449,-62.04605, 0.08020148, -0.7997485, -0.4950564, 0.0677524
5.620741,0.7816161,-0.1346435,-0.7836913,-12.65621,77.39449,-62.04605, 0.08020148, -0.7997485, -0.4950564, 0.0677524
5.623748,0.7791747,-0.1864014,-0.6538085,3.440857,62.0594,-68.39371, 0.0817406, -0.7946696, -0.5019931, 0.04726368
5.626798,0.826538,-0.1239014,-0.6357421,-4.9963,28.85628,-66.44058, 0.0817406, -0.7946696, -0.5019931, 0.04726368
5.629196,0.826538,-0.1239014,-0.6357421,-4.9963,28.85628,-66.44058, 0.0817406, -0.7946696, -0.5019931, 0.04726368
5.632228,0.826538,-0.1239014,-0.6357421,-4.9963,28.85628,-66.44058, 0.0817406, -0.7946696, -0.5019931, 0.04726368
5.63469,0.826538,-0.1239014,-0.6357421,-4.9963,28.85628,-66.44058, 0.0817406, -0.7946696, -0.5019931, 0.04726368
5.63728,0.826538,-0.1239014,-0.6357421,-4.9963,28.85628,-66.44058, 0.0817406, -0.7946696, -0.5019931, 0.04726368
5.640765,0.826538,-0.1239014,-0.6357421,-4.9963,28.85628,-66.44058, 0.0817406, -0.7946696, -0.5019931, 0.04726368
5.644518,0.826538,-0.1239014,-0.6357421,-4.9963,28.85628,-66.44058, 0.0817406, -0.7946696, -0.5019931, 0.04726368
5.655074,0.826538,-0.1239014,-0.6357421,-4.9963,28.85628,-66.44058, 0.0817406, -0.7946696, -0.5019931, 0.04726368
5.657987,0.826538,-0.1239014,-0.6357421,-4.9963,28.85628,-66.44058, 0.0817406, -0.7946696, -0.5019931, 0.04726368
5.664899,0.826538,-0.1239014,-0.6357421,-4.9963,28.85628,-66.44058, 0.0817406, -0.7946696, -0.5019931, 0.04726368
5.667964,0.826538,-0.1239014,-0.6357421,-4.9963,28.85628,-66.44058, 0.0817406, -0.7946696, -0.5019931, 0.04726368
5.670868,0.8885497,-0.04821777,-0.8222655,-26.93844,4.12178,-37.90665, 0.08125842, -0.7924443, -0.5072264, 0.04001396
5.673967,0.8885497,-0.04821777,-0.8222655,-26.93844,4.12178,-37.90665, 0.08125842, -0.7924443, -0.5072264, 0.04001396
5.676634,0.8885497,-0.04821777,-0.8222655,-26.93844,4.12178,-37.90665, 0.08125842, -0.7924443, -0.5072264, 0.04001396
5.679502,0.8885497,-0.04821777,-0.8222655,-26.93844,4.12178,-37.90665, 0.08125842, -0.7924443, -0.5072264, 0.04001396
5.682367,0.8885497,-0.04821777,-0.8222655,-26.93844,4.12178,-37.90665, 0.08125842, -0.7924443, -0.5072264, 0.04001396
5.685446,0.8568114,-0.1673584,-0.7949218,-15.21969,7.463455,-42.01126, 0.08102244, -0.7919567, -0.5087132, 0.03751109
5.68833,0.8568114,-0.1673584,-0.7949218,-15.21969,7.463455,-42.01126, 0.08102244, -0.7919567, -0.5087132, 0.03751109
5.690823,0.8568114,-0.1673584,-0.7949218,-15.21969,7.463455,-42.01126, 0.08102244, -0.7919567, -0.5087132, 0.03751109
5.693731,0.8568114,-0.1673584,-0.7949218,-15.21969,7.463455,-42.01126, 0.08102244, -0.7919567, -0.5087132, 0.03751109
5.696525,0.8568114,-0.1673584,-0.7949218,-15.21969,7.463455,-42.01126, 0.08102244, -0.7919567, -0.5087132, 0.03751109
5.699274,0.8568114,-0.1673584,-0.7949218,-15.21969,7.463455,-42.01126, 0.08102244, -0.7919567, -0.5087132, 0.03751109
5.701837,0.8568114,-0.1673584,-0.7949218,-15.21969,7.463455,-42.01126, 0.08102244, -0.7919567, -0.5087132, 0.03751109
5.704671,0.8568114,-0.1673584,-0.7949218,-15.21969,7.463455,-42.01126, 0.08102244, -0.7919567, -0.5087132, 0.03751109
5.707356,0.8568114,-0.1673584,-0.7949218,-15.21969,7.463455,-42.01126, 0.08102244, -0.7919567, -0.5087132, 0.03751109
5.710004,0.8568114,-0.1673584,-0.7949218,-15.21969,7.463455,-42.01126, 0.08102244, -0.7919567, -0.5087132, 0.03751109
5.712502,0.8568114,-0.1673584,-0.7949218,-15.21969,7.463455,-42.01126, 0.08102244, -0.7919567, -0.5087132, 0.03751109
5.715338,0.8568114,-0.1673584,-0.7949218,-15.21969,7.463455,-42.01126, 0.08102244, -0.7919567, -0.5087132, 0.03751109
5.717813,0.8568114,-0.1673584,-0.7949218,-15.21969,7.463455,-42.01126, 0.08102244, -0.7919567, -0.5087132, 0.03751109
5.720196,0.8568114,-0.1673584,-0.7949218,-15.21969,7.463455,-42.01126, 0.08102244, -0.7919567, -0.5087132, 0.03751109
5.722879,0.8568114,-0.1673584,-0.7949218,-15.21969,7.463455,-42.01126, 0.08102244, -0.7919567, -0.5087132, 0.03751109
5.725386,0.8568114,-0.1673584,-0.7949218,-15.21969,7.463455,-42.01126, 0.08102244, -0.7919567, -0.5087132, 0.03751109
5.727829,0.8568114,-0.1673584,-0.7949218,-15.21969,7.463455,-42.01126, 0.08102244, -0.7919567, -0.5087132, 0.03751109
5.730287,0.8568114,-0.1673584,-0.7949218,-15.21969,7.463455,-42.01126, 0.08102244, -0.7919567, -0.5087132, 0.03751109
5.733045,0.8895262,-0.04382324,-0.7114257,-10.58102,-8.05378,-45.15457, 0.08102126, -0.7892494, -0.5134306, 0.02947387
5.735914,0.8895262,-0.04382324,-0.7114257,-10.58102,-8.05378,-45.15457, 0.08102126, -0.7892494, -0.5134306, 0.02947387
5.738853,0.8895262,-0.04382324,-0.7114257,-10.58102,-8.05378,-45.15457, 0.08102126, -0.7892494, -0.5134306, 0.02947387
5.741889,0.8895262,-0.04382324,-0.7114257,-10.58102,-8.05378,-45.15457, 0.08102126, -0.7892494, -0.5134306, 0.02947387
5.744495,0.8895262,-0.04382324,-0.7114257,-10.58102,-8.05378,-45.15457, 0.08102126, -0.7892494, -0.5134306, 0.02947387
5.747318,0.8895262,-0.04382324,-0.7114257,-10.58102,-8.05378,-45.15457, 0.08102126, -0.7892494, -0.5134306, 0.02947387
5.750449,0.9569091,-0.008178711,-0.8081053,-20.17879,8.455276,-34.61075, 0.08074388, -0.7892766, -0.5141469, 0.02695494
5.754044,0.9569091,-0.008178711,-0.8081053,-20.17879,8.455276,-34.61075, 0.08074388, -0.7892766, -0.5141469, 0.02695494
5.762989,0.9129637,0.006958,-0.7734374,-11.69491,31.80122,-24.08218, 0.08076577, -0.7896522, -0.5136875, 0.02356979
5.766173,0.9129637,0.006958,-0.7734374,-11.69491,31.80122,-24.08218, 0.08076577, -0.7896522, -0.5136875, 0.02356979
5.768551,0.9129637,0.006958,-0.7734374,-11.69491,31.80122,-24.08218, 0.08076577, -0.7896522, -0.5136875, 0.02356979
5.771097,0.9129637,0.006958,-0.7734374,-11.69491,31.80122,-24.08218, 0.08076577, -0.7896522, -0.5136875, 0.02356979
5.774141,0.9129637,0.006958,-0.7734374,-11.69491,31.80122,-24.08218, 0.08076577, -0.7896522, -0.5136875, 0.02356979
5.776962,0.9129637,0.006958,-0.7734374,-11.69491,31.80122,-24.08218, 0.08076577, -0.7896522, -0.5136875, 0.02356979
5.779704,0.9129637,0.006958,-0.7734374,-11.69491,31.80122,-24.08218, 0.08076577, -0.7896522, -0.5136875, 0.02356979
5.782305,0.9129637,0.006958,-0.7734374,-11.69491,31.80122,-24.08218, 0.08076577, -0.7896522, -0.5136875, 0.02356979
5.784738,0.9129637,0.006958,-0.7734374,-11.69491,31.80122,-24.08218, 0.08076577, -0.7896522, -0.5136875, 0.02356979
5.787811,0.9129637,0.006958,-0.7734374,-11.69491,31.80122,-24.08218, 0.08076577, -0.7896522, -0.5136875, 0.02356979
5.790755,0.9129637,0.006958,-0.7734374,-11.69491,31.80122,-24.08218, 0.08076577, -0.7896522, -0.5136875, 0.02356979
5.793447,0.8162841,-0.0008544922,-0.6655273,-2.112389,42.1772,-18.65005, 0.08106887, -0.7895757, -0.5133749, 0.0173562
5.796387,0.8162841,-0.0008544922,-0.6655273,-2.112389,42.1772,-18.65005, 0.08106887, -0.7895757, -0.5133749, 0.0173562
5.799412,0.8162841,-0.0008544922,-0.6655273,-2.112389,42.1772,-18.65005, 0.08106887, -0.7895757, -0.5133749, 0.0173562
5.80186,0.8162841,-0.0008544922,-0.6655273,-2.112389,42.1772,-18.65005, 0.08106887, -0.7895757, -0.5133749, 0.0173562
5.804569,0.8162841,-0.0008544922,-0.6655273,-2.112389,42.1772,-18.65005, 0.08106887, -0.7895757, -0.5133749, 0.0173562
5.807544,0.8162841,-0.0008544922,-0.6655273,-2.112389,42.1772,-18.65005, 0.08106887, -0.7895757, -0.5133749, 0.0173562
5.810892,0.8597411,-0.0213623,-0.6791992,-5.362511,25.74348,-27.82059, 0.08171245, -0.7884263, -0.5139839, 0.0007677395
5.818515,0.8597411,-0.0213623,-0.6791992,-5.362511,25.74348,-27.82059, 0.08171245, -0.7884263, -0.5139839, 0.0007677395
5.821439,0.8597411,-0.0213623,-0.6791992,-5.362511,25.74348,-27.82059, 0.08171245, -0.7884263, -0.5139839, 0.0007677395
5.824646,0.8597411,-0.0213623,-0.6791992,-5.362511,25.74348,-27.82059, 0.08171245, -0.7884263, -0.5139839, 0.0007677395
5.827269,0.8597411,-0.0213623,-0.6791992,-5.362511,25.74348,-27.82059, 0.08171245, -0.7884263, -0.5139839, 0.0007677395
5.829649,0.8597411,-0.0213623,-0.6791992,-5.362511,25.74348,-27.82059, 0.08171245, -0.7884263, -0.5139839, 0.0007677395
5.832154,0.8597411,-0.0213623,-0.6791992,-5.362511,25.74348,-27.82059, 0.08171245, -0.7884263, -0.5139839, 0.0007677395
5.835068,0.8597411,-0.0213623,-0.6791992,-5.362511,25.74348,-27.82059, 0.08171245, -0.7884263, -0.5139839, 0.0007677395
5.837732,0.8597411,-0.0213623,-0.6791992,-5.362511,25.74348,-27.82059, 0.08171245, -0.7884263, -0.5139839, 0.0007677395
5.840318,0.8597411,-0.0213623,-0.6791992,-5.362511,25.74348,-27.82059, 0.08171245, -0.7884263, -0.5139839, 0.0007677395
5.843285,0.8597411,-0.0213623,-0.6791992,-5.362511,25.74348,-27.82059, 0.08171245, -0.7884263, -0.5139839, 0.0007677395
5.846104,0.8597411,-0.0213623,-0.6791992,-5.362511,25.74348,-27.82059, 0.08171245, -0.7884263, -0.5139839, 0.0007677395
5.848769,0.8597411,-0.0213623,-0.6791992,-5.362511,25.74348,-27.82059, 0.08171245, -0.7884263, -0.5139839, 0.0007677395
5.851091,0.8597411,-0.0213623,-0.6791992,-5.362511,25.74348,-27.82059, 0.08171245, -0.7884263, -0.5139839, 0.0007677395
5.853558,0.8597411,-0.0213623,-0.6791992,-5.362511,25.74348,-27.82059, 0.08171245, -0.7884263, -0.5139839, 0.0007677395
5.856935,0.9124755,0.02307128,-0.7270507,-13.57174,21.98982,-21.32034, 0.08177586, -0.7892188, -0.5126163, -0.00260058
5.860162,0.7733153,0.03088378,-0.6557617,-4.569054,13.1855,-11.53946, 0.08163622, -0.7906244, -0.5106105, -0.01277367
5.862827,0.7733153,0.03088378,-0.6557617,-4.569054,13.1855,-11.53946, 0.08163622, -0.7906244, -0.5106105, -0.01277367
5.866562,0.7733153,0.03088378,-0.6557617,-4.569054,13.1855,-11.53946, 0.08163622, -0.7906244, -0.5106105, -0.01277367
5.876955,0.7742919,-0.01647949,-0.6625976,-10.04696,11.61385,-19.29092, 0.0813995, -0.7906898, -0.5108361, -0.01944095
5.880206,0.7742919,-0.01647949,-0.6625976,-10.04696,11.61385,-19.29092, 0.0813995, -0.7906898, -0.5108361, -0.01944095
5.882964,0.7742919,-0.01647949,-0.6625976,-10.04696,11.61385,-19.29092, 0.0813995, -0.7906898, -0.5108361, -0.01944095
5.885319,0.7742919,-0.01647949,-0.6625976,-10.04696,11.61385,-19.29092, 0.0813995, -0.7906898, -0.5108361, -0.01944095
5.888167,0.7742919,-0.01647949,-0.6625976,-10.04696,11.61385,-19.29092, 0.0813995, -0.7906898, -0.5108361, -0.01944095
5.891069,0.7742919,-0.01647949,-0.6625976,-10.04696,11.61385,-19.29092, 0.0813995, -0.7906898, -0.5108361, -0.01944095
5.893707,0.7742919,-0.01647949,-0.6625976,-10.04696,11.61385,-19.29092, 0.0813995, -0.7906898, -0.5108361, -0.01944095
5.896126,0.7742919,-0.01647949,-0.6625976,-10.04696,11.61385,-19.29092, 0.0813995, -0.7906898, -0.5108361, -0.01944095
5.898791,0.7742919,-0.01647949,-0.6625976,-10.04696,11.61385,-19.29092, 0.0813995, -0.7906898, -0.5108361, -0.01944095
5.901404,0.7742919,-0.01647949,-0.6625976,-10.04696,11.61385,-19.29092, 0.0813995, -0.7906898, -0.5108361, -0.01944095
5.904273,0.7742919,-0.01647949,-0.6625976,-10.04696,11.61385,-19.29092, 0.0813995, -0.7906898, -0.5108361, -0.01944095
5.907742,0.7742919,-0.01647949,-0.6625976,-10.04696,11.61385,-19.29092, 0.0813995, -0.7906898, -0.5108361, -0.01944095
5.910532,0.7742919,-0.01647949,-0.6625976,-10.04696,11.61385,-19.29092, 0.0813995, -0.7906898, -0.5108361, -0.01944095
5.913108,0.7742919,-0.01647949,-0.6625976,-10.04696,11.61385,-19.29092, 0.0813995, -0.7906898, -0.5108361, -0.01944095
5.91571,0.7742919,-0.01647949,-0.6625976,-10.04696,11.61385,-19.29092, 0.0813995, -0.7906898, -0.5108361, -0.01944095
5.918343,0.7742919,-0.01647949,-0.6625976,-10.04696,11.61385,-19.29092, 0.0813995, -0.7906898, -0.5108361, -0.01944095
5.921409,0.8572997,0.03479003,-0.7094726,-1.456261,20.41817,-23.42606, 0.08125433, -0.790635, -0.5107946, -0.02902367
5.924464,0.8572997,0.03479003,-0.7094726,-1.456261,20.41817,-23.42606, 0.08125433, -0.790635, -0.5107946, -0.02902367
5.92741,0.8572997,0.03479003,-0.7094726,-1.456261,20.41817,-23.42606, 0.08125433, -0.790635, -0.5107946, -0.02902367
5.930233,0.8572997,0.03479003,-0.7094726,-1.456261,20.41817,-23.42606, 0.08125433, -0.790635, -0.5107946, -0.02902367
5.933513,0.8572997,0.03479003,-0.7094726,-1.456261,20.41817,-23.42606, 0.08129812, -0.7903678, -0.5107287, -0.03508612
5.936452,0.8157958,0.05432128,-0.6640624,3.852844,22.31026,-14.95743, 0.08129812, -0.7903678, -0.5107287, -0.03508612
5.940147,0.8157958,0.05432128,-0.6640624,3.852844,22.31026,-14.95743, 0.08129812, -0.7903678, -0.5107287, -0.03508612
5.943426,0.8157958,0.05432128,-0.6640624,3.852844,22.31026,-14.95743, 0.08129812, -0.7903678, -0.5107287, -0.03508612
5.946696,0.8157958,0.05432128,-0.6640624,3.852844,22.31026,-14.95743, 0.08129812, -0.7903678, -0.5107287, -0.03508612
5.950382,0.8157958,0.05432128,-0.6640624,3.852844,22.31026,-14.95743, 0.08129812, -0.7903678, -0.5107287, -0.03508612
5.953785,0.8157958,0.05432128,-0.6640624,3.852844,22.31026,-14.95743, 0.08129812, -0.7903678, -0.5107287, -0.03508612
5.957111,0.8157958,0.05432128,-0.6640624,3.852844,22.31026,-14.95743, 0.08129812, -0.7903678, -0.5107287, -0.03508612
5.96058,0.8157958,0.05432128,-0.6640624,3.852844,22.31026,-14.95743, 0.08129812, -0.7903678, -0.5107287, -0.03508612
5.964167,0.8157958,0.05432128,-0.6640624,3.852844,22.31026,-14.95743, 0.08129812, -0.7903678, -0.5107287, -0.03508612
5.974196,0.8157958,0.05432128,-0.6640624,3.852844,22.31026,-14.95743, 0.08129812, -0.7903678, -0.5107287, -0.03508612
5.984008,0.8402098,-0.0008544922,-0.5815429,-1.151085,11.53755,-26.46255, 0.08156463, -0.7879111, -0.5122365, -0.05430654
5.987525,0.8402098,-0.0008544922,-0.5815429,-1.151085,11.53755,-26.46255, 0.08156463, -0.7879111, -0.5122365, -0.05430654
5.990757,0.8402098,-0.0008544922,-0.5815429,-1.151085,11.53755,-26.46255, 0.08156463, -0.7879111, -0.5122365, -0.05430654
5.994059,0.8402098,-0.0008544922,-0.5815429,-1.151085,11.53755,-26.46255, 0.08156463, -0.7879111, -0.5122365, -0.05430654
5.997211,0.8402098,-0.0008544922,-0.5815429,-1.151085,11.53755,-26.46255, 0.08156463, -0.7879111, -0.5122365, -0.05430654
5.999739,0.8402098,-0.0008544922,-0.5815429,-1.151085,11.53755,-26.46255, 0.08156463, -0.7879111, -0.5122365, -0.05430654
6.002077,0.8402098,-0.0008544922,-0.5815429,-1.151085,11.53755,-26.46255, 0.08156463, -0.7879111, -0.5122365, -0.05430654
6.004659,0.8402098,-0.0008544922,-0.5815429,-1.151085,11.53755,-26.46255, 0.08156463, -0.7879111, -0.5122365, -0.05430654
6.007929,0.8402098,-0.0008544922,-0.5815429,-1.151085,11.53755,-26.46255, 0.08156463, -0.7879111, -0.5122365, -0.05430654
6.011166,0.8402098,-0.0008544922,-0.5815429,-1.151085,11.53755,-26.46255, 0.08156463, -0.7879111, -0.5122365, -0.05430654
6.014478,0.8402098,-0.0008544922,-0.5815429,-1.151085,11.53755,-26.46255, 0.08156463, -0.7879111, -0.5122365, -0.05430654
6.017649,0.8402098,-0.0008544922,-0.5815429,-1.151085,11.53755,-26.46255, 0.08156463, -0.7879111, -0.5122365, -0.05430654
6.020454,0.8402098,-0.0008544922,-0.5815429,-1.151085,11.53755,-26.46255, 0.08156463, -0.7879111, -0.5122365, -0.05430654
6.023733,0.8402098,-0.0008544922,-0.5815429,-1.151085,11.53755,-26.46255, 0.08156463, -0.7879111, -0.5122365, -0.05430654
6.026835,0.8402098,-0.0008544922,-0.5815429,-1.151085,11.53755,-26.46255, 0.08156463, -0.7879111, -0.5122365, -0.05430654
6.029981,0.8011473,0.05432128,-0.5571288,-9.696007,5.754471,-16.17813, 0.0813484, -0.7873986, -0.5127738, -0.06087966
6.03332,0.8011473,0.05432128,-0.5571288,-9.696007,5.754471,-16.17813, 0.0813484, -0.7873986, -0.5127738, -0.06087966
6.03631,0.8011473,0.05432128,-0.5571288,-9.696007,5.754471,-16.17813, 0.0813484, -0.7873986, -0.5127738, -0.06087966
6.039479,0.8011473,0.05432128,-0.5571288,-9.696007,5.754471,-16.17813, 0.0813484, -0.7873986, -0.5127738, -0.06087966
6.042661,0.8011473,0.05432128,-0.5571288,-9.696007,5.754471,-16.17813, 0.0813484, -0.7873986, -0.5127738, -0.06087966
6.046675,0.807495,0.01818847,-0.6674804,-16.59298,11.23238,-31.2233, 0.07969567, -0.7870967, -0.5145908, -0.07803301
6.050338,0.807495,0.01818847,-0.6674804,-16.59298,11.23238,-31.2233, 0.07969567, -0.7870967, -0.5145908, -0.07803301
6.053426,0.807495,0.01818847,-0.6674804,-16.59298,11.23238,-31.2233, 0.07969567, -0.7870967, -0.5145908, -0.07803301
6.05717,0.807495,0.01818847,-0.6674804,-16.59298,11.23238,-31.2233, 0.07969567, -0.7870967, -0.5145908, -0.07803301
6.060447,0.807495,0.01818847,-0.6674804,-16.59298,11.23238,-31.2233, 0.07969567, -0.7870967, -0.5145908, -0.07803301
6.063977,0.807495,0.01818847,-0.6674804,-16.59298,11.23238,-31.2233, 0.07969567, -0.7870967, -0.5145908, -0.07803301
6.066723,0.807495,0.01818847,-0.6674804,-16.59298,11.23238,-31.2233, 0.07969567, -0.7870967, -0.5145908, -0.07803301
6.069299,0.807495,0.01818847,-0.6674804,-16.59298,11.23238,-31.2233, 0.07969567, -0.7870967, -0.5145908, -0.07803301
6.072521,0.807495,0.01818847,-0.6674804,-16.59298,11.23238,-31.2233, 0.07969567, -0.7870967, -0.5145908, -0.07803301
6.076588,0.807495,0.01818847,-0.6674804,-16.59298,11.23238,-31.2233, 0.07969567, -0.7870967, -0.5145908, -0.07803301
6.08566,0.807495,0.01818847,-0.6674804,-16.59298,11.23238,-31.2233, 0.07969567, -0.7870967, -0.5145908, -0.07803301
6.08842,0.807495,0.01818847,-0.6674804,-16.59298,11.23238,-31.2233, 0.07969567, -0.7870967, -0.5145908, -0.07803301
6.09096,0.8875731,0.03283691,-0.6674804,-7.01046,18.64815,-33.98514, 0.0795559, -0.786414, -0.5153606, -0.08176446
6.094004,0.8807372,0.07336424,-0.633789,-4.889488,17.56477,-24.20425, 0.07954156, -0.7858965, -0.5155852, -0.08543897
6.096619,0.8807372,0.07336424,-0.633789,-4.889488,17.56477,-24.20425, 0.07954156, -0.7858965, -0.5155852, -0.08543897
6.099178,0.8807372,0.07336424,-0.633789,-4.889488,17.56477,-24.20425, 0.07954156, -0.7858965, -0.5155852, -0.08543897
6.101663,0.8807372,0.07336424,-0.633789,-4.889488,17.56477,-24.20425, 0.07954156, -0.7858965, -0.5155852, -0.08543897
6.104336,0.8807372,0.07336424,-0.633789,-4.889488,17.56477,-24.20425, 0.07954156, -0.7858965, -0.5155852, -0.08543897
6.10767,0.8836669,0.1021728,-0.6596679,-13.75484,13.82637,-16.26968, 0.07925871, -0.7855697, -0.5156881, -0.0913379
6.111681,0.8836669,0.1021728,-0.6596679,-13.75484,13.82637,-16.26968, 0.07925871, -0.7855697, -0.5156881, -0.0913379
6.115357,0.8836669,0.1021728,-0.6596679,-13.75484,13.82637,-16.26968, 0.07925871, -0.7855697, -0.5156881, -0.0913379
6.123996,0.9056395,0.03381347,-0.7358398,-14.16683,13.62801,-13.79776, 0.07907785, -0.7859767, -0.5150749, -0.09348626
6.127033,0.9056395,0.03381347,-0.7358398,-14.16683,13.62801,-13.79776, 0.07907785, -0.7859767, -0.5150749, -0.09348626
6.129592,0.9056395,0.03381347,-0.7358398,-14.16683,13.62801,-13.79776, 0.07907785, -0.7859767, -0.5150749, -0.09348626
6.132403,0.9056395,0.03381347,-0.7358398,-14.16683,13.62801,-13.79776, 0.07907785, -0.7859767, -0.5150749, -0.09348626
6.134756,0.9056395,0.03381347,-0.7358398,-14.16683,13.62801,-13.79776, 0.07907785, -0.7859767, -0.5150749, -0.09348626
6.137378,0.9056395,0.03381347,-0.7358398,-14.16683,13.62801,-13.79776, 0.07907785, -0.7859767, -0.5150749, -0.09348626
6.140345,0.9056395,0.03381347,-0.7358398,-14.16683,13.62801,-13.79776, 0.07907785, -0.7859767, -0.5150749, -0.09348626
6.143161,0.9056395,0.03381347,-0.7358398,-14.16683,13.62801,-13.79776, 0.07907785, -0.7859767, -0.5150749, -0.09348626
6.14606,0.9056395,0.03381347,-0.7358398,-14.16683,13.62801,-13.79776, 0.07907785, -0.7859767, -0.5150749, -0.09348626
6.148843,0.9056395,0.03381347,-0.7358398,-14.16683,13.62801,-13.79776, 0.07907785, -0.7859767, -0.5150749, -0.09348626
6.151105,0.9056395,0.03381347,-0.7358398,-14.16683,13.62801,-13.79776, 0.07907785, -0.7859767, -0.5150749, -0.09348626
6.153949,0.9056395,0.03381347,-0.7358398,-14.16683,13.62801,-13.79776, 0.0790578, -0.7860974, -0.5145549, -0.09555148
6.156967,0.9476317,-0.03991699,-0.7412109,-2.60067,16.98494,-16.28494, 0.0790578, -0.7860974, -0.5145549, -0.09555148
6.159579,0.9476317,-0.03991699,-0.7412109,-2.60067,16.98494,-16.28494, 0.0790578, -0.7860974, -0.5145549, -0.09555148
6.161903,0.9476317,-0.03991699,-0.7412109,-2.60067,16.98494,-16.28494, 0.0790578, -0.7860974, -0.5145549, -0.09555148
6.164488,0.9476317,-0.03991699,-0.7412109,-2.60067,16.98494,-16.28494, 0.0790578, -0.7860974, -0.5145549, -0.09555148
6.167132,0.9476317,-0.03991699,-0.7412109,-2.60067,16.98494,-16.28494, 0.0790578, -0.7860974, -0.5145549, -0.09555148
6.16983,0.9525145,0.004028313,-0.6826171,8.262634,11.27815,-12.65335, 0.07927097, -0.7854664, -0.5148486, -0.09665678
6.172956,0.9144286,0.08020018,-0.6220703,0.7858276,1.146317,-6.122589, 0.07934301, -0.785852, -0.5139397, -0.09751952
6.176116,0.9144286,0.08020018,-0.6220703,0.7858276,1.146317,-6.122589, 0.07934301, -0.785852, -0.5139397, -0.09751952
6.180041,0.9144286,0.08020018,-0.6220703,0.7858276,1.146317,-6.122589, 0.07934301, -0.785852, -0.5139397, -0.09751952
6.191038,0.9144286,0.08020018,-0.6220703,0.7858276,1.146317,-6.122589, 0.07934301, -0.785852, -0.5139397, -0.09751952
6.19409,0.9144286,0.08020018,-0.6220703,0.7858276,1.146317,-6.122589, 0.07934301, -0.785852, -0.5139397, -0.09751952
6.196511,0.9144286,0.08020018,-0.6220703,0.7858276,1.146317,-6.122589, 0.07934301, -0.785852, -0.5139397, -0.09751952
6.199012,0.9144286,0.08020018,-0.6220703,0.7858276,1.146317,-6.122589, 0.07934301, -0.785852, -0.5139397, -0.09751952
6.201744,0.9144286,0.08020018,-0.6220703,0.7858276,1.146317,-6.122589, 0.07934301, -0.785852, -0.5139397, -0.09751952
6.204802,0.9144286,0.08020018,-0.6220703,0.7858276,1.146317,-6.122589, 0.07934301, -0.785852, -0.5139397, -0.09751952
6.207437,0.9144286,0.08020018,-0.6220703,0.7858276,1.146317,-6.122589, 0.07934301, -0.785852, -0.5139397, -0.09751952
6.210682,0.9144286,0.08020018,-0.6220703,0.7858276,1.146317,-6.122589, 0.07934301, -0.785852, -0.5139397, -0.09751952
6.213418,0.9144286,0.08020018,-0.6220703,0.7858276,1.146317,-6.122589, 0.07934301, -0.785852, -0.5139397, -0.09751952
6.216321,0.8919677,0.09875487,-0.6582031,-11.66439,-4.422188,-0.5226135, 0.07879244, -0.7875814, -0.5119978, -0.1000584
6.21927,0.8924559,0.06701659,-0.7099609,-9.02462,0.3223419,2.90966, 0.07879244, -0.7875814, -0.5119978, -0.1000584
6.222138,0.8924559,0.06701659,-0.7099609,-9.02462,0.3223419,2.90966, 0.07879244, -0.7875814, -0.5119978, -0.1000584
6.225182,0.8924559,0.06701659,-0.7099609,-9.02462,0.3223419,2.90966, 0.07879244, -0.7875814, -0.5119978, -0.1000584
6.227891,0.8924559,0.06701659,-0.7099609,-9.02462,0.3223419,2.90966, 0.07879244, -0.7875814, -0.5119978, -0.1000584
6.23037,0.8880614,0.04455566,-0.6796874,2.861023,8.073807,3.550529, 0.07879676, -0.788319, -0.5107148, -0.1007555
6.23323,0.8880614,0.04455566,-0.6796874,2.861023,8.073807,3.550529, 0.07879676, -0.788319, -0.5107148, -0.1007555
6.235776,0.8880614,0.04455566,-0.6796874,2.861023,8.073807,3.550529, 0.07879676, -0.788319, -0.5107148, -0.1007555
6.238494,0.8880614,0.04455566,-0.6796874,2.861023,8.073807,3.550529, 0.07879676, -0.788319, -0.5107148, -0.1007555
6.241173,0.8880614,0.04455566,-0.6796874,2.861023,8.073807,3.550529, 0.07879676, -0.788319, -0.5107148, -0.1007555
6.243697,0.8880614,0.04455566,-0.6796874,2.861023,8.073807,3.550529, 0.07879676, -0.788319, -0.5107148, -0.1007555
6.246563,0.8880614,0.04455566,-0.6796874,2.861023,8.073807,3.550529, 0.07879676, -0.788319, -0.5107148, -0.1007555
6.249527,0.8880614,0.04455566,-0.6796874,2.861023,8.073807,3.550529, 0.07879676, -0.788319, -0.5107148, -0.1007555
6.252154,0.8880614,0.04455566,-0.6796874,2.861023,8.073807,3.550529, 0.07879676, -0.788319, -0.5107148, -0.1007555
6.254797,0.8880614,0.04455566,-0.6796874,2.861023,8.073807,3.550529, 0.07879676, -0.788319, -0.5107148, -0.1007555
6.257685,0.8880614,0.04455566,-0.6796874,2.861023,8.073807,3.550529, 0.07879676, -0.788319, -0.5107148, -0.1007555
6.260483,0.8880614,0.04455566,-0.6796874,2.861023,8.073807,3.550529, 0.07879676, -0.788319, -0.5107148, -0.1007555
6.263205,0.8880614,0.04455566,-0.6796874,2.861023,8.073807,3.550529, 0.07879676, -0.788319, -0.5107148, -0.1007555
6.265735,0.8880614,0.04455566,-0.6796874,2.861023,8.073807,3.550529, 0.07879676, -0.788319, -0.5107148, -0.1007555
6.272721,0.8880614,0.04455566,-0.6796874,2.861023,8.073807,3.550529, 0.07879676, -0.788319, -0.5107148, -0.1007555
6.275675,0.8880614,0.04455566,-0.6796874,2.861023,8.073807,3.550529, 0.07875948, -0.7879013, -0.5105131, -0.1053513
6.278998,0.7923583,0.1280517,-0.6040038,6.690979,5.800247,3.825188, 0.07865667, -0.787413, -0.5105792, -0.1096781
6.282069,0.7923583,0.1280517,-0.6040038,6.690979,5.800247,3.825188, 0.07865667, -0.787413, -0.5105792, -0.1096781
6.285179,0.7923583,0.1280517,-0.6040038,6.690979,5.800247,3.825188, 0.07865667, -0.787413, -0.5105792, -0.1096781
6.294174,0.7928466,0.08215331,-0.6416015,-0.05245209,8.302689,1.582146, 0.07811811, -0.7861482, -0.5117086, -0.1185592
6.297365,0.7928466,0.08215331,-0.6416015,-0.05245209,8.302689,1.582146, 0.07811811, -0.7861482, -0.5117086, -0.1185592
6.299758,0.7928466,0.08215331,-0.6416015,-0.05245209,8.302689,1.582146, 0.07811811, -0.7861482, -0.5117086, -0.1185592
6.302495,0.7928466,0.08215331,-0.6416015,-0.05245209,8.302689,1.582146, 0.07811811, -0.7861482, -0.5117086, -0.1185592
6.305334,0.7928466,0.08215331,-0.6416015,-0.05245209,8.302689,1.582146, 0.07811811, -0.7861482, -0.5117086, -0.1185592
6.308059,0.7928466,0.08215331,-0.6416015,-0.05245209,8.302689,1.582146, 0.07811811, -0.7861482, -0.5117086, -0.1185592
6.311624,0.7928466,0.08215331,-0.6416015,-0.05245209,8.302689,1.582146, 0.07811811, -0.7861482, -0.5117086, -0.1185592
6.314723,0.7928466,0.08215331,-0.6416015,-0.05245209,8.302689,1.582146, 0.07811811, -0.7861482, -0.5117086, -0.1185592
6.317328,0.7928466,0.08215331,-0.6416015,-0.05245209,8.302689,1.582146, 0.07811811, -0.7861482, -0.5117086, -0.1185592
6.320069,0.7928466,0.08215331,-0.6416015,-0.05245209,8.302689,1.582146, 0.07811811, -0.7861482, -0.5117086, -0.1185592
6.322665,0.7928466,0.08215331,-0.6416015,-0.05245209,8.302689,1.582146, 0.07811811, -0.7861482, -0.5117086, -0.1185592
6.325388,0.7928466,0.08215331,-0.6416015,-0.05245209,8.302689,1.582146, 0.07811811, -0.7861482, -0.5117086, -0.1185592
6.327881,0.7928466,0.08215331,-0.6416015,-0.05245209,8.302689,1.582146, 0.07811811, -0.7861482, -0.5117086, -0.1185592
6.330455,0.7928466,0.08215331,-0.6416015,-0.05245209,8.302689,1.582146, 0.07811811, -0.7861482, -0.5117086, -0.1185592
6.332941,0.7928466,0.08215331,-0.6416015,-0.05245209,8.302689,1.582146, 0.07811811, -0.7861482, -0.5117086, -0.1185592
6.335866,0.7928466,0.08215331,-0.6416015,-0.05245209,8.302689,1.582146, 0.07811811, -0.7861482, -0.5117086, -0.1185592
6.338473,0.7928466,0.08215331,-0.6416015,-0.05245209,8.302689,1.582146, 0.07811811, -0.7861482, -0.5117086, -0.1185592
6.341658,0.7576903,0.05041503,-0.5512695,8.140564,1.420975,1.139641, 0.07795683, -0.7847973, -0.5123233, -0.1261113
6.34504,0.7576903,0.05041503,-0.5512695,8.140564,1.420975,1.139641, 0.07795683, -0.7847973, -0.5123233, -0.1261113
6.348163,0.7576903,0.05041503,-0.5512695,8.140564,1.420975,1.139641, 0.07795683, -0.7847973, -0.5123233, -0.1261113
6.351043,0.7576903,0.05041503,-0.5512695,8.140564,1.420975,1.139641, 0.07795683, -0.7847973, -0.5123233, -0.1261113
6.353633,0.7576903,0.05041503,-0.5512695,8.140564,1.420975,1.139641, 0.07795683, -0.7847973, -0.5123233, -0.1261113
6.356433,0.779663,0.07238768,-0.5639648,2.449036,-3.705025,-3.604889, 0.07774366, -0.7840381, -0.513073, -0.1295922
6.359349,0.779663,0.07238768,-0.5639648,2.449036,-3.705025,-3.604889, 0.07774366, -0.7840381, -0.513073, -0.1295922
6.362059,0.779663,0.07238768,-0.5639648,2.449036,-3.705025,-3.604889, 0.07774366, -0.7840381, -0.513073, -0.1295922
6.364392,0.779663,0.07238768,-0.5639648,2.449036,-3.705025,-3.604889, 0.07774366, -0.7840381, -0.513073, -0.1295922
6.366853,0.779663,0.07238768,-0.5639648,2.449036,-3.705025,-3.604889, 0.07774366, -0.7840381, -0.513073, -0.1295922
6.369179,0.779663,0.07238768,-0.5639648,2.449036,-3.705025,-3.604889, 0.07774366, -0.7840381, -0.513073, -0.1295922
6.372071,0.779663,0.07238768,-0.5639648,2.449036,-3.705025,-3.604889, 0.07774366, -0.7840381, -0.513073, -0.1295922
6.374569,0.779663,0.07238768,-0.5639648,2.449036,-3.705025,-3.604889, 0.07774366, -0.7840381, -0.513073, -0.1295922
6.377227,0.779663,0.07238768,-0.5639648,2.449036,-3.705025,-3.604889, 0.07774366, -0.7840381, -0.513073, -0.1295922
6.380036,0.779663,0.07238768,-0.5639648,2.449036,-3.705025,-3.604889, 0.07774366, -0.7840381, -0.513073, -0.1295922
6.382829,0.779663,0.07238768,-0.5639648,2.449036,-3.705025,-3.604889, 0.07774366, -0.7840381, -0.513073, -0.1295922
6.386058,0.8031005,0.1119385,-0.5854492,-2.829552,-4.559517,-5.115509, 0.07736987, -0.7832418, -0.5141203, -0.1333527
6.395392,0.8031005,0.1119385,-0.5854492,-2.829552,-4.559517,-5.115509, 0.07736987, -0.7832418, -0.5141203, -0.1333527
6.398733,0.8031005,0.1119385,-0.5854492,-2.829552,-4.559517,-5.115509, 0.07736987, -0.7832418, -0.5141203, -0.1333527
6.401305,0.8031005,0.1119385,-0.5854492,-2.829552,-4.559517,-5.115509, 0.07736987, -0.7832418, -0.5141203, -0.1333527
6.404125,0.795288,0.02893066,-0.5737304,3.227234,1.283646,-2.231598, 0.07674966, -0.7814687, -0.5161327, -0.1408162
6.407185,0.795288,0.02893066,-0.5737304,3.227234,1.283646,-2.231598, 0.07674966, -0.7814687, -0.5161327, -0.1408162
6.410064,0.795288,0.02893066,-0.5737304,3.227234,1.283646,-2.231598, 0.07674966, -0.7814687, -0.5161327, -0.1408162
6.412903,0.795288,0.02893066,-0.5737304,3.227234,1.283646,-2.231598, 0.07674966, -0.7814687, -0.5161327, -0.1408162
6.41579,0.795288,0.02893066,-0.5737304,3.227234,1.283646,-2.231598, 0.07674966, -0.7814687, -0.5161327, -0.1408162
6.422853,0.807495,0.04211425,-0.5683593,4.707336,2.626419,-2.307892, 0.07669185, -0.7801942, -0.5172721, -0.1441067
6.425875,0.807495,0.04211425,-0.5683593,4.707336,2.626419,-2.307892, 0.07669185, -0.7801942, -0.5172721, -0.1441067
6.428386,0.807495,0.04211425,-0.5683593,4.707336,2.626419,-2.307892, 0.07669185, -0.7801942, -0.5172721, -0.1441067
6.430688,0.807495,0.04211425,-0.5683593,4.707336,2.626419,-2.307892, 0.07669185, -0.7801942, -0.5172721, -0.1441067
6.433129,0.807495,0.04211425,-0.5683593,4.707336,2.626419,-2.307892, 0.07669185, -0.7801942, -0.5172721, -0.1441067
6.435738,0.807495,0.04211425,-0.5683593,4.707336,2.626419,-2.307892, 0.07669185, -0.7801942, -0.5172721, -0.1441067
6.438306,0.807495,0.04211425,-0.5683593,4.707336,2.626419,-2.307892, 0.07669185, -0.7801942, -0.5172721, -0.1441067
6.440863,0.807495,0.04211425,-0.5683593,4.707336,2.626419,-2.307892, 0.07669185, -0.7801942, -0.5172721, -0.1441067
6.443446,0.807495,0.04211425,-0.5683593,4.707336,2.626419,-2.307892, 0.07669185, -0.7801942, -0.5172721, -0.1441067
6.446002,0.807495,0.04211425,-0.5683593,4.707336,2.626419,-2.307892, 0.07669185, -0.7801942, -0.5172721, -0.1441067
6.448781,0.8143309,0.07238768,-0.5698242,4.249573,2.885818,-0.629425, 0.07662852, -0.7788903, -0.5184091, -0.1475087
6.451672,0.8143309,0.07238768,-0.5698242,4.249573,2.885818,-0.629425, 0.07662852, -0.7788903, -0.5184091, -0.1475087
6.454135,0.8143309,0.07238768,-0.5698242,4.249573,2.885818,-0.629425, 0.07662852, -0.7788903, -0.5184091, -0.1475087
6.457059,0.8143309,0.07238768,-0.5698242,4.249573,2.885818,-0.629425, 0.07662852, -0.7788903, -0.5184091, -0.1475087
6.459733,0.8143309,0.07238768,-0.5698242,4.249573,2.885818,-0.629425, 0.07662852, -0.7788903, -0.5184091, -0.1475087
6.462558,0.8143309,0.07238768,-0.5698242,4.249573,2.885818,-0.629425, 0.07662852, -0.7788903, -0.5184091, -0.1475087
6.465312,0.7821044,0.08605956,-0.5600585,-2.371788,0.2765656,2.573967, 0.07625878, -0.7767542, -0.5203761, -0.154379
6.46815,0.7821044,0.08605956,-0.5600585,-2.371788,0.2765656,2.573967, 0.07625878, -0.7767542, -0.5203761, -0.154379
6.471054,0.7821044,0.08605956,-0.5600585,-2.371788,0.2765656,2.573967, 0.07625878, -0.7767542, -0.5203761, -0.154379
6.473987,0.7821044,0.08605956,-0.5600585,-2.371788,0.2765656,2.573967, 0.07625878, -0.7767542, -0.5203761, -0.154379
6.477112,0.7821044,0.08605956,-0.5600585,-2.371788,0.2765656,2.573967, 0.07625878, -0.7767542, -0.5203761, -0.154379
6.479945,0.7821044,0.08605956,-0.5600585,-2.371788,0.2765656,2.573967, 0.07625878, -0.7767542, -0.5203761, -0.154379
6.482644,0.7821044,0.08605956,-0.5600585,-2.371788,0.2765656,2.573967, 0.07625878, -0.7767542, -0.5203761, -0.154379
6.485018,0.7821044,0.08605956,-0.5600585,-2.371788,0.2765656,2.573967, 0.07625878, -0.7767542, -0.5203761, -0.154379
6.488648,0.7821044,0.08605956,-0.5600585,-2.371788,0.2765656,2.573967, 0.07625878, -0.7767542, -0.5203761, -0.154379
6.49754,0.7821044,0.08605956,-0.5600585,-2.371788,0.2765656,2.573967, 0.07625878, -0.7767542, -0.5203761, -0.154379
6.500567,0.7821044,0.08605956,-0.5600585,-2.371788,0.2765656,2.573967, 0.07625878, -0.7767542, -0.5203761, -0.154379
6.502964,0.7821044,0.08605956,-0.5600585,-2.371788,0.2765656,2.573967, 0.07625878, -0.7767542, -0.5203761, -0.154379
6.505978,0.7821044,0.08605956,-0.5600585,-2.371788,0.2765656,2.573967, 0.07625878, -0.7767542, -0.5203761, -0.154379
6.508449,0.7821044,0.08605956,-0.5600585,-2.371788,0.2765656,2.573967, 0.07625878, -0.7767542, -0.5203761, -0.154379
6.511727,0.819702,0.07141112,-0.5937499,-0.5712509,-2.591133,-4.428864, 0.07565085, -0.7749251, -0.522384, -0.1608552
6.514925,0.819702,0.07141112,-0.5937499,-0.5712509,-2.591133,-4.428864, 0.07565085, -0.7749251, -0.522384, -0.1608552
6.517766,0.819702,0.07141112,-0.5937499,-0.5712509,-2.591133,-4.428864, 0.07565085, -0.7749251, -0.522384, -0.1608552
6.520627,0.819702,0.07141112,-0.5937499,-0.5712509,-2.591133,-4.428864, 0.07565085, -0.7749251, -0.522384, -0.1608552
6.523627,0.819702,0.07141112,-0.5937499,-0.5712509,-2.591133,-4.428864, 0.07565085, -0.7749251, -0.522384, -0.1608552
6.5262,0.8348387,0.08801268,-0.6079101,3.211975,1.22261,-4.535675, 0.07542875, -0.7736919, -0.5236233, -0.1641908
6.529033,0.8348387,0.08801268,-0.6079101,3.211975,1.22261,-4.535675, 0.07542875, -0.7736919, -0.5236233, -0.1641908
6.53162,0.8348387,0.08801268,-0.6079101,3.211975,1.22261,-4.535675, 0.07542875, -0.7736919, -0.5236233, -0.1641908
6.534106,0.8348387,0.08801268,-0.6079101,3.211975,1.22261,-4.535675, 0.07542875, -0.7736919, -0.5236233, -0.1641908
6.536522,0.8348387,0.08801268,-0.6079101,3.211975,1.22261,-4.535675, 0.07542875, -0.7736919, -0.5236233, -0.1641908
6.538939,0.8348387,0.08801268,-0.6079101,3.211975,1.22261,-4.535675, 0.07542875, -0.7736919, -0.5236233, -0.1641908
6.541909,0.8348387,0.08801268,-0.6079101,3.211975,1.22261,-4.535675, 0.07542875, -0.7736919, -0.5236233, -0.1641908
6.545256,0.8226317,0.08996581,-0.5722656,1.960754,5.311966,-0.9346008, 0.07531933, -0.7721974, -0.5249765, -0.1675753
6.548201,0.8226317,0.08996581,-0.5722656,1.960754,5.311966,-0.9346008, 0.07531933, -0.7721974, -0.5249765, -0.1675753
6.550688,0.8226317,0.08996581,-0.5722656,1.960754,5.311966,-0.9346008, 0.07531933, -0.7721974, -0.5249765, -0.1675753
6.553175,0.8226317,0.08996581,-0.5722656,1.960754,5.311966,-0.9346008, 0.07531933, -0.7721974, -0.5249765, -0.1675753
6.5559,0.8226317,0.08996581,-0.5722656,1.960754,5.311966,-0.9346008, 0.07531933, -0.7721974, -0.5249765, -0.1675753
6.558672,0.8226317,0.08996581,-0.5722656,1.960754,5.311966,-0.9346008, 0.07531933, -0.7721974, -0.5249765, -0.1675753
6.56159,0.8226317,0.08996581,-0.5722656,1.960754,5.311966,-0.9346008, 0.07531933, -0.7721974, -0.5249765, -0.1675753
6.564021,0.8226317,0.08996581,-0.5722656,1.960754,5.311966,-0.9346008, 0.07531933, -0.7721974, -0.5249765, -0.1675753
6.56638,0.8226317,0.08996581,-0.5722656,1.960754,5.311966,-0.9346008, 0.07531933, -0.7721974, -0.5249765, -0.1675753
6.573324,0.7904052,0.08654784,-0.5751953,-1.563072,4.213333,2.177238, 0.07519265, -0.7708647, -0.5261165, -0.1709009
6.576457,0.7904052,0.08654784,-0.5751953,-1.563072,4.213333,2.177238, 0.07519265, -0.7708647, -0.5261165, -0.1709009
6.579534,0.7904052,0.08654784,-0.5751953,-1.563072,4.213333,2.177238, 0.07519265, -0.7708647, -0.5261165, -0.1709009
6.582165,0.7904052,0.08654784,-0.5751953,-1.563072,4.213333,2.177238, 0.07519265, -0.7708647, -0.5261165, -0.1709009
6.584749,0.7904052,0.08654784,-0.5751953,-1.563072,4.213333,2.177238, 0.07519265, -0.7708647, -0.5261165, -0.1709009
6.587541,0.7904052,0.08654784,-0.5751953,-1.563072,4.213333,2.177238, 0.07519265, -0.7708647, -0.5261165, -0.1709009
6.590466,0.8133544,0.04797363,-0.5786132,1.64032,-1.019478,-1.270294, 0.0749214, -0.768336, -0.5284795, -0.1765741
6.593387,0.8133544,0.04797363,-0.5786132,1.64032,-1.019478,-1.270294, 0.0749214, -0.768336, -0.5284795, -0.1765741
6.595799,0.8133544,0.04797363,-0.5786132,1.64032,-1.019478,-1.270294, 0.0749214, -0.768336, -0.5284795, -0.1765741
6.599333,0.8133544,0.04797363,-0.5786132,1.64032,-1.019478,-1.270294, 0.0749214, -0.768336, -0.5284795, -0.1765741
6.608471,0.8133544,0.04797363,-0.5786132,1.64032,-1.019478,-1.270294, 0.0749214, -0.768336, -0.5284795, -0.1765741
6.611843,0.8133544,0.04797363,-0.5786132,1.64032,-1.019478,-1.270294, 0.0749214, -0.768336, -0.5284795, -0.1765741
6.614672,0.8133544,0.04797363,-0.5786132,1.64032,-1.019478,-1.270294, 0.0749214, -0.768336, -0.5284795, -0.1765741
6.617153,0.8133544,0.04797363,-0.5786132,1.64032,-1.019478,-1.270294, 0.0749214, -0.768336, -0.5284795, -0.1765741
6.619502,0.8133544,0.04797363,-0.5786132,1.64032,-1.019478,-1.270294, 0.0749214, -0.768336, -0.5284795, -0.1765741
6.622518,0.8133544,0.04797363,-0.5786132,1.64032,-1.019478,-1.270294, 0.0749214, -0.768336, -0.5284795, -0.1765741
6.625378,0.8133544,0.04797363,-0.5786132,1.64032,-1.019478,-1.270294, 0.0749214, -0.768336, -0.5284795, -0.1765741
6.628223,0.8133544,0.04797363,-0.5786132,1.64032,-1.019478,-1.270294, 0.0749214, -0.768336, -0.5284795, -0.1765741
6.630797,0.8133544,0.04797363,-0.5786132,1.64032,-1.019478,-1.270294, 0.0749214, -0.768336, -0.5284795, -0.1765741
6.633484,0.8133544,0.04797363,-0.5786132,1.64032,-1.019478,-1.270294, 0.0749214, -0.768336, -0.5284795, -0.1765741
6.636469,0.8133544,0.04797363,-0.5786132,1.64032,-1.019478,-1.270294, 0.0749214, -0.768336, -0.5284795, -0.1765741
6.64007,0.8133544,0.04797363,-0.5786132,1.64032,-1.019478,-1.270294, 0.0749214, -0.768336, -0.5284795, -0.1765741
6.643306,0.8133544,0.04797363,-0.5786132,1.64032,-1.019478,-1.270294, 0.0749214, -0.768336, -0.5284795, -0.1765741
6.645997,0.8133544,0.04797363,-0.5786132,1.64032,-1.019478,-1.270294, 0.0749214, -0.768336, -0.5284795, -0.1765741
6.64877,0.8133544,0.04797363,-0.5786132,1.64032,-1.019478,-1.270294, 0.0749214, -0.768336, -0.5284795, -0.1765741
6.65147,0.8157958,0.06359862,-0.5839843,2.311707,-2.545357,-0.9803772, 0.0747762, -0.7669473, -0.5298951, -0.1792116
6.654328,0.7855223,0.08703612,-0.5673828,-7.025719,-5.612373,-1.514435, 0.07428448, -0.7642815, -0.5329546, -0.1843204
6.657378,0.7855223,0.08703612,-0.5673828,-7.025719,-5.612373,-1.514435, 0.07428448, -0.7642815, -0.5329546, -0.1843204
6.659928,0.7855223,0.08703612,-0.5673828,-7.025719,-5.612373,-1.514435, 0.07428448, -0.7642815, -0.5329546, -0.1843204
6.662219,0.7855223,0.08703612,-0.5673828,-7.025719,-5.612373,-1.514435, 0.07428448, -0.7642815, -0.5329546, -0.1843204
6.664817,0.7855223,0.08703612,-0.5673828,-7.025719,-5.612373,-1.514435, 0.07428448, -0.7642815, -0.5329546, -0.1843204
6.667675,0.7855223,0.08703612,-0.5673828,-7.025719,-5.612373,-1.514435, 0.07428448, -0.7642815, -0.5329546, -0.1843204
6.67038,0.7855223,0.08703612,-0.5673828,-7.025719,-5.612373,-1.514435, 0.07428448, -0.7642815, -0.5329546, -0.1843204
6.672994,0.7855223,0.08703612,-0.5673828,-7.025719,-5.612373,-1.514435, 0.07428448, -0.7642815, -0.5329546, -0.1843204
6.675906,0.7855223,0.08703612,-0.5673828,-7.025719,-5.612373,-1.514435, 0.07428448, -0.7642815, -0.5329546, -0.1843204
6.678944,0.7855223,0.08703612,-0.5673828,-7.025719,-5.612373,-1.514435, 0.07428448, -0.7642815, -0.5329546, -0.1843204
6.681698,0.7855223,0.08703612,-0.5673828,-7.025719,-5.612373,-1.514435, 0.07428448, -0.7642815, -0.5329546, -0.1843204
6.685112,0.7855223,0.08703612,-0.5673828,-7.025719,-5.612373,-1.514435, 0.07428448, -0.7642815, -0.5329546, -0.1843204
6.687624,0.7855223,0.08703612,-0.5673828,-7.025719,-5.612373,-1.514435, 0.07428448, -0.7642815, -0.5329546, -0.1843204
6.690206,0.7855223,0.08703612,-0.5673828,-7.025719,-5.612373,-1.514435, 0.07428448, -0.7642815, -0.5329546, -0.1843204
6.692738,0.7855223,0.08703612,-0.5673828,-7.025719,-5.612373,-1.514435, 0.07428448, -0.7642815, -0.5329546, -0.1843204
6.695349,0.7855223,0.08703612,-0.5673828,-7.025719,-5.612373,-1.514435, 0.07428448, -0.7642815, -0.5329546, -0.1843204
6.698571,0.8226317,0.0616455,-0.6020507,0.9994507,-3.232002,-1.911163, 0.0736766, -0.7613417, -0.5366746, -0.1890486
6.702569,0.8226317,0.0616455,-0.6020507,0.9994507,-3.232002,-1.911163, 0.0736766, -0.7613417, -0.5366746, -0.1890486
6.712018,0.8226317,0.0616455,-0.6020507,0.9994507,-3.232002,-1.911163, 0.0736766, -0.7613417, -0.5366746, -0.1890486
6.715559,0.807495,0.09191893,-0.5659179,-1.318932,4.228592,-1.544952, 0.07357194, -0.7576141, -0.5404572, -0.1937594
6.718502,0.807495,0.09191893,-0.5659179,-1.318932,4.228592,-1.544952, 0.07357194, -0.7576141, -0.5404572, -0.1937594
6.725452,0.807495,0.09191893,-0.5659179,-1.318932,4.228592,-1.544952, 0.07357194, -0.7576141, -0.5404572, -0.1937594
6.728483,0.807495,0.09191893,-0.5659179,-1.318932,4.228592,-1.544952, 0.07357194, -0.7576141, -0.5404572, -0.1937594
6.73107,0.807495,0.09191893,-0.5659179,-1.318932,4.228592,-1.544952, 0.07357194, -0.7576141, -0.5404572, -0.1937594
6.734188,0.807495,0.09191893,-0.5659179,-1.318932,4.228592,-1.544952, 0.07357194, -0.7576141, -0.5404572, -0.1937594
6.736742,0.807495,0.09191893,-0.5659179,-1.318932,4.228592,-1.544952, 0.07357194, -0.7576141, -0.5404572, -0.1937594
6.739564,0.807495,0.09191893,-0.5659179,-1.318932,4.228592,-1.544952, 0.07357194, -0.7576141, -0.5404572, -0.1937594
6.74259,0.807495,0.09191893,-0.5659179,-1.318932,4.228592,-1.544952, 0.07357194, -0.7576141, -0.5404572, -0.1937594
6.745946,0.807495,0.09191893,-0.5659179,-1.318932,4.228592,-1.544952, 0.07357194, -0.7576141, -0.5404572, -0.1937594
6.749435,0.807495,0.09191893,-0.5659179,-1.318932,4.228592,-1.544952, 0.07357194, -0.7576141, -0.5404572, -0.1937594
6.752223,0.807495,0.09191893,-0.5659179,-1.318932,4.228592,-1.544952, 0.07357194, -0.7576141, -0.5404572, -0.1937594
6.754974,0.807495,0.09191893,-0.5659179,-1.318932,4.228592,-1.544952, 0.07357194, -0.7576141, -0.5404572, -0.1937594
6.757489,0.807495,0.09191893,-0.5659179,-1.318932,4.228592,-1.544952, 0.07357194, -0.7576141, -0.5404572, -0.1937594
6.760407,0.8050536,0.09680174,-0.5927734,-8.215904,6.822586,-3.238678, 0.07316811, -0.7542605, -0.5436879, -0.1998485
6.763745,0.8323973,0.06506346,-0.6142578,-1.547813,6.151199,0.1478195, 0.07307471, -0.75265, -0.5450549, -0.202655
6.766645,0.8323973,0.06506346,-0.6142578,-1.547813,6.151199,0.1478195, 0.07307471, -0.75265, -0.5450549, -0.202655
6.769056,0.8323973,0.06506346,-0.6142578,-1.547813,6.151199,0.1478195, 0.07307471, -0.75265, -0.5450549, -0.202655
6.77175,0.8323973,0.06506346,-0.6142578,-1.547813,6.151199,0.1478195, 0.07307471, -0.75265, -0.5450549, -0.202655
6.774223,0.8323973,0.06506346,-0.6142578,-1.547813,6.151199,0.1478195, 0.07307471, -0.75265, -0.5450549, -0.202655
6.777678,0.826538,0.07678221,-0.5996093,1.777649,4.137039,3.397942, 0.07304496, -0.7510691, -0.5463983, -0.2050388
6.780513,0.826538,0.07678221,-0.5996093,1.777649,4.137039,3.397942, 0.07304496, -0.7510691, -0.5463983, -0.2050388
6.783397,0.826538,0.07678221,-0.5996093,1.777649,4.137039,3.397942, 0.07304496, -0.7510691, -0.5463983, -0.2050388
6.78597,0.826538,0.07678221,-0.5996093,1.777649,4.137039,3.397942, 0.07304496, -0.7510691, -0.5463983, -0.2050388
6.788624,0.826538,0.07678221,-0.5996093,1.777649,4.137039,3.397942, 0.07304496, -0.7510691, -0.5463983, -0.2050388
6.791559,0.826538,0.07678221,-0.5996093,1.777649,4.137039,3.397942, 0.07304496, -0.7510691, -0.5463983, -0.2050388
6.794279,0.826538,0.07678221,-0.5996093,1.777649,4.137039,3.397942, 0.07304496, -0.7510691, -0.5463983, -0.2050388
6.796999,0.826538,0.07678221,-0.5996093,1.777649,4.137039,3.397942, 0.07304496, -0.7510691, -0.5463983, -0.2050388
6.799931,0.826538,0.07678221,-0.5996093,1.777649,4.137039,3.397942, 0.07304496, -0.7510691, -0.5463983, -0.2050388
6.802631,0.826538,0.07678221,-0.5996093,1.777649,4.137039,3.397942, 0.07304496, -0.7510691, -0.5463983, -0.2050388
6.806098,0.826538,0.07678221,-0.5996093,1.777649,4.137039,3.397942, 0.07304496, -0.7510691, -0.5463983, -0.2050388
6.815172,0.826538,0.07678221,-0.5996093,1.777649,4.137039,3.397942, 0.07304496, -0.7510691, -0.5463983, -0.2050388
6.81812,0.826538,0.07678221,-0.5996093,1.777649,4.137039,3.397942, 0.07304496, -0.7510691, -0.5463983, -0.2050388
6.820697,0.826538,0.07678221,-0.5996093,1.777649,4.137039,3.397942, 0.07304496, -0.7510691, -0.5463983, -0.2050388
6.823631,0.7889403,0.08850096,-0.6196288,-3.60775,0.9326935,-1.361847, 0.07280833, -0.747545, -0.5500085, -0.2093953
6.826772,0.7889403,0.08850096,-0.6196288,-3.60775,0.9326935,-1.361847, 0.07280833, -0.747545, -0.5500085, -0.2093953
6.829154,0.7889403,0.08850096,-0.6196288,-3.60775,0.9326935,-1.361847, 0.07280833, -0.747545, -0.5500085, -0.2093953
6.832073,0.7889403,0.08850096,-0.6196288,-3.60775,0.9326935,-1.361847, 0.07280833, -0.747545, -0.5500085, -0.2093953
6.834935,0.7889403,0.08850096,-0.6196288,-3.60775,0.9326935,-1.361847, 0.07280833, -0.747545, -0.5500085, -0.2093953
6.837475,0.7889403,0.08850096,-0.6196288,-3.60775,0.9326935,-1.361847, 0.07268458, -0.7455505, -0.5522257, -0.2112635
6.840518,0.8104247,0.07482909,-0.6054687,-1.425743,-0.500679,-1.041412, 0.07268458, -0.7455505, -0.5522257, -0.2112635
6.843553,0.8104247,0.07482909,-0.6054687,-1.425743,-0.500679,-1.041412, 0.07268458, -0.7455505, -0.5522257, -0.2112635
6.846222,0.8104247,0.07482909,-0.6054687,-1.425743,-0.500679,-1.041412, 0.07268458, -0.7455505, -0.5522257, -0.2112635
6.849154,0.8104247,0.07482909,-0.6054687,-1.425743,-0.500679,-1.041412, 0.07268458, -0.7455505, -0.5522257, -0.2112635
6.851793,0.8104247,0.07482909,-0.6054687,-1.425743,-0.500679,-1.041412, 0.07268458, -0.7455505, -0.5522257, -0.2112635
6.854379,0.8104247,0.07482909,-0.6054687,-1.425743,-0.500679,-1.041412, 0.07268458, -0.7455505, -0.5522257, -0.2112635
6.857297,0.8104247,0.07482909,-0.6054687,-1.425743,-0.500679,-1.041412, 0.07268458, -0.7455505, -0.5522257, -0.2112635
6.859987,0.8104247,0.07482909,-0.6054687,-1.425743,-0.500679,-1.041412, 0.07268458, -0.7455505, -0.5522257, -0.2112635
6.862489,0.8104247,0.07482909,-0.6054687,-1.425743,-0.500679,-1.041412, 0.07268458, -0.7455505, -0.5522257, -0.2112635
6.865396,0.8104247,0.07482909,-0.6054687,-1.425743,-0.500679,-1.041412, 0.07268458, -0.7455505, -0.5522257, -0.2112635
6.868244,0.8104247,0.07482909,-0.6054687,-1.425743,-0.500679,-1.041412, 0.07268458, -0.7455505, -0.5522257, -0.2112635
6.871068,0.8133544,0.05432128,-0.5849609,3.379822,-3.216743,1.292229, 0.07268037, -0.7435097, -0.5544029, -0.212768
6.878625,0.8133544,0.05432128,-0.5849609,3.379822,-3.216743,1.292229, 0.07268037, -0.7435097, -0.5544029, -0.212768
6.881615,0.8133544,0.05432128,-0.5849609,3.379822,-3.216743,1.292229, 0.07268037, -0.7435097, -0.5544029, -0.212768
6.884335,0.8133544,0.05432128,-0.5849609,3.379822,-3.216743,1.292229, 0.07265623, -0.7417132, -0.5563573, -0.2140484
6.887404,0.819702,0.0953369,-0.5888671,3.227234,-3.674507,0.08678436, 0.07262241, -0.7398021, -0.5584432, -0.2153861
6.890526,0.819702,0.0953369,-0.5888671,3.227234,-3.674507,0.08678436, 0.07262241, -0.7398021, -0.5584432, -0.2153861
6.893381,0.819702,0.0953369,-0.5888671,3.227234,-3.674507,0.08678436, 0.07262241, -0.7398021, -0.5584432, -0.2153861
6.896064,0.819702,0.0953369,-0.5888671,3.227234,-3.674507,0.08678436, 0.07262241, -0.7398021, -0.5584432, -0.2153861
6.898712,0.819702,0.0953369,-0.5888671,3.227234,-3.674507,0.08678436, 0.07262241, -0.7398021, -0.5584432, -0.2153861
6.901918,0.819702,0.0953369,-0.5888671,3.227234,-3.674507,0.08678436, 0.07262241, -0.7398021, -0.5584432, -0.2153861
6.904681,0.819702,0.0953369,-0.5888671,3.227234,-3.674507,0.08678436, 0.07262241, -0.7398021, -0.5584432, -0.2153861
6.907302,0.819702,0.0953369,-0.5888671,3.227234,-3.674507,0.08678436, 0.07262241, -0.7398021, -0.5584432, -0.2153861
6.910104,0.819702,0.0953369,-0.5888671,3.227234,-3.674507,0.08678436, 0.07262241, -0.7398021, -0.5584432, -0.2153861
6.913736,0.819702,0.0953369,-0.5888671,3.227234,-3.674507,0.08678436, 0.07262241, -0.7398021, -0.5584432, -0.2153861
6.922634,0.819702,0.0953369,-0.5888671,3.227234,-3.674507,0.08678436, 0.07262241, -0.7398021, -0.5584432, -0.2153861
6.925219,0.819702,0.0953369,-0.5888671,3.227234,-3.674507,0.08678436, 0.07262241, -0.7398021, -0.5584432, -0.2153861
6.92781,0.819702,0.0953369,-0.5888671,3.227234,-3.674507,0.08678436, 0.07262241, -0.7398021, -0.5584432, -0.2153861
6.930132,0.819702,0.0953369,-0.5888671,3.227234,-3.674507,0.08678436, 0.07262241, -0.7398021, -0.5584432, -0.2153861
6.932664,0.8162841,0.08703612,-0.5815429,-0.6628036,0.1392365,-1.590729, 0.07260278, -0.7375184, -0.5608686, -0.2170028
6.935648,0.8162841,0.08703612,-0.5815429,-0.6628036,0.1392365,-1.590729, 0.07260278, -0.7375184, -0.5608686, -0.2170028
6.938834,0.8162841,0.08703612,-0.5815429,-0.6628036,0.1392365,-1.590729, 0.07260278, -0.7375184, -0.5608686, -0.2170028
6.941504,0.8162841,0.08703612,-0.5815429,-0.6628036,0.1392365,-1.590729, 0.07260278, -0.7375184, -0.5608686, -0.2170028
6.944134,0.8162841,0.08703612,-0.5815429,-0.6628036,0.1392365,-1.590729, 0.07260278, -0.7375184, -0.5608686, -0.2170028
6.94712,0.8114012,0.08117674,-0.5698242,-0.08296967,0.2918243,-1.010895, 0.07259431, -0.7353473, -0.5630932, -0.218643
6.950496,0.8060302,0.06896971,-0.5786132,-0.1592636,-1.645088,0.2851486, 0.07260862, -0.7332267, -0.5651965, -0.2202654
6.953248,0.8060302,0.06896971,-0.5786132,-0.1592636,-1.645088,0.2851486, 0.07260862, -0.7332267, -0.5651965, -0.2202654
6.955784,0.8060302,0.06896971,-0.5786132,-0.1592636,-1.645088,0.2851486, 0.07260862, -0.7332267, -0.5651965, -0.2202654
6.958395,0.8060302,0.06896971,-0.5786132,-0.1592636,-1.645088,0.2851486, 0.07260862, -0.7332267, -0.5651965, -0.2202654
6.961135,0.8060302,0.06896971,-0.5786132,-0.1592636,-1.645088,0.2851486, 0.07260862, -0.7332267, -0.5651965, -0.2202654
6.964055,0.8216552,0.05285644,-0.5913085,3.089905,-1.385689,-0.5226135, 0.07263536, -0.7311969, -0.5672019, -0.2217298
6.967204,0.8216552,0.05285644,-0.5913085,3.089905,-1.385689,-0.5226135, 0.07263536, -0.7311969, -0.5672019, -0.2217298
6.970334,0.8216552,0.05285644,-0.5913085,3.089905,-1.385689,-0.5226135, 0.07263536, -0.7311969, -0.5672019, -0.2217298
6.973051,0.8216552,0.05285644,-0.5913085,3.089905,-1.385689,-0.5226135, 0.07263536, -0.7311969, -0.5672019, -0.2217298
6.975964,0.8216552,0.05285644,-0.5913085,3.089905,-1.385689,-0.5226135, 0.07263536, -0.7311969, -0.5672019, -0.2217298
6.978751,0.8216552,0.05285644,-0.5913085,3.089905,-1.385689,-0.5226135, 0.07263536, -0.7311969, -0.5672019, -0.2217298
6.981551,0.8216552,0.05285644,-0.5913085,3.089905,-1.385689,-0.5226135, 0.07263536, -0.7311969, -0.5672019, -0.2217298
6.984199,0.8216552,0.05285644,-0.5913085,3.089905,-1.385689,-0.5226135, 0.07263536, -0.7311969, -0.5672019, -0.2217298
6.986659,0.8216552,0.05285644,-0.5913085,3.089905,-1.385689,-0.5226135, 0.07263536, -0.7311969, -0.5672019, -0.2217298
6.98918,0.8216552,0.05285644,-0.5913085,3.089905,-1.385689,-0.5226135, 0.07263536, -0.7311969, -0.5672019, -0.2217298
6.991761,0.8216552,0.05285644,-0.5913085,3.089905,-1.385689,-0.5226135, 0.07263536, -0.7311969, -0.5672019, -0.2217298
6.994229,0.8216552,0.05285644,-0.5913085,3.089905,-1.385689,-0.5226135, 0.07263536, -0.7311969, -0.5672019, -0.2217298
6.997272,0.8084716,0.08312987,-0.5581054,0.4806519,2.855301,0.5750656, 0.07287348, -0.72385, -0.5743614, -0.226267
7.000832,0.7957762,0.08068846,-0.5478515,-3.088951,1.955032,0.8497238, 0.07287348, -0.72385, -0.5743614, -0.226267
7.003995,0.7957762,0.08068846,-0.5478515,-3.088951,1.955032,0.8497238, 0.07287348, -0.72385, -0.5743614, -0.226267
7.007061,0.7957762,0.08068846,-0.5478515,-3.088951,1.955032,0.8497238, 0.07287348, -0.72385, -0.5743614, -0.226267
7.009943,0.7957762,0.08068846,-0.5478515,-3.088951,1.955032,0.8497238, 0.07287348, -0.72385, -0.5743614, -0.226267
7.013956,0.7957762,0.08068846,-0.5478515,-3.088951,1.955032,0.8497238, 0.07287348, -0.72385, -0.5743614, -0.226267
7.018542,0.7957762,0.08068846,-0.5478515,-3.088951,1.955032,0.8497238, 0.07287348, -0.72385, -0.5743614, -0.226267
7.028345,0.7957762,0.08068846,-0.5478515,-3.088951,1.955032,0.8497238, 0.07287348, -0.72385, -0.5743614, -0.226267
7.03762,0.7957762,0.08068846,-0.5478515,-3.088951,1.955032,0.8497238, 0.07287348, -0.72385, -0.5743614, -0.226267
7.040951,0.7957762,0.08068846,-0.5478515,-3.088951,1.955032,0.8497238, 0.07287348, -0.72385, -0.5743614, -0.226267
7.04433,0.7957762,0.08068846,-0.5478515,-3.088951,1.955032,0.8497238, 0.07287348, -0.72385, -0.5743614, -0.226267
7.048386,0.7957762,0.08068846,-0.5478515,-3.088951,1.955032,0.8497238, 0.07287348, -0.72385, -0.5743614, -0.226267
7.051543,0.7957762,0.08068846,-0.5478515,-3.088951,1.955032,0.8497238, 0.07287348, -0.72385, -0.5743614, -0.226267
7.054266,0.7957762,0.08068846,-0.5478515,-3.088951,1.955032,0.8497238, 0.07287348, -0.72385, -0.5743614, -0.226267
7.057286,0.7957762,0.08068846,-0.5478515,-3.088951,1.955032,0.8497238, 0.07287348, -0.72385, -0.5743614, -0.226267
7.060888,0.8294677,0.06457518,-0.583496,1.029968,4.50325,-1.026154, 0.07317176, -0.7166463, -0.5809658, -0.2309419
7.064152,0.8226317,0.1011963,-0.5805663,3.715515,6.624222,-0.7362366, 0.07317176, -0.7166463, -0.5809658, -0.2309419
7.067028,0.8226317,0.1011963,-0.5805663,3.715515,6.624222,-0.7362366, 0.07317176, -0.7166463, -0.5809658, -0.2309419
7.06987,0.8226317,0.1011963,-0.5805663,3.715515,6.624222,-0.7362366, 0.07317176, -0.7166463, -0.5809658, -0.2309419
7.072685,0.8226317,0.1011963,-0.5805663,3.715515,6.624222,-0.7362366, 0.07317176, -0.7166463, -0.5809658, -0.2309419
7.075733,0.8070067,0.1080322,-0.5439453,1.701355,3.297806,0.8192062, 0.07333942, -0.7141175, -0.5831622, -0.2324905
7.078914,0.8070067,0.1080322,-0.5439453,1.701355,3.297806,0.8192062, 0.07333942, -0.7141175, -0.5831622, -0.2324905
7.081646,0.8070067,0.1080322,-0.5439453,1.701355,3.297806,0.8192062, 0.07333942, -0.7141175, -0.5831622, -0.2324905
7.08423,0.8070067,0.1080322,-0.5439453,1.701355,3.297806,0.8192062, 0.07333942, -0.7141175, -0.5831622, -0.2324905
7.086857,0.8070067,0.1080322,-0.5439453,1.701355,3.297806,0.8192062, 0.07333942, -0.7141175, -0.5831622, -0.2324905
7.089709,0.8070067,0.1080322,-0.5439453,1.701355,3.297806,0.8192062, 0.07333942, -0.7141175, -0.5831622, -0.2324905
7.093007,0.8070067,0.1080322,-0.5439453,1.701355,3.297806,0.8192062, 0.07333942, -0.7141175, -0.5831622, -0.2324905
7.095725,0.8070067,0.1080322,-0.5439453,1.701355,3.297806,0.8192062, 0.07333942, -0.7141175, -0.5831622, -0.2324905
7.098339,0.8070067,0.1080322,-0.5439453,1.701355,3.297806,0.8192062, 0.07333942, -0.7141175, -0.5831622, -0.2324905
7.101156,0.8070067,0.1080322,-0.5439453,1.701355,3.297806,0.8192062, 0.07333942, -0.7141175, -0.5831622, -0.2324905
7.104298,0.8070067,0.1080322,-0.5439453,1.701355,3.297806,0.8192062, 0.07333942, -0.7141175, -0.5831622, -0.2324905
7.107691,0.8070067,0.1080322,-0.5439453,1.701355,3.297806,0.8192062, 0.07333942, -0.7141175, -0.5831622, -0.2324905
7.111961,0.8070067,0.1080322,-0.5439453,1.701355,3.297806,0.8192062, 0.07333942, -0.7141175, -0.5831622, -0.2324905
7.115399,0.8070067,0.1080322,-0.5439453,1.701355,3.297806,0.8192062, 0.07333942, -0.7141175, -0.5831622, -0.2324905
7.118824,0.8070067,0.1080322,-0.5439453,1.701355,3.297806,0.8192062, 0.07333942, -0.7141175, -0.5831622, -0.2324905
7.121809,0.7860106,0.09436034,-0.5371093,-4.7369,-1.446724,-1.407623, 0.07337029, -0.7116855, -0.585543, -0.2338238
7.1263,0.8338622,0.06750487,-0.5732421,-2.997398,-3.430367,-0.415802, 0.0732761, -0.7071362, -0.5902159, -0.2362778
7.135997,0.8338622,0.06750487,-0.5732421,-2.997398,-3.430367,-0.415802, 0.0732761, -0.7071362, -0.5902159, -0.2362778
7.140044,0.8338622,0.06750487,-0.5732421,-2.997398,-3.430367,-0.415802, 0.0732761, -0.7071362, -0.5902159, -0.2362778
7.143484,0.8338622,0.06750487,-0.5732421,-2.997398,-3.430367,-0.415802, 0.0732761, -0.7071362, -0.5902159, -0.2362778
7.146712,0.8338622,0.06750487,-0.5732421,-2.997398,-3.430367,-0.415802, 0.0732761, -0.7071362, -0.5902159, -0.2362778
7.149831,0.8338622,0.06750487,-0.5732421,-2.997398,-3.430367,-0.415802, 0.0732761, -0.7071362, -0.5902159, -0.2362778
7.152733,0.8338622,0.06750487,-0.5732421,-2.997398,-3.430367,-0.415802, 0.0732761, -0.7071362, -0.5902159, -0.2362778
7.155699,0.8338622,0.06750487,-0.5732421,-2.997398,-3.430367,-0.415802, 0.0732761, -0.7071362, -0.5902159, -0.2362778
7.15844,0.8338622,0.06750487,-0.5732421,-2.997398,-3.430367,-0.415802, 0.0732761, -0.7071362, -0.5902159, -0.2362778
7.161326,0.8338622,0.06750487,-0.5732421,-2.997398,-3.430367,-0.415802, 0.0732761, -0.7071362, -0.5902159, -0.2362778
7.163697,0.8338622,0.06750487,-0.5732421,-2.997398,-3.430367,-0.415802, 0.0732761, -0.7071362, -0.5902159, -0.2362778
7.166317,0.8338622,0.06750487,-0.5732421,-2.997398,-3.430367,-0.415802, 0.0732761, -0.7071362, -0.5902159, -0.2362778
7.168806,0.8226317,0.06506346,-0.5673828,1.152039,-0.1344681,1.200676, 0.07337642, -0.7048022, -0.5923755, -0.237409
7.171941,0.8226317,0.06506346,-0.5673828,1.152039,-0.1344681,1.200676, 0.07337642, -0.7048022, -0.5923755, -0.237409
7.174913,0.8226317,0.06506346,-0.5673828,1.152039,-0.1344681,1.200676, 0.07337642, -0.7048022, -0.5923755, -0.237409
7.177598,0.8226317,0.06506346,-0.5673828,1.152039,-0.1344681,1.200676, 0.07337642, -0.7048022, -0.5923755, -0.237409
7.180338,0.8226317,0.06506346,-0.5673828,1.152039,-0.1344681,1.200676, 0.07337642, -0.7048022, -0.5923755, -0.237409
7.187351,0.7904052,0.09582518,-0.5478515,-5.957603,2.031326,-3.284454, 0.07353216, -0.6996261, -0.5972137, -0.2399099
7.190578,0.7904052,0.09582518,-0.5478515,-5.957603,2.031326,-3.284454, 0.07353216, -0.6996261, -0.5972137, -0.2399099
7.193057,0.7904052,0.09582518,-0.5478515,-5.957603,2.031326,-3.284454, 0.07353216, -0.6996261, -0.5972137, -0.2399099
7.195832,0.7904052,0.09582518,-0.5478515,-5.957603,2.031326,-3.284454, 0.07353216, -0.6996261, -0.5972137, -0.2399099
7.19854,0.7904052,0.09582518,-0.5478515,-5.957603,2.031326,-3.284454, 0.07353216, -0.6996261, -0.5972137, -0.2399099
7.201761,0.7904052,0.09582518,-0.5478515,-5.957603,2.031326,-3.284454, 0.07353216, -0.6996261, -0.5972137, -0.2399099
7.204584,0.7904052,0.09582518,-0.5478515,-5.957603,2.031326,-3.284454, 0.07353216, -0.6996261, -0.5972137, -0.2399099
7.207225,0.7904052,0.09582518,-0.5478515,-5.957603,2.031326,-3.284454, 0.07353216, -0.6996261, -0.5972137, -0.2399099
7.21005,0.7904052,0.09582518,-0.5478515,-5.957603,2.031326,-3.284454, 0.07353216, -0.6996261, -0.5972137, -0.2399099
7.212537,0.7904052,0.09582518,-0.5478515,-5.957603,2.031326,-3.284454, 0.07353216, -0.6996261, -0.5972137, -0.2399099
7.215736,0.7904052,0.09582518,-0.5478515,-5.957603,2.031326,-3.284454, 0.07353216, -0.6996261, -0.5972137, -0.2399099
7.21853,0.7904052,0.09582518,-0.5478515,-5.957603,2.031326,-3.284454, 0.07353216, -0.6996261, -0.5972137, -0.2399099
7.221253,0.7904052,0.09582518,-0.5478515,-5.957603,2.031326,-3.284454, 0.07353216, -0.6996261, -0.5972137, -0.2399099
7.224069,0.7904052,0.09582518,-0.5478515,-5.957603,2.031326,-3.284454, 0.07353216, -0.6996261, -0.5972137, -0.2399099
7.226557,0.7904052,0.09582518,-0.5478515,-5.957603,2.031326,-3.284454, 0.07353216, -0.6996261, -0.5972137, -0.2399099
7.228879,0.7904052,0.09582518,-0.5478515,-5.957603,2.031326,-3.284454, 0.07353216, -0.6996261, -0.5972137, -0.2399099
7.231559,0.8289794,0.06457518,-0.5820312,-2.554893,1.680374,-2.719879, 0.07359333, -0.6944957, -0.6020394, -0.2424791
7.235008,0.8289794,0.06457518,-0.5820312,-2.554893,1.680374,-2.719879, 0.07359333, -0.6944957, -0.6020394, -0.2424791
7.243931,0.8289794,0.06457518,-0.5820312,-2.554893,1.680374,-2.719879, 0.07359333, -0.6944957, -0.6020394, -0.2424791
7.247387,0.8114012,0.0875244,-0.5776367,-0.8001328,0.6885529,2.375603, 0.07386927, -0.6895441, -0.6065525, -0.2441828
7.250234,0.8114012,0.0875244,-0.5776367,-0.8001328,0.6885529,2.375603, 0.07386927, -0.6895441, -0.6065525, -0.2441828
7.252538,0.8114012,0.0875244,-0.5776367,-0.8001328,0.6885529,2.375603, 0.07386927, -0.6895441, -0.6065525, -0.2441828
7.255229,0.8114012,0.0875244,-0.5776367,-0.8001328,0.6885529,2.375603, 0.07386927, -0.6895441, -0.6065525, -0.2441828
7.25817,0.8114012,0.0875244,-0.5776367,-0.8001328,0.6885529,2.375603, 0.07386927, -0.6895441, -0.6065525, -0.2441828
7.260808,0.8114012,0.0875244,-0.5776367,-0.8001328,0.6885529,2.375603, 0.07386927, -0.6895441, -0.6065525, -0.2441828
7.263285,0.8114012,0.0875244,-0.5776367,-0.8001328,0.6885529,2.375603, 0.07386927, -0.6895441, -0.6065525, -0.2441828
7.266122,0.8114012,0.0875244,-0.5776367,-0.8001328,0.6885529,2.375603, 0.07386927, -0.6895441, -0.6065525, -0.2441828
7.268706,0.8114012,0.0875244,-0.5776367,-0.8001328,0.6885529,2.375603, 0.07386927, -0.6895441, -0.6065525, -0.2441828
7.271118,0.8114012,0.0875244,-0.5776367,-0.8001328,0.6885529,2.375603, 0.07386927, -0.6895441, -0.6065525, -0.2441828
7.273563,0.8114012,0.0875244,-0.5776367,-0.8001328,0.6885529,2.375603, 0.07386927, -0.6895441, -0.6065525, -0.2441828
7.276467,0.8114012,0.0875244,-0.5776367,-0.8001328,0.6885529,2.375603, 0.07386927, -0.6895441, -0.6065525, -0.2441828
7.279396,0.8114012,0.0875244,-0.5776367,-0.8001328,0.6885529,2.375603, 0.07386927, -0.6895441, -0.6065525, -0.2441828
7.282374,0.8114012,0.0875244,-0.5776367,-0.8001328,0.6885529,2.375603, 0.07386927, -0.6895441, -0.6065525, -0.2441828
7.28491,0.8114012,0.0875244,-0.5776367,-0.8001328,0.6885529,2.375603, 0.07386927, -0.6895441, -0.6065525, -0.2441828
7.287494,0.8114012,0.0875244,-0.5776367,-0.8001328,0.6885529,2.375603, 0.07386927, -0.6895441, -0.6065525, -0.2441828
7.290498,0.8114012,0.0875244,-0.5776367,-0.8001328,0.6885529,2.375603, 0.07386927, -0.6895441, -0.6065525, -0.2441828
7.293566,0.8153075,0.08850096,-0.5961913,-5.316734,5.296707,-2.857208, 0.0740025, -0.6844964, -0.6109724, -0.2467871
7.296412,0.8153075,0.08850096,-0.5961913,-5.316734,5.296707,-2.857208, 0.0740025, -0.6844964, -0.6109724, -0.2467871
7.299166,0.8153075,0.08850096,-0.5961913,-5.316734,5.296707,-2.857208, 0.0740025, -0.6844964, -0.6109724, -0.2467871
7.301496,0.8153075,0.08850096,-0.5961913,-5.316734,5.296707,-2.857208, 0.0740025, -0.6844964, -0.6109724, -0.2467871
7.304069,0.8153075,0.08850096,-0.5961913,-5.316734,5.296707,-2.857208, 0.0740025, -0.6844964, -0.6109724, -0.2467871
7.306713,0.8153075,0.08850096,-0.5961913,-5.316734,5.296707,-2.857208, 0.0740025, -0.6844964, -0.6109724, -0.2467871
7.309622,0.8128661,0.07482909,-0.590332,-2.249718,3.526688,-2.185822, 0.07412613, -0.681697, -0.613427, -0.2479245
7.312768,0.8128661,0.07482909,-0.590332,-2.249718,3.526688,-2.185822, 0.07412613, -0.681697, -0.613427, -0.2479245
7.316234,0.8128661,0.07482909,-0.590332,-2.249718,3.526688,-2.185822, 0.07412613, -0.681697, -0.613427, -0.2479245
7.318857,0.8128661,0.07482909,-0.590332,-2.249718,3.526688,-2.185822, 0.07412613, -0.681697, -0.613427, -0.2479245
7.32149,0.8128661,0.07482909,-0.590332,-2.249718,3.526688,-2.185822, 0.07412613, -0.681697, -0.613427, -0.2479245
7.324533,0.8123778,0.07580565,-0.5854492,0.9384155,0.3070831,-1.331329, 0.07426079, -0.6790254, -0.6158844, -0.2485984
7.327247,0.8123778,0.07580565,-0.5854492,0.9384155,0.3070831,-1.331329, 0.07426079, -0.6790254, -0.6158844, -0.2485984
7.329631,0.8123778,0.07580565,-0.5854492,0.9384155,0.3070831,-1.331329, 0.07426079, -0.6790254, -0.6158844, -0.2485984
7.332285,0.8123778,0.07580565,-0.5854492,0.9384155,0.3070831,-1.331329, 0.07426079, -0.6790254, -0.6158844, -0.2485984
7.340513,0.8123778,0.07580565,-0.5854492,0.9384155,0.3070831,-1.331329, 0.07426079, -0.6790254, -0.6158844, -0.2485984
7.349591,0.8123778,0.07580565,-0.5854492,0.9384155,0.3070831,-1.331329, 0.07426079, -0.6790254, -0.6158844, -0.2485984
7.352328,0.8123778,0.07580565,-0.5854492,0.9384155,0.3070831,-1.331329, 0.07426079, -0.6790254, -0.6158844, -0.2485984
7.355415,0.8245848,0.08996581,-0.614746,-3.561974,-0.3175735,-2.048492, 0.0743975, -0.6737183, -0.6208265, -0.2501669
7.358415,0.8245848,0.08996581,-0.614746,-3.561974,-0.3175735,-2.048492, 0.0743975, -0.6737183, -0.6208265, -0.2501669
7.361322,0.8245848,0.08996581,-0.614746,-3.561974,-0.3175735,-2.048492, 0.0743975, -0.6737183, -0.6208265, -0.2501669
7.364089,0.8245848,0.08996581,-0.614746,-3.561974,-0.3175735,-2.048492, 0.0743975, -0.6737183, -0.6208265, -0.2501669
7.366642,0.8245848,0.08996581,-0.614746,-3.561974,-0.3175735,-2.048492, 0.0743975, -0.6737183, -0.6208265, -0.2501669
7.36892,0.8245848,0.08996581,-0.614746,-3.561974,-0.3175735,-2.048492, 0.07447943, -0.6711608, -0.6231199, -0.2509969
7.372062,0.8328856,0.09289549,-0.6108398,-2.081871,1.634598,-0.5989075, 0.07447943, -0.6711608, -0.6231199, -0.2509969
7.374593,0.8328856,0.09289549,-0.6108398,-2.081871,1.634598,-0.5989075, 0.07447943, -0.6711608, -0.6231199, -0.2509969
7.377529,0.8328856,0.09289549,-0.6108398,-2.081871,1.634598,-0.5989075, 0.07447943, -0.6711608, -0.6231199, -0.2509969
7.380089,0.8328856,0.09289549,-0.6108398,-2.081871,1.634598,-0.5989075, 0.07447943, -0.6711608, -0.6231199, -0.2509969
7.38275,0.8328856,0.09289549,-0.6108398,-2.081871,1.634598,-0.5989075, 0.07447943, -0.6711608, -0.6231199, -0.2509969
7.385404,0.8328856,0.09289549,-0.6108398,-2.081871,1.634598,-0.5989075, 0.07447943, -0.6711608, -0.6231199, -0.2509969
7.388217,0.8328856,0.09289549,-0.6108398,-2.081871,1.634598,-0.5989075, 0.07447943, -0.6711608, -0.6231199, -0.2509969
7.391339,0.8328856,0.09289549,-0.6108398,-2.081871,1.634598,-0.5989075, 0.07447943, -0.6711608, -0.6231199, -0.2509969
7.394181,0.8328856,0.09289549,-0.6108398,-2.081871,1.634598,-0.5989075, 0.07447943, -0.6711608, -0.6231199, -0.2509969
7.396472,0.8328856,0.09289549,-0.6108398,-2.081871,1.634598,-0.5989075, 0.07447943, -0.6711608, -0.6231199, -0.2509969
7.399026,0.8328856,0.09289549,-0.6108398,-2.081871,1.634598,-0.5989075, 0.07447943, -0.6711608, -0.6231199, -0.2509969
7.402177,0.8328856,0.09289549,-0.6108398,-2.081871,1.634598,-0.5989075, 0.07447943, -0.6711608, -0.6231199, -0.2509969
7.404883,0.8328856,0.09289549,-0.6108398,-2.081871,1.634598,-0.5989075, 0.07447943, -0.6711608, -0.6231199, -0.2509969
7.407777,0.8328856,0.09289549,-0.6108398,-2.081871,1.634598,-0.5989075, 0.07447943, -0.6711608, -0.6231199, -0.2509969
7.410435,0.8328856,0.09289549,-0.6108398,-2.081871,1.634598,-0.5989075, 0.07447943, -0.6711608, -0.6231199, -0.2509969
7.413154,0.8328856,0.09289549,-0.6108398,-2.081871,1.634598,-0.5989075, 0.07447943, -0.6711608, -0.6231199, -0.2509969
7.415648,0.8328856,0.09289549,-0.6108398,-2.081871,1.634598,-0.5989075, 0.07447943, -0.6711608, -0.6231199, -0.2509969
7.418334,0.807495,0.07385252,-0.5908203,4.173279,-1.034737,1.002312, 0.0748219, -0.665972, -0.6278049, -0.2517146
7.42117,0.807495,0.07385252,-0.5908203,4.173279,-1.034737,1.002312, 0.0748219, -0.665972, -0.6278049, -0.2517146
7.424482,0.807495,0.07385252,-0.5908203,4.173279,-1.034737,1.002312, 0.0748219, -0.665972, -0.6278049, -0.2517146
7.427267,0.807495,0.07385252,-0.5908203,4.173279,-1.034737,1.002312, 0.0748219, -0.665972, -0.6278049, -0.2517146
7.430163,0.807495,0.07385252,-0.5908203,4.173279,-1.034737,1.002312, 0.0748219, -0.665972, -0.6278049, -0.2517146
7.432708,0.8099364,0.1051025,-0.5947265,5.317688,-1.919746,-0.5683899, 0.07504435, -0.6630703, -0.6304696, -0.2517864
7.435806,0.8099364,0.1051025,-0.5947265,5.317688,-1.919746,-0.5683899, 0.07504435, -0.6630703, -0.6304696, -0.2517864
7.438433,0.8099364,0.1051025,-0.5947265,5.317688,-1.919746,-0.5683899, 0.07504435, -0.6630703, -0.6304696, -0.2517864
7.442327,0.8099364,0.1051025,-0.5947265,5.317688,-1.919746,-0.5683899, 0.07504435, -0.6630703, -0.6304696, -0.2517864
7.452171,0.8099364,0.1051025,-0.5947265,5.317688,-1.919746,-0.5683899, 0.07504435, -0.6630703, -0.6304696, -0.2517864
7.454957,0.8099364,0.1051025,-0.5947265,5.317688,-1.919746,-0.5683899, 0.07504435, -0.6630703, -0.6304696, -0.2517864
7.457545,0.8099364,0.1051025,-0.5947265,5.317688,-1.919746,-0.5683899, 0.07504435, -0.6630703, -0.6304696, -0.2517864
7.460223,0.8099364,0.1051025,-0.5947265,5.317688,-1.919746,-0.5683899, 0.07504435, -0.6630703, -0.6304696, -0.2517864
7.463005,0.8099364,0.1051025,-0.5947265,5.317688,-1.919746,-0.5683899, 0.07504435, -0.6630703, -0.6304696, -0.2517864
7.465953,0.8099364,0.1051025,-0.5947265,5.317688,-1.919746,-0.5683899, 0.07504435, -0.6630703, -0.6304696, -0.2517864
7.468726,0.8099364,0.1051025,-0.5947265,5.317688,-1.919746,-0.5683899, 0.07504435, -0.6630703, -0.6304696, -0.2517864
7.471298,0.8099364,0.1051025,-0.5947265,5.317688,-1.919746,-0.5683899, 0.07504435, -0.6630703, -0.6304696, -0.2517864
7.474576,0.8099364,0.1051025,-0.5947265,5.317688,-1.919746,-0.5683899, 0.07504435, -0.6630703, -0.6304696, -0.2517864
7.477135,0.8099364,0.1051025,-0.5947265,5.317688,-1.919746,-0.5683899, 0.07504435, -0.6630703, -0.6304696, -0.2517864
7.480174,0.7991942,0.09289549,-0.5664062,-1.288414,-2.224922,-0.1106262, 0.07539807, -0.6573148, -0.6355511, -0.2526187
7.483393,0.7987059,0.08898924,-0.5883788,-3.317833,-2.087593,-2.658844, 0.07549578, -0.6543921, -0.6382506, -0.2529909
7.490443,0.7987059,0.08898924,-0.5883788,-3.317833,-2.087593,-2.658844, 0.07549578, -0.6543921, -0.6382506, -0.2529909
7.49306,0.7987059,0.08898924,-0.5883788,-3.317833,-2.087593,-2.658844, 0.07549578, -0.6543921, -0.6382506, -0.2529909
7.49575,0.8284911,0.06848143,-0.6074218,-0.0371933,1.527786,-4.627228, 0.07559754, -0.65165, -0.6406505, -0.253576
7.498478,0.8284911,0.06848143,-0.6074218,-0.0371933,1.527786,-4.627228, 0.07559754, -0.65165, -0.6406505, -0.253576
7.500776,0.8284911,0.06848143,-0.6074218,-0.0371933,1.527786,-4.627228, 0.07559754, -0.65165, -0.6406505, -0.253576
7.503253,0.8284911,0.06848143,-0.6074218,-0.0371933,1.527786,-4.627228, 0.07559754, -0.65165, -0.6406505, -0.253576
7.506036,0.8284911,0.06848143,-0.6074218,-0.0371933,1.527786,-4.627228, 0.07559754, -0.65165, -0.6406505, -0.253576
7.508694,0.8284911,0.06848143,-0.6074218,-0.0371933,1.527786,-4.627228, 0.07559754, -0.65165, -0.6406505, -0.253576
7.511823,0.8284911,0.06848143,-0.6074218,-0.0371933,1.527786,-4.627228, 0.07559754, -0.65165, -0.6406505, -0.253576
7.514563,0.8284911,0.06848143,-0.6074218,-0.0371933,1.527786,-4.627228, 0.07559754, -0.65165, -0.6406505, -0.253576
7.51703,0.8284911,0.06848143,-0.6074218,-0.0371933,1.527786,-4.627228, 0.07559754, -0.65165, -0.6406505, -0.253576
7.519338,0.8284911,0.06848143,-0.6074218,-0.0371933,1.527786,-4.627228, 0.07559754, -0.65165, -0.6406505, -0.253576
7.521889,0.8284911,0.06848143,-0.6074218,-0.0371933,1.527786,-4.627228, 0.07559754, -0.65165, -0.6406505, -0.253576
7.524416,0.8284911,0.06848143,-0.6074218,-0.0371933,1.527786,-4.627228, 0.07559754, -0.65165, -0.6406505, -0.253576
7.527128,0.8284911,0.06848143,-0.6074218,-0.0371933,1.527786,-4.627228, 0.07559754, -0.65165, -0.6406505, -0.253576
7.529637,0.8284911,0.06848143,-0.6074218,-0.0371933,1.527786,-4.627228, 0.07559754, -0.65165, -0.6406505, -0.253576
7.532034,0.8284911,0.06848143,-0.6074218,-0.0371933,1.527786,-4.627228, 0.07559754, -0.65165, -0.6406505, -0.253576
7.534954,0.8284911,0.06848143,-0.6074218,-0.0371933,1.527786,-4.627228, 0.07559754, -0.65165, -0.6406505, -0.253576
7.537438,0.8284911,0.06848143,-0.6074218,-0.0371933,1.527786,-4.627228, 0.07559754, -0.65165, -0.6406505, -0.253576
7.540501,0.8284911,0.06848143,-0.6074218,-0.0371933,1.527786,-4.627228, 0.07559754, -0.65165, -0.6406505, -0.253576
7.544877,0.7913817,0.08605956,-0.5449218,1.075745,1.48201,1.261711, 0.07647917, -0.6425627, -0.6477991, -0.2548878
7.556108,0.7913817,0.08605956,-0.5449218,1.075745,1.48201,1.261711, 0.07647917, -0.6425627, -0.6477991, -0.2548878
7.559366,0.7913817,0.08605956,-0.5449218,1.075745,1.48201,1.261711, 0.07647917, -0.6425627, -0.6477991, -0.2548878
7.561921,0.7913817,0.08605956,-0.5449218,1.075745,1.48201,1.261711, 0.07647917, -0.6425627, -0.6477991, -0.2548878
7.564405,0.7913817,0.08605956,-0.5449218,1.075745,1.48201,1.261711, 0.07647917, -0.6425627, -0.6477991, -0.2548878
7.566987,0.7913817,0.08605956,-0.5449218,1.075745,1.48201,1.261711, 0.07647917, -0.6425627, -0.6477991, -0.2548878
7.569258,0.7913817,0.08605956,-0.5449218,1.075745,1.48201,1.261711, 0.07647917, -0.6425627, -0.6477991, -0.2548878
7.572042,0.7913817,0.08605956,-0.5449218,1.075745,1.48201,1.261711, 0.07647917, -0.6425627, -0.6477991, -0.2548878
7.57476,0.7913817,0.08605956,-0.5449218,1.075745,1.48201,1.261711, 0.07647917, -0.6425627, -0.6477991, -0.2548878
7.577608,0.7913817,0.08605956,-0.5449218,1.075745,1.48201,1.261711, 0.07647917, -0.6425627, -0.6477991, -0.2548878
7.580087,0.7913817,0.08605956,-0.5449218,1.075745,1.48201,1.261711, 0.07647917, -0.6425627, -0.6477991, -0.2548878
7.582654,0.7913817,0.08605956,-0.5449218,1.075745,1.48201,1.261711, 0.07647917, -0.6425627, -0.6477991, -0.2548878
7.585039,0.7913817,0.08605956,-0.5449218,1.075745,1.48201,1.261711, 0.07647917, -0.6425627, -0.6477991, -0.2548878
7.587409,0.7913817,0.08605956,-0.5449218,1.075745,1.48201,1.261711, 0.07647917, -0.6425627, -0.6477991, -0.2548878
7.590069,0.7996825,0.09387206,-0.5571288,-1.730919,-1.126289,-2.628326, 0.07665673, -0.6397238, -0.6501693, -0.2552437
7.59299,0.82312,0.08508299,-0.5703124,-0.6170273,-3.430367,-3.376007, 0.07679752, -0.6367857, -0.6527272, -0.255467
7.595627,0.82312,0.08508299,-0.5703124,-0.6170273,-3.430367,-3.376007, 0.07679752, -0.6367857, -0.6527272, -0.255467
7.597927,0.82312,0.08508299,-0.5703124,-0.6170273,-3.430367,-3.376007, 0.07679752, -0.6367857, -0.6527272, -0.255467
7.600214,0.82312,0.08508299,-0.5703124,-0.6170273,-3.430367,-3.376007, 0.07679752, -0.6367857, -0.6527272, -0.255467
7.603152,0.82312,0.08508299,-0.5703124,-0.6170273,-3.430367,-3.376007, 0.07679752, -0.6367857, -0.6527272, -0.255467
7.606205,0.82312,0.08508299,-0.5703124,-0.6170273,-3.430367,-3.376007, 0.07697323, -0.6338941, -0.655221, -0.2555301
7.610008,0.8153075,0.08264159,-0.567871,1.777649,-4.422188,-0.5989075, 0.07697323, -0.6338941, -0.655221, -0.2555301
7.61337,0.8153075,0.08264159,-0.567871,1.777649,-4.422188,-0.5989075, 0.07697323, -0.6338941, -0.655221, -0.2555301
7.616398,0.8153075,0.08264159,-0.567871,1.777649,-4.422188,-0.5989075, 0.07697323, -0.6338941, -0.655221, -0.2555301
7.618726,0.8153075,0.08264159,-0.567871,1.777649,-4.422188,-0.5989075, 0.07697323, -0.6338941, -0.655221, -0.2555301
7.621228,0.8250731,0.09240721,-0.5605468,2.403259,-2.850533,1.231194, 0.0772048, -0.6309348, -0.6577384, -0.2554038
7.62466,0.8250731,0.09240721,-0.5605468,2.403259,-2.850533,1.231194, 0.0772048, -0.6309348, -0.6577384, -0.2554038
7.627378,0.8250731,0.09240721,-0.5605468,2.403259,-2.850533,1.231194, 0.0772048, -0.6309348, -0.6577384, -0.2554038
7.629693,0.8250731,0.09240721,-0.5605468,2.403259,-2.850533,1.231194, 0.0772048, -0.6309348, -0.6577384, -0.2554038
7.632229,0.8250731,0.09240721,-0.5605468,2.403259,-2.850533,1.231194, 0.0772048, -0.6309348, -0.6577384, -0.2554038
7.634614,0.8250731,0.09240721,-0.5605468,2.403259,-2.850533,1.231194, 0.0772048, -0.6309348, -0.6577384, -0.2554038
7.64186,0.8250731,0.09240721,-0.5605468,2.403259,-2.850533,1.231194, 0.0772048, -0.6309348, -0.6577384, -0.2554038
7.646559,0.8250731,0.09240721,-0.5605468,2.403259,-2.850533,1.231194, 0.0772048, -0.6309348, -0.6577384, -0.2554038
7.655565,0.8240966,0.09484862,-0.5703124,0.03814697,2.794266,-2.185822, 0.07742709, -0.6280401, -0.6600172, -0.2557121
7.658711,0.8240966,0.09484862,-0.5703124,0.03814697,2.794266,-2.185822, 0.07742709, -0.6280401, -0.6600172, -0.2557121
7.661211,0.8240966,0.09484862,-0.5703124,0.03814697,2.794266,-2.185822, 0.07742709, -0.6280401, -0.6600172, -0.2557121
7.663777,0.8240966,0.09484862,-0.5703124,0.03814697,2.794266,-2.185822, 0.07742709, -0.6280401, -0.6600172, -0.2557121
7.666631,0.8240966,0.09484862,-0.5703124,0.03814697,2.794266,-2.185822, 0.07742709, -0.6280401, -0.6600172, -0.2557121
7.669262,0.8236083,0.08557127,-0.5654296,0.8773804,6.441116,-4.230499, 0.07799704, -0.6217596, -0.6645744, -0.2568137
7.672205,0.8236083,0.08557127,-0.5654296,0.8773804,6.441116,-4.230499, 0.07799704, -0.6217596, -0.6645744, -0.2568137
7.674943,0.8236083,0.08557127,-0.5654296,0.8773804,6.441116,-4.230499, 0.07799704, -0.6217596, -0.6645744, -0.2568137
7.677637,0.8236083,0.08557127,-0.5654296,0.8773804,6.441116,-4.230499, 0.07799704, -0.6217596, -0.6645744, -0.2568137
7.680262,0.8236083,0.08557127,-0.5654296,0.8773804,6.441116,-4.230499, 0.07799704, -0.6217596, -0.6645744, -0.2568137
7.682724,0.8236083,0.08557127,-0.5654296,0.8773804,6.441116,-4.230499, 0.07799704, -0.6217596, -0.6645744, -0.2568137
7.685268,0.8236083,0.08557127,-0.5654296,0.8773804,6.441116,-4.230499, 0.07799704, -0.6217596, -0.6645744, -0.2568137
7.687965,0.8236083,0.08557127,-0.5654296,0.8773804,6.441116,-4.230499, 0.07799704, -0.6217596, -0.6645744, -0.2568137
7.690665,0.8236083,0.08557127,-0.5654296,0.8773804,6.441116,-4.230499, 0.07799704, -0.6217596, -0.6645744, -0.2568137
7.693471,0.8236083,0.08557127,-0.5654296,0.8773804,6.441116,-4.230499, 0.07799704, -0.6217596, -0.6645744, -0.2568137
7.696404,0.8236083,0.08557127,-0.5654296,0.8773804,6.441116,-4.230499, 0.07799704, -0.6217596, -0.6645744, -0.2568137
7.699074,0.8236083,0.08557127,-0.5654296,0.8773804,6.441116,-4.230499, 0.07799704, -0.6217596, -0.6645744, -0.2568137
7.701807,0.8236083,0.08557127,-0.5654296,0.8773804,6.441116,-4.230499, 0.07799704, -0.6217596, -0.6645744, -0.2568137
7.704469,0.8236083,0.08557127,-0.5654296,0.8773804,6.441116,-4.230499, 0.07799704, -0.6217596, -0.6645744, -0.2568137
7.707594,0.8236083,0.08557127,-0.5654296,0.8773804,6.441116,-4.230499, 0.07799704, -0.6217596, -0.6645744, -0.2568137
7.710366,0.8236083,0.08557127,-0.5654296,0.8773804,6.441116,-4.230499, 0.07799704, -0.6217596, -0.6645744, -0.2568137
7.713409,0.804077,0.1051025,-0.5458984,1.426697,1.558304,-0.2479553, 0.07829038, -0.6186053, -0.6669029, -0.2571361
7.716712,0.8167723,0.08508299,-0.5659179,-0.1745224,-0.8974075,0.8802414, 0.07850408, -0.6158373, -0.6690203, -0.2573604
7.719604,0.8167723,0.08508299,-0.5659179,-0.1745224,-0.8974075,0.8802414, 0.07850408, -0.6158373, -0.6690203, -0.2573604
7.722445,0.8167723,0.08508299,-0.5659179,-0.1745224,-0.8974075,0.8802414, 0.07850408, -0.6158373, -0.6690203, -0.2573604
7.725028,0.8167723,0.08508299,-0.5659179,-0.1745224,-0.8974075,0.8802414, 0.07850408, -0.6158373, -0.6690203, -0.2573604
7.727814,0.8167723,0.08508299,-0.5659179,-0.1745224,-0.8974075,0.8802414, 0.07871886, -0.6130551, -0.6711493, -0.2575336
7.730669,0.8211669,0.08215331,-0.5654296,-2.402306,0.7801056,1.063347, 0.0789478, -0.6102427, -0.67327, -0.2576876
7.733742,0.8211669,0.08215331,-0.5654296,-2.402306,0.7801056,1.063347, 0.0789478, -0.6102427, -0.67327, -0.2576876
7.736188,0.8211669,0.08215331,-0.5654296,-2.402306,0.7801056,1.063347, 0.0789478, -0.6102427, -0.67327, -0.2576876
7.739102,0.8211669,0.08215331,-0.5654296,-2.402306,0.7801056,1.063347, 0.0789478, -0.6102427, -0.67327, -0.2576876
7.742084,0.8211669,0.08215331,-0.5654296,-2.402306,0.7801056,1.063347, 0.0789478, -0.6102427, -0.67327, -0.2576876
7.745334,0.8211669,0.08215331,-0.5654296,-2.402306,0.7801056,1.063347, 0.0789478, -0.6102427, -0.67327, -0.2576876
7.748177,0.8211669,0.08215331,-0.5654296,-2.402306,0.7801056,1.063347, 0.0789478, -0.6102427, -0.67327, -0.2576876
7.75057,0.8211669,0.08215331,-0.5654296,-2.402306,0.7801056,1.063347, 0.0789478, -0.6102427, -0.67327, -0.2576876
7.753221,0.8211669,0.08215331,-0.5654296,-2.402306,0.7801056,1.063347, 0.0789478, -0.6102427, -0.67327, -0.2576876
7.756521,0.8211669,0.08215331,-0.5654296,-2.402306,0.7801056,1.063347, 0.0789478, -0.6102427, -0.67327, -0.2576876
7.766396,0.8211669,0.08215331,-0.5654296,-2.402306,0.7801056,1.063347, 0.0789478, -0.6102427, -0.67327, -0.2576876
7.769167,0.8211669,0.08215331,-0.5654296,-2.402306,0.7801056,1.063347, 0.0789478, -0.6102427, -0.67327, -0.2576876
7.771986,0.8211669,0.08215331,-0.5654296,-2.402306,0.7801056,1.063347, 0.0789478, -0.6102427, -0.67327, -0.2576876
7.774938,0.7977294,0.09143065,-0.5463867,-1.669884,-0.790596,-0.3089905, 0.0792177, -0.6072099, -0.6755664, -0.2576713
7.778152,0.8094481,0.09826659,-0.5693359,-2.737999,-1.599312,-0.7514954, 0.07940249, -0.6043028, -0.6778111, -0.2578062
7.781115,0.8094481,0.09826659,-0.5693359,-2.737999,-1.599312,-0.7514954, 0.07940249, -0.6043028, -0.6778111, -0.2578062
7.78372,0.8094481,0.09826659,-0.5693359,-2.737999,-1.599312,-0.7514954, 0.07940249, -0.6043028, -0.6778111, -0.2578062
7.786131,0.8094481,0.09826659,-0.5693359,-2.737999,-1.599312,-0.7514954, 0.07940249, -0.6043028, -0.6778111, -0.2578062
7.79375,0.8211669,0.1026611,-0.5688476,-0.9527206,0.8869171,-0.9040833, 0.07958449, -0.6015142, -0.6798971, -0.2580412
7.796677,0.8211669,0.1026611,-0.5688476,-0.9527206,0.8869171,-0.9040833, 0.07958449, -0.6015142, -0.6798971, -0.2580412
7.799193,0.8211669,0.1026611,-0.5688476,-0.9527206,0.8869171,-0.9040833, 0.07958449, -0.6015142, -0.6798971, -0.2580412
7.80172,0.8211669,0.1026611,-0.5688476,-0.9527206,0.8869171,-0.9040833, 0.07958449, -0.6015142, -0.6798971, -0.2580412
7.805037,0.8211669,0.1026611,-0.5688476,-0.9527206,0.8869171,-0.9040833, 0.07958449, -0.6015142, -0.6798971, -0.2580412
7.807864,0.8211669,0.1026611,-0.5688476,-0.9527206,0.8869171,-0.9040833, 0.07958449, -0.6015142, -0.6798971, -0.2580412
7.8111,0.8211669,0.1026611,-0.5688476,-0.9527206,0.8869171,-0.9040833, 0.07958449, -0.6015142, -0.6798971, -0.2580412
7.813797,0.8211669,0.1026611,-0.5688476,-0.9527206,0.8869171,-0.9040833, 0.07958449, -0.6015142, -0.6798971, -0.2580412
7.816761,0.8211669,0.1026611,-0.5688476,-0.9527206,0.8869171,-0.9040833, 0.07958449, -0.6015142, -0.6798971, -0.2580412
7.819649,0.8211669,0.1026611,-0.5688476,-0.9527206,0.8869171,-0.9040833, 0.07958449, -0.6015142, -0.6798971, -0.2580412
7.822678,0.8211669,0.1026611,-0.5688476,-0.9527206,0.8869171,-0.9040833, 0.07958449, -0.6015142, -0.6798971, -0.2580412
7.825497,0.8211669,0.1026611,-0.5688476,-0.9527206,0.8869171,-0.9040833, 0.07958449, -0.6015142, -0.6798971, -0.2580412
7.827936,0.8211669,0.1026611,-0.5688476,-0.9527206,0.8869171,-0.9040833, 0.07958449, -0.6015142, -0.6798971, -0.2580412
7.830386,0.8211669,0.1026611,-0.5688476,-0.9527206,0.8869171,-0.9040833, 0.07958449, -0.6015142, -0.6798971, -0.2580412
7.832668,0.8211669,0.1026611,-0.5688476,-0.9527206,0.8869171,-0.9040833, 0.07958449, -0.6015142, -0.6798971, -0.2580412
7.835179,0.8211669,0.1026611,-0.5688476,-0.9527206,0.8869171,-0.9040833, 0.07958449, -0.6015142, -0.6798971, -0.2580412
7.837872,0.8240966,0.1026611,-0.5766601,-0.6475449,4.060745,-1.026154, 0.07980452, -0.598739, -0.6818671, -0.2583354
7.840977,0.8035887,0.1016846,-0.5581054,-0.4339218,4.12178,0.4072189, 0.08009014, -0.5958285, -0.6838319, -0.2586193
7.844257,0.8035887,0.1016846,-0.5581054,-0.4339218,4.12178,0.4072189, 0.08009014, -0.5958285, -0.6838319, -0.2586193
7.847001,0.8035887,0.1016846,-0.5581054,-0.4339218,4.12178,0.4072189, 0.08009014, -0.5958285, -0.6838319, -0.2586193
7.84965,0.8035887,0.1016846,-0.5581054,-0.4339218,4.12178,0.4072189, 0.08009014, -0.5958285, -0.6838319, -0.2586193
7.852202,0.795288,0.08801268,-0.5527343,-4.874229,1.771927,-0.3395081, 0.08032853, -0.5930114, -0.6857696, -0.2589157
7.855267,0.8138427,0.08801268,-0.5698242,-4.202843,-1.4925,-0.6599426, 0.08048481, -0.5902852, -0.6877707, -0.2591494
7.858274,0.8138427,0.08801268,-0.5698242,-4.202843,-1.4925,-0.6599426, 0.08048481, -0.5902852, -0.6877707, -0.2591494
7.86084,0.8138427,0.08801268,-0.5698242,-4.202843,-1.4925,-0.6599426, 0.08048481, -0.5902852, -0.6877707, -0.2591494
7.863858,0.8138427,0.08801268,-0.5698242,-4.202843,-1.4925,-0.6599426, 0.08048481, -0.5902852, -0.6877707, -0.2591494
7.873788,0.8138427,0.08801268,-0.5698242,-4.202843,-1.4925,-0.6599426, 0.08048481, -0.5902852, -0.6877707, -0.2591494
7.877199,0.8138427,0.08801268,-0.5698242,-4.202843,-1.4925,-0.6599426, 0.08048481, -0.5902852, -0.6877707, -0.2591494
7.880518,0.8138427,0.08801268,-0.5698242,-4.202843,-1.4925,-0.6599426, 0.08048481, -0.5902852, -0.6877707, -0.2591494
7.883137,0.8138427,0.08801268,-0.5698242,-4.202843,-1.4925,-0.6599426, 0.08048481, -0.5902852, -0.6877707, -0.2591494
7.886096,0.8138427,0.08801268,-0.5698242,-4.202843,-1.4925,-0.6599426, 0.08048481, -0.5902852, -0.6877707, -0.2591494
7.888932,0.8138427,0.08801268,-0.5698242,-4.202843,-1.4925,-0.6599426, 0.08048481, -0.5902852, -0.6877707, -0.2591494
7.891505,0.8138427,0.08801268,-0.5698242,-4.202843,-1.4925,-0.6599426, 0.08048481, -0.5902852, -0.6877707, -0.2591494
7.894794,0.8138427,0.08801268,-0.5698242,-4.202843,-1.4925,-0.6599426, 0.08048481, -0.5902852, -0.6877707, -0.2591494
7.897391,0.8138427,0.08801268,-0.5698242,-4.202843,-1.4925,-0.6599426, 0.08048481, -0.5902852, -0.6877707, -0.2591494
7.90058,0.842163,0.09680174,-0.5961913,-1.959801,-0.1955032,-0.8125305, 0.08089523, -0.5845423, -0.6920015, -0.2590911
7.903707,0.8299559,0.1011963,-0.5673828,0.3585815,1.588821,0.6055832, 0.08089523, -0.5845423, -0.6920015, -0.2590911
7.906472,0.8299559,0.1011963,-0.5673828,0.3585815,1.588821,0.6055832, 0.08089523, -0.5845423, -0.6920015, -0.2590911
7.910016,0.8299559,0.1011963,-0.5673828,0.3585815,1.588821,0.6055832, 0.08089523, -0.5845423, -0.6920015, -0.2590911
7.912987,0.8299559,0.1011963,-0.5673828,0.3585815,1.588821,0.6055832, 0.08089523, -0.5845423, -0.6920015, -0.2590911
7.915995,0.8050536,0.1060791,-0.5664062,-1.074791,1.512527,0.7123947, 0.08112514, -0.5816602, -0.6940749, -0.2590109
7.918764,0.8050536,0.1060791,-0.5664062,-1.074791,1.512527,0.7123947, 0.08112514, -0.5816602, -0.6940749, -0.2590109
7.921247,0.8050536,0.1060791,-0.5664062,-1.074791,1.512527,0.7123947, 0.08112514, -0.5816602, -0.6940749, -0.2590109
7.923944,0.8050536,0.1060791,-0.5664062,-1.074791,1.512527,0.7123947, 0.08112514, -0.5816602, -0.6940749, -0.2590109
7.926677,0.8050536,0.1060791,-0.5664062,-1.074791,1.512527,0.7123947, 0.08112514, -0.5816602, -0.6940749, -0.2590109
7.929134,0.8050536,0.1060791,-0.5664062,-1.074791,1.512527,0.7123947, 0.08112514, -0.5816602, -0.6940749, -0.2590109
7.931637,0.8050536,0.1060791,-0.5664062,-1.074791,1.512527,0.7123947, 0.08112514, -0.5816602, -0.6940749, -0.2590109
7.934765,0.8050536,0.1060791,-0.5664062,-1.074791,1.512527,0.7123947, 0.08112514, -0.5816602, -0.6940749, -0.2590109
7.937438,0.8050536,0.1060791,-0.5664062,-1.074791,1.512527,0.7123947, 0.08112514, -0.5816602, -0.6940749, -0.2590109
7.946496,0.8050536,0.1060791,-0.5664062,-1.074791,1.512527,0.7123947, 0.08112514, -0.5816602, -0.6940749, -0.2590109
7.949337,0.8050536,0.1060791,-0.5664062,-1.074791,1.512527,0.7123947, 0.08112514, -0.5816602, -0.6940749, -0.2590109
7.951785,0.8050536,0.1060791,-0.5664062,-1.074791,1.512527,0.7123947, 0.08112514, -0.5816602, -0.6940749, -0.2590109
7.954303,0.8050536,0.1060791,-0.5664062,-1.074791,1.512527,0.7123947, 0.08112514, -0.5816602, -0.6940749, -0.2590109
7.957392,0.8050536,0.1060791,-0.5664062,-1.074791,1.512527,0.7123947, 0.08112514, -0.5816602, -0.6940749, -0.2590109
7.960081,0.8050536,0.1060791,-0.5664062,-1.074791,1.512527,0.7123947, 0.08112514, -0.5816602, -0.6940749, -0.2590109
7.962802,0.819702,0.09875487,-0.5761718,-6.690025,-1.278877,-2.262115, 0.08140524, -0.5762568, -0.6979247, -0.259495
7.965589,0.819702,0.09875487,-0.5761718,-6.690025,-1.278877,-2.262115, 0.08140524, -0.5762568, -0.6979247, -0.259495
7.968714,0.819702,0.09875487,-0.5761718,-6.690025,-1.278877,-2.262115, 0.08140524, -0.5762568, -0.6979247, -0.259495
7.979019,0.8172606,0.09191893,-0.5878906,1.533508,-0.3480911,0.5292892, 0.08177648, -0.5707238, -0.7019217, -0.2592826
7.98206,0.8172606,0.09191893,-0.5878906,1.533508,-0.3480911,0.5292892, 0.08177648, -0.5707238, -0.7019217, -0.2592826
7.984473,0.8172606,0.09191893,-0.5878906,1.533508,-0.3480911,0.5292892, 0.08177648, -0.5707238, -0.7019217, -0.2592826
7.986814,0.8172606,0.09191893,-0.5878906,1.533508,-0.3480911,0.5292892, 0.08177648, -0.5707238, -0.7019217, -0.2592826
7.989628,0.8172606,0.09191893,-0.5878906,1.533508,-0.3480911,0.5292892, 0.08177648, -0.5707238, -0.7019217, -0.2592826
7.992389,0.8172606,0.09191893,-0.5878906,1.533508,-0.3480911,0.5292892, 0.08177648, -0.5707238, -0.7019217, -0.2592826
7.995533,0.8172606,0.09191893,-0.5878906,1.533508,-0.3480911,0.5292892, 0.08177648, -0.5707238, -0.7019217, -0.2592826
7.998039,0.8172606,0.09191893,-0.5878906,1.533508,-0.3480911,0.5292892, 0.08177648, -0.5707238, -0.7019217, -0.2592826
8.000631,0.8172606,0.09191893,-0.5878906,1.533508,-0.3480911,0.5292892, 0.08177648, -0.5707238, -0.7019217, -0.2592826
8.003304,0.8172606,0.09191893,-0.5878906,1.533508,-0.3480911,0.5292892, 0.08177648, -0.5707238, -0.7019217, -0.2592826
8.006384,0.8172606,0.09191893,-0.5878906,1.533508,-0.3480911,0.5292892, 0.08177648, -0.5707238, -0.7019217, -0.2592826
8.00919,0.8118895,0.09484862,-0.5615234,0.2212524,-0.1955032,0.7123947, 0.08202862, -0.5679617, -0.7037962, -0.259133
8.012589,0.8118895,0.09484862,-0.5615234,0.2212524,-0.1955032,0.7123947, 0.08202862, -0.5679617, -0.7037962, -0.259133
8.015379,0.8118895,0.09484862,-0.5615234,0.2212524,-0.1955032,0.7123947, 0.08202862, -0.5679617, -0.7037962, -0.259133
8.017727,0.8118895,0.09484862,-0.5615234,0.2212524,-0.1955032,0.7123947, 0.08202862, -0.5679617, -0.7037962, -0.259133
8.020493,0.8118895,0.09484862,-0.5615234,0.2212524,-0.1955032,0.7123947, 0.08202862, -0.5679617, -0.7037962, -0.259133
8.023399,0.8118895,0.09484862,-0.5615234,0.2212524,-0.1955032,0.7123947, 0.0822334, -0.5651476, -0.705711, -0.259154
8.026632,0.8206786,0.1065674,-0.5791015,-6.613731,0.04768372,-0.2326965, 0.08237756, -0.5623613, -0.7076445, -0.2592906
8.029226,0.8206786,0.1065674,-0.5791015,-6.613731,0.04768372,-0.2326965, 0.08237756, -0.5623613, -0.7076445, -0.2592906
8.031633,0.8206786,0.1065674,-0.5791015,-6.613731,0.04768372,-0.2326965, 0.08237756, -0.5623613, -0.7076445, -0.2592906
8.034225,0.8206786,0.1065674,-0.5791015,-6.613731,0.04768372,-0.2326965, 0.08237756, -0.5623613, -0.7076445, -0.2592906
8.036722,0.8206786,0.1065674,-0.5791015,-6.613731,0.04768372,-0.2326965, 0.08237756, -0.5623613, -0.7076445, -0.2592906
8.039431,0.8206786,0.1065674,-0.5791015,-6.613731,0.04768372,-0.2326965, 0.08237756, -0.5623613, -0.7076445, -0.2592906
8.042225,0.8206786,0.1065674,-0.5791015,-6.613731,0.04768372,-0.2326965, 0.08237756, -0.5623613, -0.7076445, -0.2592906
8.045124,0.8206786,0.1065674,-0.5791015,-6.613731,0.04768372,-0.2326965, 0.08237756, -0.5623613, -0.7076445, -0.2592906
8.048018,0.8206786,0.1065674,-0.5791015,-6.613731,0.04768372,-0.2326965, 0.08237756, -0.5623613, -0.7076445, -0.2592906
8.050453,0.8206786,0.1065674,-0.5791015,-6.613731,0.04768372,-0.2326965, 0.08237756, -0.5623613, -0.7076445, -0.2592906
8.053396,0.8206786,0.1065674,-0.5791015,-6.613731,0.04768372,-0.2326965, 0.08237756, -0.5623613, -0.7076445, -0.2592906
8.056391,0.8206786,0.1065674,-0.5791015,-6.613731,0.04768372,-0.2326965, 0.08237756, -0.5623613, -0.7076445, -0.2592906
8.059353,0.8206786,0.1065674,-0.5791015,-6.613731,0.04768372,-0.2326965, 0.08237756, -0.5623613, -0.7076445, -0.2592906
8.062391,0.8206786,0.1065674,-0.5791015,-6.613731,0.04768372,-0.2326965, 0.08237756, -0.5623613, -0.7076445, -0.2592906
8.064949,0.8206786,0.1065674,-0.5791015,-6.613731,0.04768372,-0.2326965, 0.08237756, -0.5623613, -0.7076445, -0.2592906
8.067293,0.8206786,0.1065674,-0.5791015,-6.613731,0.04768372,-0.2326965, 0.08237756, -0.5623613, -0.7076445, -0.2592906
8.070011,0.8133544,0.1075439,-0.567871,-3.912926,0.1544952,1.521111, 0.08256461, -0.5595054, -0.7096058, -0.259261
8.073513,0.8133544,0.08068846,-0.5727538,-0.998497,-0.1802444,1.292229, 0.08278142, -0.5568686, -0.7113897, -0.2590635
8.078362,0.8133544,0.08068846,-0.5727538,-0.998497,-0.1802444,1.292229, 0.08278142, -0.5568686, -0.7113897, -0.2590635
8.088175,0.8133544,0.08068846,-0.5727538,-0.998497,-0.1802444,1.292229, 0.08278142, -0.5568686, -0.7113897, -0.2590635
8.097496,0.8133544,0.08068846,-0.5727538,-0.998497,-0.1802444,1.292229, 0.08278142, -0.5568686, -0.7113897, -0.2590635
8.100666,0.8133544,0.08068846,-0.5727538,-0.998497,-0.1802444,1.292229, 0.08278142, -0.5568686, -0.7113897, -0.2590635
8.10471,0.826538,0.1104736,-0.5664062,-0.418663,0.535965,0.1325607, 0.08302566, -0.5538695, -0.7134469, -0.2587202
8.108778,0.826538,0.1104736,-0.5664062,-0.418663,0.535965,0.1325607, 0.08302566, -0.5538695, -0.7134469, -0.2587202
8.113123,0.826538,0.1104736,-0.5664062,-0.418663,0.535965,0.1325607, 0.08302566, -0.5538695, -0.7134469, -0.2587202
8.117033,0.826538,0.1104736,-0.5664062,-0.418663,0.535965,0.1325607, 0.08302566, -0.5538695, -0.7134469, -0.2587202
8.120163,0.826538,0.1104736,-0.5664062,-0.418663,0.535965,0.1325607, 0.08302566, -0.5538695, -0.7134469, -0.2587202
8.123289,0.826538,0.1104736,-0.5664062,-0.418663,0.535965,0.1325607, 0.08302566, -0.5538695, -0.7134469, -0.2587202
8.126385,0.826538,0.1104736,-0.5664062,-0.418663,0.535965,0.1325607, 0.08302566, -0.5538695, -0.7134469, -0.2587202
8.129139,0.826538,0.1104736,-0.5664062,-0.418663,0.535965,0.1325607, 0.08302566, -0.5538695, -0.7134469, -0.2587202
8.131723,0.826538,0.1104736,-0.5664062,-0.418663,0.535965,0.1325607, 0.08302566, -0.5538695, -0.7134469, -0.2587202
8.134865,0.8338622,0.1148681,-0.5883788,-2.4786,3.87764,-1.392365, 0.08346166, -0.548216, -0.7170748, -0.2587284
8.138102,0.8338622,0.1148681,-0.5883788,-2.4786,3.87764,-1.392365, 0.08346166, -0.548216, -0.7170748, -0.2587284
8.140669,0.8338622,0.1148681,-0.5883788,-2.4786,3.87764,-1.392365, 0.08346166, -0.548216, -0.7170748, -0.2587284
8.143288,0.8338622,0.1148681,-0.5883788,-2.4786,3.87764,-1.392365, 0.08346166, -0.548216, -0.7170748, -0.2587284
8.146042,0.8338622,0.1148681,-0.5883788,-2.4786,3.87764,-1.392365, 0.08346166, -0.548216, -0.7170748, -0.2587284
8.149054,0.8372802,0.09582518,-0.5917968,-0.5254745,3.99971,0.7276535, 0.08371847, -0.5454925, -0.7187148, -0.2587481
8.151896,0.8255614,0.09729002,-0.5791015,1.686096,1.558304,1.826286, 0.08402128, -0.542753, -0.7203773, -0.2584821
8.154539,0.8255614,0.09729002,-0.5791015,1.686096,1.558304,1.826286, 0.08402128, -0.542753, -0.7203773, -0.2584821
8.157106,0.8255614,0.09729002,-0.5791015,1.686096,1.558304,1.826286, 0.08402128, -0.542753, -0.7203773, -0.2584821
8.159912,0.8255614,0.09729002,-0.5791015,1.686096,1.558304,1.826286, 0.08402128, -0.542753, -0.7203773, -0.2584821
8.162632,0.8255614,0.09729002,-0.5791015,1.686096,1.558304,1.826286, 0.08402128, -0.542753, -0.7203773, -0.2584821
8.165291,0.8255614,0.09729002,-0.5791015,1.686096,1.558304,1.826286, 0.08402128, -0.542753, -0.7203773, -0.2584821
8.168089,0.8255614,0.09729002,-0.5791015,1.686096,1.558304,1.826286, 0.08402128, -0.542753, -0.7203773, -0.2584821
8.171202,0.8255614,0.09729002,-0.5791015,1.686096,1.558304,1.826286, 0.08402128, -0.542753, -0.7203773, -0.2584821
8.174746,0.8255614,0.09729002,-0.5791015,1.686096,1.558304,1.826286, 0.08402128, -0.542753, -0.7203773, -0.2584821
8.17909,0.8255614,0.09729002,-0.5791015,1.686096,1.558304,1.826286, 0.08402128, -0.542753, -0.7203773, -0.2584821
8.190977,0.8255614,0.09729002,-0.5791015,1.686096,1.558304,1.826286, 0.08402128, -0.542753, -0.7203773, -0.2584821
8.194063,0.8255614,0.09729002,-0.5791015,1.686096,1.558304,1.826286, 0.08402128, -0.542753, -0.7203773, -0.2584821
8.197203,0.8328856,0.09924315,-0.5800781,1.228333,0.2002716,1.002312, 0.08425473, -0.5400462, -0.7221005, -0.2582551
8.200535,0.8221434,0.09826659,-0.5795898,-0.6017685,0.825882,0.8802414, 0.08472371, -0.5344713, -0.725641, -0.2577296
8.204079,0.8221434,0.09826659,-0.5795898,-0.6017685,0.825882,0.8802414, 0.08472371, -0.5344713, -0.725641, -0.2577296
8.208048,0.8221434,0.09826659,-0.5795898,-0.6017685,0.825882,0.8802414, 0.08472371, -0.5344713, -0.725641, -0.2577296
8.211695,0.8221434,0.09826659,-0.5795898,-0.6017685,0.825882,0.8802414, 0.08472371, -0.5344713, -0.725641, -0.2577296
8.215298,0.8221434,0.09826659,-0.5795898,-0.6017685,0.825882,0.8802414, 0.08472371, -0.5344713, -0.725641, -0.2577296
8.218426,0.8221434,0.09826659,-0.5795898,-0.6017685,0.825882,0.8802414, 0.08472371, -0.5344713, -0.725641, -0.2577296
8.221024,0.8221434,0.09826659,-0.5795898,-0.6017685,0.825882,0.8802414, 0.08472371, -0.5344713, -0.725641, -0.2577296
8.224035,0.8221434,0.09826659,-0.5795898,-0.6017685,0.825882,0.8802414, 0.08472371, -0.5344713, -0.725641, -0.2577296
8.227013,0.8221434,0.09826659,-0.5795898,-0.6017685,0.825882,0.8802414, 0.08472371, -0.5344713, -0.725641, -0.2577296
8.229961,0.8221434,0.09826659,-0.5795898,-0.6017685,0.825882,0.8802414, 0.08472371, -0.5344713, -0.725641, -0.2577296
8.233095,0.8221434,0.09826659,-0.5795898,-0.6017685,0.825882,0.8802414, 0.08472371, -0.5344713, -0.725641, -0.2577296
8.236219,0.8221434,0.09826659,-0.5795898,-0.6017685,0.825882,0.8802414, 0.08472371, -0.5344713, -0.725641, -0.2577296
8.239256,0.8221434,0.09826659,-0.5795898,-0.6017685,0.825882,0.8802414, 0.08472371, -0.5344713, -0.725641, -0.2577296
8.247149,0.8221434,0.09826659,-0.5795898,-0.6017685,0.825882,0.8802414, 0.08472371, -0.5344713, -0.725641, -0.2577296
8.249756,0.8221434,0.09826659,-0.5795898,-0.6017685,0.825882,0.8802414, 0.08472371, -0.5344713, -0.725641, -0.2577296
8.252159,0.8221434,0.09826659,-0.5795898,-0.6017685,0.825882,0.8802414, 0.08472371, -0.5344713, -0.725641, -0.2577296
8.254658,0.8221434,0.09826659,-0.5795898,-0.6017685,0.825882,0.8802414, 0.08472371, -0.5344713, -0.725641, -0.2577296
8.257193,0.8221434,0.09826659,-0.5795898,-0.6017685,0.825882,0.8802414, 0.08472371, -0.5344713, -0.725641, -0.2577296
8.260189,0.8177489,0.08801268,-0.5698242,0.6027222,-0.287056,2.177238, 0.08523396, -0.5286847, -0.7293164, -0.256875
8.263163,0.8275145,0.1060791,-0.5810546,1.152039,0.5207062,1.933098, 0.08547354, -0.5258129, -0.7311283, -0.2564744
8.265892,0.8275145,0.1060791,-0.5810546,1.152039,0.5207062,1.933098, 0.08547354, -0.5258129, -0.7311283, -0.2564744
8.268253,0.8275145,0.1060791,-0.5810546,1.152039,0.5207062,1.933098, 0.08547354, -0.5258129, -0.7311283, -0.2564744
8.27095,0.8275145,0.1060791,-0.5810546,1.152039,0.5207062,1.933098, 0.08547354, -0.5258129, -0.7311283, -0.2564744
8.273792,0.8275145,0.1060791,-0.5810546,1.152039,0.5207062,1.933098, 0.08574326, -0.5233392, -0.7325875, -0.2560755
8.27713,0.8240966,0.09143065,-0.5600585,1.38092,0.8563995,3.443718, 0.08574326, -0.5233392, -0.7325875, -0.2560755
8.279974,0.8240966,0.09143065,-0.5600585,1.38092,0.8563995,3.443718, 0.08574326, -0.5233392, -0.7325875, -0.2560755
8.2838,0.8240966,0.09143065,-0.5600585,1.38092,0.8563995,3.443718, 0.08574326, -0.5233392, -0.7325875, -0.2560755
8.292482,0.8240966,0.09143065,-0.5600585,1.38092,0.8563995,3.443718, 0.08574326, -0.5233392, -0.7325875, -0.2560755
8.295202,0.8240966,0.09143065,-0.5600585,1.38092,0.8563995,3.443718, 0.08574326, -0.5233392, -0.7325875, -0.2560755
8.297789,0.8240966,0.09143065,-0.5600585,1.38092,0.8563995,3.443718, 0.08574326, -0.5233392, -0.7325875, -0.2560755
8.300409,0.8240966,0.09143065,-0.5600585,1.38092,0.8563995,3.443718, 0.08574326, -0.5233392, -0.7325875, -0.2560755
8.303001,0.8240966,0.09143065,-0.5600585,1.38092,0.8563995,3.443718, 0.08574326, -0.5233392, -0.7325875, -0.2560755
8.306089,0.8240966,0.09143065,-0.5600585,1.38092,0.8563995,3.443718, 0.08574326, -0.5233392, -0.7325875, -0.2560755
8.308849,0.8240966,0.09143065,-0.5600585,1.38092,0.8563995,3.443718, 0.08574326, -0.5233392, -0.7325875, -0.2560755
8.311697,0.8240966,0.09143065,-0.5600585,1.38092,0.8563995,3.443718, 0.08574326, -0.5233392, -0.7325875, -0.2560755
8.31496,0.8240966,0.09143065,-0.5600585,1.38092,0.8563995,3.443718, 0.08574326, -0.5233392, -0.7325875, -0.2560755
8.317638,0.8240966,0.09143065,-0.5600585,1.38092,0.8563995,3.443718, 0.08574326, -0.5233392, -0.7325875, -0.2560755
8.320602,0.8055419,0.1226806,-0.5449218,-2.615929,-1.523018,2.680779, 0.1219603, -0.5180621, -0.7357168, -0.2554375
8.323492,0.8055419,0.1226806,-0.5449218,-2.615929,-1.523018,2.680779, 0.1219603, -0.5180621, -0.7357168, -0.2554375
8.326059,0.8055419,0.1226806,-0.5449218,-2.615929,-1.523018,2.680779, 0.1219603, -0.5180621, -0.7357168, -0.2554375
8.328415,0.8055419,0.1226806,-0.5449218,-2.615929,-1.523018,2.680779, 0.1219603, -0.5180621, -0.7357168, -0.2554375
8.330944,0.8055419,0.1226806,-0.5449218,-2.615929,-1.523018,2.680779, 0.1219603, -0.5180621, -0.7357168, -0.2554375
8.333334,0.8055419,0.1226806,-0.5449218,-2.615929,-1.523018,2.680779, 0.1222145, -0.5155041, -0.7373177, -0.2551208
8.336279,0.8114012,0.09484862,-0.5659179,-2.661705,-0.7143021,1.719475, 0.1222145, -0.5155041, -0.7373177, -0.2551208
8.339233,0.8114012,0.09484862,-0.5659179,-2.661705,-0.7143021,1.719475, 0.1222145, -0.5155041, -0.7373177, -0.2551208
8.341736,0.8114012,0.09484862,-0.5659179,-2.661705,-0.7143021,1.719475, 0.1222145, -0.5155041, -0.7373177, -0.2551208
8.344692,0.8114012,0.09484862,-0.5659179,-2.661705,-0.7143021,1.719475, 0.1222145, -0.5155041, -0.7373177, -0.2551208
8.347282,0.8114012,0.09484862,-0.5659179,-2.661705,-0.7143021,1.719475, 0.1222145, -0.5155041, -0.7373177, -0.2551208
8.350138,0.8114012,0.09484862,-0.5659179,-2.661705,-0.7143021,1.719475, 0.1222145, -0.5155041, -0.7373177, -0.2551208
8.352901,0.8114012,0.09484862,-0.5659179,-2.661705,-0.7143021,1.719475, 0.1222145, -0.5155041, -0.7373177, -0.2551208
8.356068,0.8114012,0.09484862,-0.5659179,-2.661705,-0.7143021,1.719475, 0.1222145, -0.5155041, -0.7373177, -0.2551208
8.358547,0.8114012,0.09484862,-0.5659179,-2.661705,-0.7143021,1.719475, 0.1222145, -0.5155041, -0.7373177, -0.2551208
8.361147,0.8114012,0.09484862,-0.5659179,-2.661705,-0.7143021,1.719475, 0.1222145, -0.5155041, -0.7373177, -0.2551208
8.364029,0.8114012,0.09484862,-0.5659179,-2.661705,-0.7143021,1.719475, 0.1222145, -0.5155041, -0.7373177, -0.2551208
8.366461,0.8114012,0.09484862,-0.5659179,-2.661705,-0.7143021,1.719475, 0.1222145, -0.5155041, -0.7373177, -0.2551208
8.369135,0.8114012,0.09484862,-0.5659179,-2.661705,-0.7143021,1.719475, 0.1222145, -0.5155041, -0.7373177, -0.2551208
8.371946,0.8114012,0.09484862,-0.5659179,-2.661705,-0.7143021,1.719475, 0.1222145, -0.5155041, -0.7373177, -0.2551208
8.374752,0.8114012,0.09484862,-0.5659179,-2.661705,-0.7143021,1.719475, 0.1222145, -0.5155041, -0.7373177, -0.2551208
8.377972,0.8114012,0.09484862,-0.5659179,-2.661705,-0.7143021,1.719475, 0.1222145, -0.5155041, -0.7373177, -0.2551208
8.380743,0.8118895,0.09484862,-0.5791015,-0.00667572,1.497269,1.307487, 0.1225329, -0.5128196, -0.7389672, -0.2546575
8.384853,0.8114012,0.1138916,-0.5473632,-0.08296967,3.465652,4.29821, 0.1232976, -0.5079051, -0.7416117, -0.2541547
8.395239,0.8114012,0.1138916,-0.5473632,-0.08296967,3.465652,4.29821, 0.1232976, -0.5079051, -0.7416117, -0.2541547
8.402641,0.8114012,0.1138916,-0.5473632,-0.08296967,3.465652,4.29821, 0.1232976, -0.5079051, -0.7416117, -0.2541547
8.40554,0.8114012,0.1138916,-0.5473632,-0.08296967,3.465652,4.29821, 0.1232976, -0.5079051, -0.7416117, -0.2541547
8.40868,0.8114012,0.1138916,-0.5473632,-0.08296967,3.465652,4.29821, 0.1232976, -0.5079051, -0.7416117, -0.2541547
8.411709,0.8114012,0.1138916,-0.5473632,-0.08296967,3.465652,4.29821, 0.1232976, -0.5079051, -0.7416117, -0.2541547
8.414682,0.8114012,0.1138916,-0.5473632,-0.08296967,3.465652,4.29821, 0.1232976, -0.5079051, -0.7416117, -0.2541547
8.417351,0.8114012,0.1138916,-0.5473632,-0.08296967,3.465652,4.29821, 0.1232976, -0.5079051, -0.7416117, -0.2541547
8.420012,0.8114012,0.1138916,-0.5473632,-0.08296967,3.465652,4.29821, 0.1232976, -0.5079051, -0.7416117, -0.2541547
8.422588,0.8114012,0.1138916,-0.5473632,-0.08296967,3.465652,4.29821, 0.1232976, -0.5079051, -0.7416117, -0.2541547
8.425243,0.8114012,0.1138916,-0.5473632,-0.08296967,3.465652,4.29821, 0.1232976, -0.5079051, -0.7416117, -0.2541547
8.428131,0.8114012,0.1138916,-0.5473632,-0.08296967,3.465652,4.29821, 0.1236445, -0.5057134, -0.7427088, -0.2541036
8.430906,0.7908934,0.08020018,-0.5732421,-1.883507,4.320145,1.200676, 0.1239757, -0.5035605, -0.7438205, -0.2539603
8.433582,0.7908934,0.08020018,-0.5732421,-1.883507,4.320145,1.200676, 0.1239757, -0.5035605, -0.7438205, -0.2539603
8.436209,0.7908934,0.08020018,-0.5732421,-1.883507,4.320145,1.200676, 0.1239757, -0.5035605, -0.7438205, -0.2539603
8.439104,0.7908934,0.08020018,-0.5732421,-1.883507,4.320145,1.200676, 0.1239757, -0.5035605, -0.7438205, -0.2539603
8.441826,0.7908934,0.08020018,-0.5732421,-1.883507,4.320145,1.200676, 0.1239757, -0.5035605, -0.7438205, -0.2539603
8.445181,0.8143309,0.08850096,-0.559082,1.029968,0.5664825,-0.4920959, 0.1242721, -0.5013949, -0.7450225, -0.2536737
8.450109,0.7977294,0.09436034,-0.540039,-0.9069443,-5.063057,-1.300812, 0.1245245, -0.4989755, -0.7464977, -0.2532104
8.45352,0.7977294,0.09436034,-0.540039,-0.9069443,-5.063057,-1.300812, 0.1245245, -0.4989755, -0.7464977, -0.2532104
8.456114,0.7977294,0.09436034,-0.540039,-0.9069443,-5.063057,-1.300812, 0.1245245, -0.4989755, -0.7464977, -0.2532104
8.458664,0.7977294,0.09436034,-0.540039,-0.9069443,-5.063057,-1.300812, 0.1245245, -0.4989755, -0.7464977, -0.2532104
8.461178,0.7977294,0.09436034,-0.540039,-0.9069443,-5.063057,-1.300812, 0.1245245, -0.4989755, -0.7464977, -0.2532104
8.46385,0.7977294,0.09436034,-0.540039,-0.9069443,-5.063057,-1.300812, 0.1245245, -0.4989755, -0.7464977, -0.2532104
8.466293,0.7977294,0.09436034,-0.540039,-0.9069443,-5.063057,-1.300812, 0.1245245, -0.4989755, -0.7464977, -0.2532104
8.468643,0.7977294,0.09436034,-0.540039,-0.9069443,-5.063057,-1.300812, 0.1245245, -0.4989755, -0.7464977, -0.2532104
8.471336,0.7977294,0.09436034,-0.540039,-0.9069443,-5.063057,-1.300812, 0.1245245, -0.4989755, -0.7464977, -0.2532104
8.473703,0.7977294,0.09436034,-0.540039,-0.9069443,-5.063057,-1.300812, 0.1245245, -0.4989755, -0.7464977, -0.2532104
8.476334,0.7977294,0.09436034,-0.540039,-0.9069443,-5.063057,-1.300812, 0.1245245, -0.4989755, -0.7464977, -0.2532104
8.478941,0.7977294,0.09436034,-0.540039,-0.9069443,-5.063057,-1.300812, 0.1245245, -0.4989755, -0.7464977, -0.2532104
8.481823,0.7977294,0.09436034,-0.540039,-0.9069443,-5.063057,-1.300812, 0.1245245, -0.4989755, -0.7464977, -0.2532104
8.484308,0.7977294,0.09436034,-0.540039,-0.9069443,-5.063057,-1.300812, 0.1245245, -0.4989755, -0.7464977, -0.2532104
8.486773,0.7977294,0.09436034,-0.540039,-0.9069443,-5.063057,-1.300812, 0.1245245, -0.4989755, -0.7464977, -0.2532104
8.489494,0.7977294,0.09436034,-0.540039,-0.9069443,-5.063057,-1.300812, 0.1245245, -0.4989755, -0.7464977, -0.2532104
8.493084,0.8104247,0.1016846,-0.5507812,-4.9963,-6.329536,-1.865387, 0.1246081, -0.4967657, -0.7479593, -0.2529438
8.501871,0.8104247,0.1016846,-0.5507812,-4.9963,-6.329536,-1.865387, 0.1246081, -0.4967657, -0.7479593, -0.2529438
8.504963,0.8104247,0.1016846,-0.5507812,-4.9963,-6.329536,-1.865387, 0.1246081, -0.4967657, -0.7479593, -0.2529438
8.507851,0.8167723,0.1051025,-0.5756835,-6.552696,-2.545357,-1.95694, 0.1246767, -0.4944757, -0.7494262, -0.2528441
8.511244,0.819702,0.07238768,-0.5878906,-1.532555,1.726151,-0.5378723, 0.1249316, -0.4920464, -0.7508422, -0.2524704
8.514597,0.819702,0.07238768,-0.5878906,-1.532555,1.726151,-0.5378723, 0.1249316, -0.4920464, -0.7508422, -0.2524704
8.517399,0.819702,0.07238768,-0.5878906,-1.532555,1.726151,-0.5378723, 0.1249316, -0.4920464, -0.7508422, -0.2524704
8.519897,0.819702,0.07238768,-0.5878906,-1.532555,1.726151,-0.5378723, 0.1249316, -0.4920464, -0.7508422, -0.2524704
8.522549,0.819702,0.07238768,-0.5878906,-1.532555,1.726151,-0.5378723, 0.1249316, -0.4920464, -0.7508422, -0.2524704
8.525867,0.8143309,0.08215331,-0.5561523,1.289368,3.389359,-0.03433228, 0.1253634, -0.4893847, -0.7522187, -0.2519935
8.528837,0.8143309,0.08215331,-0.5561523,1.289368,3.389359,-0.03433228, 0.1253634, -0.4893847, -0.7522187, -0.2519935
8.53117,0.8143309,0.08215331,-0.5561523,1.289368,3.389359,-0.03433228, 0.1253634, -0.4893847, -0.7522187, -0.2519935
8.533693,0.8143309,0.08215331,-0.5561523,1.289368,3.389359,-0.03433228, 0.1253634, -0.4893847, -0.7522187, -0.2519935
8.536501,0.8143309,0.08215331,-0.5561523,1.289368,3.389359,-0.03433228, 0.1253634, -0.4893847, -0.7522187, -0.2519935
8.539499,0.8143309,0.08215331,-0.5561523,1.289368,3.389359,-0.03433228, 0.1253634, -0.4893847, -0.7522187, -0.2519935
8.542318,0.8143309,0.08215331,-0.5561523,1.289368,3.389359,-0.03433228, 0.1253634, -0.4893847, -0.7522187, -0.2519935
8.545389,0.8143309,0.08215331,-0.5561523,1.289368,3.389359,-0.03433228, 0.1253634, -0.4893847, -0.7522187, -0.2519935
8.55261,0.8143309,0.08215331,-0.5561523,1.289368,3.389359,-0.03433228, 0.1253634, -0.4893847, -0.7522187, -0.2519935
8.555359,0.8143309,0.08215331,-0.5561523,1.289368,3.389359,-0.03433228, 0.1253634, -0.4893847, -0.7522187, -0.2519935
8.558292,0.819702,0.116333,-0.5649413,-4.294395,2.153397,-1.895905, 0.1259776, -0.4847383, -0.7545072, -0.2519082
8.56148,0.819702,0.116333,-0.5649413,-4.294395,2.153397,-1.895905, 0.1259776, -0.4847383, -0.7545072, -0.2519082
8.56398,0.819702,0.116333,-0.5649413,-4.294395,2.153397,-1.895905, 0.1259776, -0.4847383, -0.7545072, -0.2519082
8.566383,0.819702,0.116333,-0.5649413,-4.294395,2.153397,-1.895905, 0.1259776, -0.4847383, -0.7545072, -0.2519082
8.569054,0.819702,0.116333,-0.5649413,-4.294395,2.153397,-1.895905, 0.1259776, -0.4847383, -0.7545072, -0.2519082
8.571861,0.8250731,0.1099853,-0.5683593,-5.164146,2.519608,-3.58963, 0.1261618, -0.4824215, -0.7557061, -0.2520919
8.574999,0.8250731,0.1099853,-0.5683593,-5.164146,2.519608,-3.58963, 0.1261618, -0.4824215, -0.7557061, -0.2520919
8.578365,0.8250731,0.1099853,-0.5683593,-5.164146,2.519608,-3.58963, 0.1261618, -0.4824215, -0.7557061, -0.2520919
8.581015,0.8250731,0.1099853,-0.5683593,-5.164146,2.519608,-3.58963, 0.1261618, -0.4824215, -0.7557061, -0.2520919
8.583637,0.8250731,0.1099853,-0.5683593,-5.164146,2.519608,-3.58963, 0.1261618, -0.4824215, -0.7557061, -0.2520919
8.586611,0.8250731,0.1099853,-0.5683593,-5.164146,2.519608,-3.58963, 0.1261618, -0.4824215, -0.7557061, -0.2520919
8.589531,0.8250731,0.1099853,-0.5683593,-5.164146,2.519608,-3.58963, 0.1261618, -0.4824215, -0.7557061, -0.2520919
8.59223,0.8250731,0.1099853,-0.5683593,-5.164146,2.519608,-3.58963, 0.1261618, -0.4824215, -0.7557061, -0.2520919
8.594566,0.8250731,0.1099853,-0.5683593,-5.164146,2.519608,-3.58963, 0.1261618, -0.4824215, -0.7557061, -0.2520919
8.598196,0.8250731,0.1099853,-0.5683593,-5.164146,2.519608,-3.58963, 0.1261618, -0.4824215, -0.7557061, -0.2520919
8.608557,0.8250731,0.1099853,-0.5683593,-5.164146,2.519608,-3.58963, 0.1261618, -0.4824215, -0.7557061, -0.2520919
8.612247,0.8250731,0.1099853,-0.5683593,-5.164146,2.519608,-3.58963, 0.1261618, -0.4824215, -0.7557061, -0.2520919
8.615116,0.8250731,0.1099853,-0.5683593,-5.164146,2.519608,-3.58963, 0.1261618, -0.4824215, -0.7557061, -0.2520919
8.617756,0.8446044,0.09484862,-0.5683593,-1.959801,1.420975,-2.918243, 0.1264456, -0.4798245, -0.7570508, -0.2519797
8.620905,0.8402098,0.09631346,-0.5708007,1.029968,-0.8363724,-0.4615784, 0.1267634, -0.4774898, -0.7582905, -0.2515246
8.623877,0.8402098,0.09631346,-0.5708007,1.029968,-0.8363724,-0.4615784, 0.1267634, -0.4774898, -0.7582905, -0.2515246
8.626488,0.8402098,0.09631346,-0.5708007,1.029968,-0.8363724,-0.4615784, 0.1267634, -0.4774898, -0.7582905, -0.2515246
8.628773,0.8402098,0.09631346,-0.5708007,1.029968,-0.8363724,-0.4615784, 0.1267634, -0.4774898, -0.7582905, -0.2515246
8.63113,0.8402098,0.09631346,-0.5708007,1.029968,-0.8363724,-0.4615784, 0.1267634, -0.4774898, -0.7582905, -0.2515246
8.63368,0.8494872,0.1031494,-0.5781249,-0.0371933,-0.1039505,-0.2784729, 0.1270345, -0.4751509, -0.7595394, -0.2511896
8.636606,0.8494872,0.1031494,-0.5781249,-0.0371933,-0.1039505,-0.2784729, 0.1270345, -0.4751509, -0.7595394, -0.2511896
8.63961,0.8494872,0.1031494,-0.5781249,-0.0371933,-0.1039505,-0.2784729, 0.1270345, -0.4751509, -0.7595394, -0.2511896
8.642155,0.8494872,0.1031494,-0.5781249,-0.0371933,-0.1039505,-0.2784729, 0.1270345, -0.4751509, -0.7595394, -0.2511896
8.644732,0.8494872,0.1031494,-0.5781249,-0.0371933,-0.1039505,-0.2784729, 0.1270345, -0.4751509, -0.7595394, -0.2511896
8.647141,0.8494872,0.1031494,-0.5781249,-0.0371933,-0.1039505,-0.2784729, 0.1270345, -0.4751509, -0.7595394, -0.2511896
8.649883,0.8494872,0.1031494,-0.5781249,-0.0371933,-0.1039505,-0.2784729, 0.1270345, -0.4751509, -0.7595394, -0.2511896
8.652321,0.8494872,0.1031494,-0.5781249,-0.0371933,-0.1039505,-0.2784729, 0.1270345, -0.4751509, -0.7595394, -0.2511896
8.655123,0.8494872,0.1031494,-0.5781249,-0.0371933,-0.1039505,-0.2784729, 0.1270345, -0.4751509, -0.7595394, -0.2511896
8.657892,0.8494872,0.1031494,-0.5781249,-0.0371933,-0.1039505,-0.2784729, 0.1270345, -0.4751509, -0.7595394, -0.2511896
8.66078,0.8494872,0.1031494,-0.5781249,-0.0371933,-0.1039505,-0.2784729, 0.1270345, -0.4751509, -0.7595394, -0.2511896
8.663073,0.8494872,0.1031494,-0.5781249,-0.0371933,-0.1039505,-0.2784729, 0.1270345, -0.4751509, -0.7595394, -0.2511896
8.665615,0.8494872,0.1031494,-0.5781249,-0.0371933,-0.1039505,-0.2784729, 0.1270345, -0.4751509, -0.7595394, -0.2511896
8.668322,0.8494872,0.1031494,-0.5781249,-0.0371933,-0.1039505,-0.2784729, 0.1270345, -0.4751509, -0.7595394, -0.2511896
8.67098,0.8494872,0.1031494,-0.5781249,-0.0371933,-0.1039505,-0.2784729, 0.1270345, -0.4751509, -0.7595394, -0.2511896
8.673767,0.8494872,0.1031494,-0.5781249,-0.0371933,-0.1039505,-0.2784729, 0.1270345, -0.4751509, -0.7595394, -0.2511896
8.676727,0.8494872,0.1031494,-0.5781249,-0.0371933,-0.1039505,-0.2784729, 0.1270345, -0.4751509, -0.7595394, -0.2511896
8.679623,0.8494872,0.1031494,-0.5781249,-0.0371933,-0.1039505,-0.2784729, 0.1270345, -0.4751509, -0.7595394, -0.2511896
8.682751,0.8441161,0.09826659,-0.5659179,-0.8306503,2.275467,-1.041412, 0.1276466, -0.4702915, -0.7620435, -0.2504874
8.68581,0.8358153,0.08850096,-0.5454101,-0.9222031,-0.1497269,-1.57547, 0.1279524, -0.4679804, -0.7632256, -0.2500781
8.688787,0.8358153,0.08850096,-0.5454101,-0.9222031,-0.1497269,-1.57547, 0.1279524, -0.4679804, -0.7632256, -0.2500781
8.69141,0.8358153,0.08850096,-0.5454101,-0.9222031,-0.1497269,-1.57547, 0.1279524, -0.4679804, -0.7632256, -0.2500781
8.694241,0.8358153,0.08850096,-0.5454101,-0.9222031,-0.1497269,-1.57547, 0.1279524, -0.4679804, -0.7632256, -0.2500781
8.697405,0.8245848,0.09680174,-0.5644531,-0.5254745,-3.155708,0.02574921, 0.1282415, -0.4655122, -0.7645557, -0.2495401
8.705339,0.8245848,0.09680174,-0.5644531,-0.5254745,-3.155708,0.02574921, 0.1282415, -0.4655122, -0.7645557, -0.2495401
8.709677,0.8245848,0.09680174,-0.5644531,-0.5254745,-3.155708,0.02574921, 0.1282415, -0.4655122, -0.7645557, -0.2495401
8.718863,0.8245848,0.09680174,-0.5644531,-0.5254745,-3.155708,0.02574921, 0.1282415, -0.4655122, -0.7645557, -0.2495401
8.722088,0.8245848,0.09680174,-0.5644531,-0.5254745,-3.155708,0.02574921, 0.1282415, -0.4655122, -0.7645557, -0.2495401
8.724754,0.8245848,0.09680174,-0.5644531,-0.5254745,-3.155708,0.02574921, 0.1282415, -0.4655122, -0.7645557, -0.2495401
8.727629,0.8519286,0.1031494,-0.574707,-1.288414,-1.278877,1.231194, 0.1285342, -0.4629012, -0.7659935, -0.2488866
8.730619,0.8519286,0.1031494,-0.574707,-1.288414,-1.278877,1.231194, 0.1285342, -0.4629012, -0.7659935, -0.2488866
8.732948,0.8519286,0.1031494,-0.574707,-1.288414,-1.278877,1.231194, 0.1285342, -0.4629012, -0.7659935, -0.2488866
8.735268,0.8519286,0.1031494,-0.574707,-1.288414,-1.278877,1.231194, 0.1285342, -0.4629012, -0.7659935, -0.2488866
8.738121,0.8519286,0.1031494,-0.574707,-1.288414,-1.278877,1.231194, 0.1285342, -0.4629012, -0.7659935, -0.2488866
8.74111,0.8519286,0.1031494,-0.574707,-1.288414,-1.278877,1.231194, 0.1285342, -0.4629012, -0.7659935, -0.2488866
8.744177,0.8382567,0.1202392,-0.5732421,-0.3728867,2.48909,2.28405, 0.1288451, -0.4603634, -0.7672992, -0.2483958
8.747351,0.82312,0.1173096,-0.5507812,-1.151085,4.259109,2.390862, 0.1292135, -0.4580664, -0.7683088, -0.2481212
8.750154,0.82312,0.1173096,-0.5507812,-1.151085,4.259109,2.390862, 0.1292135, -0.4580664, -0.7683088, -0.2481212
8.752701,0.82312,0.1173096,-0.5507812,-1.151085,4.259109,2.390862, 0.1292135, -0.4580664, -0.7683088, -0.2481212
8.755497,0.82312,0.1173096,-0.5507812,-1.151085,4.259109,2.390862, 0.1292135, -0.4580664, -0.7683088, -0.2481212
8.757845,0.82312,0.1173096,-0.5507812,-1.151085,4.259109,2.390862, 0.1292135, -0.4580664, -0.7683088, -0.2481212
8.760818,0.82312,0.1173096,-0.5507812,-1.151085,4.259109,2.390862, 0.1292135, -0.4580664, -0.7683088, -0.2481212
8.76362,0.82312,0.1173096,-0.5507812,-1.151085,4.259109,2.390862, 0.1292135, -0.4580664, -0.7683088, -0.2481212
8.765877,0.82312,0.1173096,-0.5507812,-1.151085,4.259109,2.390862, 0.1292135, -0.4580664, -0.7683088, -0.2481212
8.768173,0.82312,0.1173096,-0.5507812,-1.151085,4.259109,2.390862, 0.1292135, -0.4580664, -0.7683088, -0.2481212
8.770651,0.82312,0.1173096,-0.5507812,-1.151085,4.259109,2.390862, 0.1292135, -0.4580664, -0.7683088, -0.2481212
8.773361,0.82312,0.1173096,-0.5507812,-1.151085,4.259109,2.390862, 0.1292135, -0.4580664, -0.7683088, -0.2481212
8.776587,0.82312,0.1173096,-0.5507812,-1.151085,4.259109,2.390862, 0.1292135, -0.4580664, -0.7683088, -0.2481212
8.779081,0.82312,0.1173096,-0.5507812,-1.151085,4.259109,2.390862, 0.1292135, -0.4580664, -0.7683088, -0.2481212
8.781778,0.82312,0.1173096,-0.5507812,-1.151085,4.259109,2.390862, 0.1292135, -0.4580664, -0.7683088, -0.2481212
8.784235,0.82312,0.1173096,-0.5507812,-1.151085,4.259109,2.390862, 0.1292135, -0.4580664, -0.7683088, -0.2481212
8.786846,0.82312,0.1173096,-0.5507812,-1.151085,4.259109,2.390862, 0.1292135, -0.4580664, -0.7683088, -0.2481212
8.789867,0.82312,0.1173096,-0.5507812,-1.151085,4.259109,2.390862, 0.1295965, -0.4557056, -0.7693443, -0.2477969
8.79299,0.8172606,0.09729002,-0.5585937,-2.280235,1.771927,-0.04959106, 0.1298833, -0.4535174, -0.7703544, -0.2475721
8.795572,0.8172606,0.09729002,-0.5585937,-2.280235,1.771927,-0.04959106, 0.1298833, -0.4535174, -0.7703544, -0.2475721
8.798132,0.8172606,0.09729002,-0.5585937,-2.280235,1.771927,-0.04959106, 0.1298833, -0.4535174, -0.7703544, -0.2475721
8.800417,0.8172606,0.09729002,-0.5585937,-2.280235,1.771927,-0.04959106, 0.1298833, -0.4535174, -0.7703544, -0.2475721
8.802929,0.8172606,0.09729002,-0.5585937,-2.280235,1.771927,-0.04959106, 0.1298833, -0.4535174, -0.7703544, -0.2475721
8.805573,0.8172606,0.09729002,-0.5585937,-2.280235,1.771927,-0.04959106, 0.1298833, -0.4535174, -0.7703544, -0.2475721
8.808519,0.8323973,0.1173096,-0.5786132,-0.8611679,1.131058,-0.3700256, 0.1301094, -0.4513848, -0.7714409, -0.2472159
8.811579,0.8323973,0.1173096,-0.5786132,-0.8611679,1.131058,-0.3700256, 0.1301094, -0.4513848, -0.7714409, -0.2472159
8.814791,0.8323973,0.1173096,-0.5786132,-0.8611679,1.131058,-0.3700256, 0.1301094, -0.4513848, -0.7714409, -0.2472159
8.817198,0.8323973,0.1173096,-0.5786132,-0.8611679,1.131058,-0.3700256, 0.1301094, -0.4513848, -0.7714409, -0.2472159
8.821014,0.8323973,0.1173096,-0.5786132,-0.8611679,1.131058,-0.3700256, 0.1301094, -0.4513848, -0.7714409, -0.2472159
8.831377,0.8323973,0.1094971,-0.5610351,1.335144,1.237869,1.322746, 0.1304144, -0.4488813, -0.7727105, -0.2466291
8.83478,0.8323973,0.1094971,-0.5610351,1.335144,1.237869,1.322746, 0.1304144, -0.4488813, -0.7727105, -0.2466291
8.837875,0.8323973,0.1094971,-0.5610351,1.335144,1.237869,1.322746, 0.1304144, -0.4488813, -0.7727105, -0.2466291
8.841078,0.8323973,0.1094971,-0.5610351,1.335144,1.237869,1.322746, 0.1304144, -0.4488813, -0.7727105, -0.2466291
8.843828,0.8323973,0.1094971,-0.5610351,1.335144,1.237869,1.322746, 0.1304144, -0.4488813, -0.7727105, -0.2466291
8.846401,0.8323973,0.1094971,-0.5610351,1.335144,1.237869,1.322746, 0.1304144, -0.4488813, -0.7727105, -0.2466291
8.849363,0.8323973,0.1094971,-0.5610351,1.335144,1.237869,1.322746, 0.1304144, -0.4488813, -0.7727105, -0.2466291
8.857672,0.826538,0.1031494,-0.5537109,0.6637573,1.588821,1.536369, 0.130686, -0.4468081, -0.7736991, -0.2462382
8.86112,0.826538,0.1031494,-0.5537109,0.6637573,1.588821,1.536369, 0.130686, -0.4468081, -0.7736991, -0.2462382
8.863588,0.826538,0.1031494,-0.5537109,0.6637573,1.588821,1.536369, 0.130686, -0.4468081, -0.7736991, -0.2462382
8.866293,0.826538,0.1031494,-0.5537109,0.6637573,1.588821,1.536369, 0.130686, -0.4468081, -0.7736991, -0.2462382
8.869139,0.819702,0.08898924,-0.5546874,-1.486778,1.176834,-0.01907349, 0.1309642, -0.4446151, -0.7747846, -0.2457081
8.872517,0.8294677,0.1060791,-0.5546874,-1.83773,0.9937286,-0.06484985, 0.131289, -0.4421696, -0.7759621, -0.2451303
8.876268,0.8294677,0.1060791,-0.5546874,-1.83773,0.9937286,-0.06484985, 0.131289, -0.4421696, -0.7759621, -0.2451303
8.87945,0.8294677,0.1060791,-0.5546874,-1.83773,0.9937286,-0.06484985, 0.131289, -0.4421696, -0.7759621, -0.2451303
8.882006,0.8294677,0.1060791,-0.5546874,-1.83773,0.9937286,-0.06484985, 0.131289, -0.4421696, -0.7759621, -0.2451303
8.884642,0.8294677,0.1060791,-0.5546874,-1.83773,0.9937286,-0.06484985, 0.131289, -0.4421696, -0.7759621, -0.2451303
8.887178,0.8294677,0.1060791,-0.5546874,-1.83773,0.9937286,-0.06484985, 0.131289, -0.4421696, -0.7759621, -0.2451303
8.889738,0.8294677,0.1060791,-0.5546874,-1.83773,0.9937286,-0.06484985, 0.131289, -0.4421696, -0.7759621, -0.2451303
8.892479,0.8294677,0.1060791,-0.5546874,-1.83773,0.9937286,-0.06484985, 0.131289, -0.4421696, -0.7759621, -0.2451303
8.894817,0.8294677,0.1060791,-0.5546874,-1.83773,0.9937286,-0.06484985, 0.131289, -0.4421696, -0.7759621, -0.2451303
8.897142,0.8294677,0.1060791,-0.5546874,-1.83773,0.9937286,-0.06484985, 0.131289, -0.4421696, -0.7759621, -0.2451303
8.899469,0.8294677,0.1060791,-0.5546874,-1.83773,0.9937286,-0.06484985, 0.131289, -0.4421696, -0.7759621, -0.2451303
8.902485,0.8294677,0.1060791,-0.5546874,-1.83773,0.9937286,-0.06484985, 0.131289, -0.4421696, -0.7759621, -0.2451303
8.905243,0.8294677,0.1060791,-0.5546874,-1.83773,0.9937286,-0.06484985, 0.131289, -0.4421696, -0.7759621, -0.2451303
8.907742,0.8294677,0.1060791,-0.5546874,-1.83773,0.9937286,-0.06484985, 0.131289, -0.4421696, -0.7759621, -0.2451303
8.910574,0.8294677,0.1060791,-0.5546874,-1.83773,0.9937286,-0.06484985, 0.131289, -0.4421696, -0.7759621, -0.2451303
8.913403,0.8294677,0.1060791,-0.5546874,-1.83773,0.9937286,-0.06484985, 0.131289, -0.4421696, -0.7759621, -0.2451303
8.916029,0.8294677,0.1060791,-0.5546874,-1.83773,0.9937286,-0.06484985, 0.131289, -0.4421696, -0.7759621, -0.2451303
8.918787,0.8148192,0.09875487,-0.5585937,-0.6780624,-0.7753372,1.887321, 0.1320303, -0.4362933, -0.7787544, -0.2438698
8.921843,0.8148192,0.09875487,-0.5585937,-0.6780624,-0.7753372,1.887321, 0.1320303, -0.4362933, -0.7787544, -0.2438698
8.925701,0.8148192,0.09875487,-0.5585937,-0.6780624,-0.7753372,1.887321, 0.1320303, -0.4362933, -0.7787544, -0.2438698
8.935019,0.8270262,0.1021728,-0.5693359,0.8468628,-0.1344681,1.521111, 0.1322538, -0.4342624, -0.7797535, -0.2434093
8.938076,0.8270262,0.1021728,-0.5693359,0.8468628,-0.1344681,1.521111, 0.1322538, -0.4342624, -0.7797535, -0.2434093
8.941162,0.8270262,0.1021728,-0.5693359,0.8468628,-0.1344681,1.521111, 0.1322538, -0.4342624, -0.7797535, -0.2434093
8.943844,0.8270262,0.1021728,-0.5693359,0.8468628,-0.1344681,1.521111, 0.1322538, -0.4342624, -0.7797535, -0.2434093
8.946411,0.8270262,0.1021728,-0.5693359,0.8468628,-0.1344681,1.521111, 0.1322538, -0.4342624, -0.7797535, -0.2434093
8.9492,0.8270262,0.1021728,-0.5693359,0.8468628,-0.1344681,1.521111, 0.1322538, -0.4342624, -0.7797535, -0.2434093
8.951746,0.8270262,0.1021728,-0.5693359,0.8468628,-0.1344681,1.521111, 0.1322538, -0.4342624, -0.7797535, -0.2434093
8.954517,0.8270262,0.1021728,-0.5693359,0.8468628,-0.1344681,1.521111, 0.1322538, -0.4342624, -0.7797535, -0.2434093
8.957054,0.8270262,0.1021728,-0.5693359,0.8468628,-0.1344681,1.521111, 0.1322538, -0.4342624, -0.7797535, -0.2434093
8.959892,0.8270262,0.1021728,-0.5693359,0.8468628,-0.1344681,1.521111, 0.1322538, -0.4342624, -0.7797535, -0.2434093
8.962967,0.8270262,0.1021728,-0.5693359,0.8468628,-0.1344681,1.521111, 0.1322538, -0.4342624, -0.7797535, -0.2434093
8.965458,0.8270262,0.1021728,-0.5693359,0.8468628,-0.1344681,1.521111, 0.1322538, -0.4342624, -0.7797535, -0.2434093
8.967882,0.8270262,0.1021728,-0.5693359,0.8468628,-0.1344681,1.521111, 0.1322538, -0.4342624, -0.7797535, -0.2434093
8.970434,0.8270262,0.1021728,-0.5693359,0.8468628,-0.1344681,1.521111, 0.1322538, -0.4342624, -0.7797535, -0.2434093
8.973209,0.8270262,0.1021728,-0.5693359,0.8468628,-0.1344681,1.521111, 0.1322538, -0.4342624, -0.7797535, -0.2434093
8.976496,0.8270262,0.1021728,-0.5693359,0.8468628,-0.1344681,1.521111, 0.1322538, -0.4342624, -0.7797535, -0.2434093
8.97954,0.8411864,0.1011963,-0.5722656,1.472473,1.619339,0.9870529, 0.1325111, -0.4320658, -0.7808223, -0.2428597
8.98237,0.8411864,0.1011963,-0.5722656,1.472473,1.619339,0.9870529, 0.1325111, -0.4320658, -0.7808223, -0.2428597
8.984764,0.8411864,0.1011963,-0.5722656,1.472473,1.619339,0.9870529, 0.1325111, -0.4320658, -0.7808223, -0.2428597
8.987371,0.8411864,0.1011963,-0.5722656,1.472473,1.619339,0.9870529, 0.1325111, -0.4320658, -0.7808223, -0.2428597
8.990072,0.8411864,0.1011963,-0.5722656,1.472473,1.619339,0.9870529, 0.1325111, -0.4320658, -0.7808223, -0.2428597
8.992811,0.82312,0.09240721,-0.5610351,2.342224,1.543045,1.749992, 0.1328227, -0.4298435, -0.7818499, -0.24224
8.995611,0.8226317,0.1031494,-0.5336913,1.411438,-1.065254,1.505852, 0.1331323, -0.4275245, -0.7829224, -0.2416239
8.998371,0.8226317,0.1031494,-0.5336913,1.411438,-1.065254,1.505852, 0.1331323, -0.4275245, -0.7829224, -0.2416239
9.001417,0.8226317,0.1031494,-0.5336913,1.411438,-1.065254,1.505852, 0.1331323, -0.4275245, -0.7829224, -0.2416239
9.008394,0.8226317,0.1031494,-0.5336913,1.411438,-1.065254,1.505852, 0.1331323, -0.4275245, -0.7829224, -0.2416239
9.011854,0.8226317,0.1031494,-0.5336913,1.411438,-1.065254,1.505852, 0.1331323, -0.4275245, -0.7829224, -0.2416239
9.015003,0.8226317,0.1031494,-0.5336913,1.411438,-1.065254,1.505852, 0.1331323, -0.4275245, -0.7829224, -0.2416239
9.017658,0.8226317,0.1031494,-0.5336913,1.411438,-1.065254,1.505852, 0.1331323, -0.4275245, -0.7829224, -0.2416239
9.020536,0.8226317,0.1031494,-0.5336913,1.411438,-1.065254,1.505852, 0.1331323, -0.4275245, -0.7829224, -0.2416239
9.023527,0.8226317,0.1031494,-0.5336913,1.411438,-1.065254,1.505852, 0.1331323, -0.4275245, -0.7829224, -0.2416239
9.026228,0.8226317,0.1031494,-0.5336913,1.411438,-1.065254,1.505852, 0.1331323, -0.4275245, -0.7829224, -0.2416239
9.028845,0.8226317,0.1031494,-0.5336913,1.411438,-1.065254,1.505852, 0.1331323, -0.4275245, -0.7829224, -0.2416239
9.031464,0.8226317,0.1031494,-0.5336913,1.411438,-1.065254,1.505852, 0.1331323, -0.4275245, -0.7829224, -0.2416239
9.0354,0.8226317,0.1031494,-0.5336913,1.411438,-1.065254,1.505852, 0.1331323, -0.4275245, -0.7829224, -0.2416239
9.044392,0.8289794,0.09826659,-0.5541992,2.479553,0.09346008,0.4835129, 0.133886, -0.4211216, -0.7859493, -0.2399563
9.047844,0.8289794,0.09826659,-0.5541992,2.479553,0.09346008,0.4835129, 0.133886, -0.4211216, -0.7859493, -0.2399563
9.050333,0.8289794,0.09826659,-0.5541992,2.479553,0.09346008,0.4835129, 0.133886, -0.4211216, -0.7859493, -0.2399563
9.05271,0.8289794,0.09826659,-0.5541992,2.479553,0.09346008,0.4835129, 0.133886, -0.4211216, -0.7859493, -0.2399563
9.055504,0.8055419,0.08898924,-0.5395507,0.3738403,-0.3023148,1.109123, 0.134155, -0.4192234, -0.7867786, -0.2394501
9.05872,0.8055419,0.08898924,-0.5395507,0.3738403,-0.3023148,1.109123, 0.134155, -0.4192234, -0.7867786, -0.2394501
9.061371,0.8055419,0.08898924,-0.5395507,0.3738403,-0.3023148,1.109123, 0.134155, -0.4192234, -0.7867786, -0.2394501
9.063793,0.8055419,0.08898924,-0.5395507,0.3738403,-0.3023148,1.109123, 0.134155, -0.4192234, -0.7867786, -0.2394501
9.066542,0.8055419,0.08898924,-0.5395507,0.3738403,-0.3023148,1.109123, 0.134155, -0.4192234, -0.7867786, -0.2394501
9.06889,0.8055419,0.08898924,-0.5395507,0.3738403,-0.3023148,1.109123, 0.134155, -0.4192234, -0.7867786, -0.2394501
9.071663,0.8055419,0.08898924,-0.5395507,0.3738403,-0.3023148,1.109123, 0.134155, -0.4192234, -0.7867786, -0.2394501
9.074368,0.8055419,0.08898924,-0.5395507,0.3738403,-0.3023148,1.109123, 0.134155, -0.4192234, -0.7867786, -0.2394501
9.076941,0.8055419,0.08898924,-0.5395507,0.3738403,-0.3023148,1.109123, 0.134155, -0.4192234, -0.7867786, -0.2394501
9.079628,0.8055419,0.08898924,-0.5395507,0.3738403,-0.3023148,1.109123, 0.134155, -0.4192234, -0.7867786, -0.2394501
9.082125,0.8055419,0.08898924,-0.5395507,0.3738403,-0.3023148,1.109123, 0.134155, -0.4192234, -0.7867786, -0.2394501
9.084475,0.8055419,0.08898924,-0.5395507,0.3738403,-0.3023148,1.109123, 0.134155, -0.4192234, -0.7867786, -0.2394501
9.087561,0.8055419,0.08898924,-0.5395507,0.3738403,-0.3023148,1.109123, 0.134155, -0.4192234, -0.7867786, -0.2394501
9.090588,0.8055419,0.08898924,-0.5395507,0.3738403,-0.3023148,1.109123, 0.134155, -0.4192234, -0.7867786, -0.2394501
9.093243,0.8055419,0.08898924,-0.5395507,0.3738403,-0.3023148,1.109123, 0.134155, -0.4192234, -0.7867786, -0.2394501
9.095619,0.8055419,0.08898924,-0.5395507,0.3738403,-0.3023148,1.109123, 0.134155, -0.4192234, -0.7867786, -0.2394501
9.097919,0.8055419,0.08898924,-0.5395507,0.3738403,-0.3023148,1.109123, 0.134155, -0.4192234, -0.7867786, -0.2394501
9.100306,0.8055419,0.08898924,-0.5395507,0.3738403,-0.3023148,1.109123, 0.134155, -0.4192234, -0.7867786, -0.2394501
9.103294,0.8011473,0.1134033,-0.5405273,-2.188683,-2.25544,-1.361847, 0.1343687, -0.4173404, -0.7876295, -0.2390542
9.107618,0.8055419,0.1046142,-0.5541992,-2.539635,-2.194405,-1.773834, 0.1344764, -0.415489, -0.7885554, -0.2387775
9.111511,0.8055419,0.1046142,-0.5541992,-2.539635,-2.194405,-1.773834, 0.1344764, -0.415489, -0.7885554, -0.2387775
9.114294,0.8055419,0.1046142,-0.5541992,-2.539635,-2.194405,-1.773834, 0.1344764, -0.415489, -0.7885554, -0.2387775
9.11693,0.8055419,0.1046142,-0.5541992,-2.539635,-2.194405,-1.773834, 0.1344764, -0.415489, -0.7885554, -0.2387775
9.119541,0.8236083,0.09191893,-0.5581054,0.1296997,1.008987,-1.712799, 0.1346892, -0.4134449, -0.7895089, -0.2382851
9.122364,0.8236083,0.09191893,-0.5581054,0.1296997,1.008987,-1.712799, 0.1346892, -0.4134449, -0.7895089, -0.2382851
9.124947,0.8236083,0.09191893,-0.5581054,0.1296997,1.008987,-1.712799, 0.1346892, -0.4134449, -0.7895089, -0.2382851
9.127481,0.8236083,0.09191893,-0.5581054,0.1296997,1.008987,-1.712799, 0.1346892, -0.4134449, -0.7895089, -0.2382851
9.129915,0.8236083,0.09191893,-0.5581054,0.1296997,1.008987,-1.712799, 0.1346892, -0.4134449, -0.7895089, -0.2382851
9.132414,0.8236083,0.09191893,-0.5581054,0.1296997,1.008987,-1.712799, 0.1346892, -0.4134449, -0.7895089, -0.2382851
9.135927,0.8236083,0.09191893,-0.5581054,0.1296997,1.008987,-1.712799, 0.1346892, -0.4134449, -0.7895089, -0.2382851
9.145157,0.8236083,0.09191893,-0.5581054,0.1296997,1.008987,-1.712799, 0.1346892, -0.4134449, -0.7895089, -0.2382851
9.148373,0.8236083,0.09191893,-0.5581054,0.1296997,1.008987,-1.712799, 0.1346892, -0.4134449, -0.7895089, -0.2382851
9.151012,0.8201903,0.09484862,-0.5615234,2.693176,2.962112,-0.705719, 0.1349748, -0.4114749, -0.790324, -0.2377947
9.154387,0.8201903,0.09484862,-0.5615234,2.693176,2.962112,-0.705719, 0.1349748, -0.4114749, -0.790324, -0.2377947
9.162603,0.8201903,0.09484862,-0.5615234,2.693176,2.962112,-0.705719, 0.1349748, -0.4114749, -0.790324, -0.2377947
9.165712,0.8201903,0.09484862,-0.5615234,2.693176,2.962112,-0.705719, 0.1352713, -0.409572, -0.79106, -0.2373815
9.169527,0.8070067,0.1177978,-0.520996,-4.889488,-0.9889603,-2.918243, 0.1354374, -0.4078195, -0.7917452, -0.2374113
9.173311,0.8070067,0.1177978,-0.520996,-4.889488,-0.9889603,-2.918243, 0.1354374, -0.4078195, -0.7917452, -0.2374113
9.177073,0.8070067,0.1177978,-0.520996,-4.889488,-0.9889603,-2.918243, 0.1354374, -0.4078195, -0.7917452, -0.2374113
9.180784,0.8070067,0.1177978,-0.520996,-4.889488,-0.9889603,-2.918243, 0.1355094, -0.4060938, -0.7925232, -0.2374682
9.18416,0.8221434,0.1031494,-0.5512695,-5.88131,-1.782417,-3.559113, 0.1355094, -0.4060938, -0.7925232, -0.2374682
9.18709,0.8221434,0.1031494,-0.5512695,-5.88131,-1.782417,-3.559113, 0.1355094, -0.4060938, -0.7925232, -0.2374682
9.19038,0.8221434,0.1031494,-0.5512695,-5.88131,-1.782417,-3.559113, 0.1355094, -0.4060938, -0.7925232, -0.2374682
9.19342,0.8221434,0.1031494,-0.5512695,-5.88131,-1.782417,-3.559113, 0.1355094, -0.4060938, -0.7925232, -0.2374682
9.19688,0.8221434,0.1031494,-0.5512695,-5.88131,-1.782417,-3.559113, 0.1355094, -0.4060938, -0.7925232, -0.2374682
9.199755,0.8221434,0.1031494,-0.5512695,-5.88131,-1.782417,-3.559113, 0.1355094, -0.4060938, -0.7925232, -0.2374682
9.203081,0.8221434,0.1031494,-0.5512695,-5.88131,-1.782417,-3.559113, 0.1355094, -0.4060938, -0.7925232, -0.2374682
9.206743,0.8221434,0.1031494,-0.5512695,-5.88131,-1.782417,-3.559113, 0.1355094, -0.4060938, -0.7925232, -0.2374682
9.210197,0.8221434,0.1031494,-0.5512695,-5.88131,-1.782417,-3.559113, 0.1355094, -0.4060938, -0.7925232, -0.2374682
9.213329,0.8304442,0.09729002,-0.5649413,-2.066612,0.246048,-3.498077, 0.1356012, -0.4044515, -0.7932534, -0.2374432
9.217159,0.8304442,0.09729002,-0.5649413,-2.066612,0.246048,-3.498077, 0.1356012, -0.4044515, -0.7932534, -0.2374432
9.220116,0.8304442,0.09729002,-0.5649413,-2.066612,0.246048,-3.498077, 0.1356012, -0.4044515, -0.7932534, -0.2374432
9.223232,0.8304442,0.09729002,-0.5649413,-2.066612,0.246048,-3.498077, 0.1356012, -0.4044515, -0.7932534, -0.2374432
9.226006,0.8304442,0.09729002,-0.5649413,-2.066612,0.246048,-3.498077, 0.1356012, -0.4044515, -0.7932534, -0.2374432
9.22896,0.8402098,0.1080322,-0.5429687,1.167297,-1.950264,-0.8125305, 0.1360498, -0.4008384, -0.7947868, -0.2365336
9.231745,0.8402098,0.1080322,-0.5429687,1.167297,-1.950264,-0.8125305, 0.1360498, -0.4008384, -0.7947868, -0.2365336
9.234484,0.8402098,0.1080322,-0.5429687,1.167297,-1.950264,-0.8125305, 0.1360498, -0.4008384, -0.7947868, -0.2365336
9.23711,0.8402098,0.1080322,-0.5429687,1.167297,-1.950264,-0.8125305, 0.1360498, -0.4008384, -0.7947868, -0.2365336
9.239677,0.8402098,0.1080322,-0.5429687,1.167297,-1.950264,-0.8125305, 0.1360498, -0.4008384, -0.7947868, -0.2365336
9.243145,0.8402098,0.1080322,-0.5429687,1.167297,-1.950264,-0.8125305, 0.1360498, -0.4008384, -0.7947868, -0.2365336
9.247482,0.8402098,0.1080322,-0.5429687,1.167297,-1.950264,-0.8125305, 0.1360498, -0.4008384, -0.7947868, -0.2365336
9.258144,0.8402098,0.1080322,-0.5429687,1.167297,-1.950264,-0.8125305, 0.1360498, -0.4008384, -0.7947868, -0.2365336
9.261553,0.8402098,0.1080322,-0.5429687,1.167297,-1.950264,-0.8125305, 0.1360498, -0.4008384, -0.7947868, -0.2365336
9.264339,0.8402098,0.1080322,-0.5429687,1.167297,-1.950264,-0.8125305, 0.1360498, -0.4008384, -0.7947868, -0.2365336
9.267429,0.8402098,0.1080322,-0.5429687,1.167297,-1.950264,-0.8125305, 0.1360498, -0.4008384, -0.7947868, -0.2365336
9.270464,0.8402098,0.1080322,-0.5429687,1.167297,-1.950264,-0.8125305, 0.1360498, -0.4008384, -0.7947868, -0.2365336
9.273798,0.82312,0.1094971,-0.5532226,-2.631187,-2.240181,-1.316071, 0.1362454, -0.3988448, -0.7956611, -0.2361264
9.277929,0.8304442,0.1168213,-0.5595703,-3.775597,-1.37043,-1.941681, 0.1363534, -0.3970241, -0.7964873, -0.2359452
9.282337,0.8304442,0.1168213,-0.5595703,-3.775597,-1.37043,-1.941681, 0.1363534, -0.3970241, -0.7964873, -0.2359452
9.285948,0.8304442,0.1168213,-0.5595703,-3.775597,-1.37043,-1.941681, 0.1363534, -0.3970241, -0.7964873, -0.2359452
9.289852,0.8348387,0.08557127,-0.5585937,0.8926392,-2.118111,-1.819611, 0.1365356, -0.3951021, -0.797375, -0.2353883
9.293983,0.8348387,0.08557127,-0.5585937,0.8926392,-2.118111,-1.819611, 0.1365356, -0.3951021, -0.797375, -0.2353883
9.297106,0.8348387,0.08557127,-0.5585937,0.8926392,-2.118111,-1.819611, 0.1365356, -0.3951021, -0.797375, -0.2353883
9.300354,0.8348387,0.08557127,-0.5585937,0.8926392,-2.118111,-1.819611, 0.1365356, -0.3951021, -0.797375, -0.2353883
9.303513,0.8348387,0.08557127,-0.5585937,0.8926392,-2.118111,-1.819611, 0.1365356, -0.3951021, -0.797375, -0.2353883
9.306858,0.8348387,0.08557127,-0.5585937,0.8926392,-2.118111,-1.819611, 0.1365356, -0.3951021, -0.797375, -0.2353883
9.315321,0.8348387,0.08557127,-0.5585937,0.8926392,-2.118111,-1.819611, 0.1365356, -0.3951021, -0.797375, -0.2353883
9.318686,0.8348387,0.08557127,-0.5585937,0.8926392,-2.118111,-1.819611, 0.1365356, -0.3951021, -0.797375, -0.2353883
9.321377,0.8348387,0.08557127,-0.5585937,0.8926392,-2.118111,-1.819611, 0.1365356, -0.3951021, -0.797375, -0.2353883
9.324394,0.8348387,0.08557127,-0.5585937,0.8926392,-2.118111,-1.819611, 0.1365356, -0.3951021, -0.797375, -0.2353883
9.32724,0.8348387,0.08557127,-0.5585937,0.8926392,-2.118111,-1.819611, 0.1365356, -0.3951021, -0.797375, -0.2353883
9.329988,0.8348387,0.08557127,-0.5585937,0.8926392,-2.118111,-1.819611, 0.1365356, -0.3951021, -0.797375, -0.2353883
9.332884,0.8348387,0.08557127,-0.5585937,0.8926392,-2.118111,-1.819611, 0.1365356, -0.3951021, -0.797375, -0.2353883
9.335546,0.8348387,0.08557127,-0.5585937,0.8926392,-2.118111,-1.819611, 0.1365356, -0.3951021, -0.797375, -0.2353883
9.338543,0.8402098,0.119751,-0.5615234,-0.7543564,-3.933907,1.78051, 0.1368325, -0.3921125, -0.7987877, -0.234311
9.341475,0.8255614,0.1143799,-0.5600585,-3.72982,-0.6532669,1.719475, 0.1369267, -0.3908989, -0.7993158, -0.2341277
9.345064,0.8255614,0.1143799,-0.5600585,-3.72982,-0.6532669,1.719475, 0.1369267, -0.3908989, -0.7993158, -0.2341277
9.347837,0.8255614,0.1143799,-0.5600585,-3.72982,-0.6532669,1.719475, 0.1369267, -0.3908989, -0.7993158, -0.2341277
9.350254,0.8255614,0.1143799,-0.5600585,-3.72982,-0.6532669,1.719475, 0.1369267, -0.3908989, -0.7993158, -0.2341277
9.353819,0.8284911,0.104126,-0.567871,-3.333092,2.519608,0.6666183, 0.1370887, -0.3894977, -0.7998192, -0.2340368
9.362652,0.8284911,0.104126,-0.567871,-3.333092,2.519608,0.6666183, 0.1370887, -0.3894977, -0.7998192, -0.2340368
9.365509,0.8284911,0.104126,-0.567871,-3.333092,2.519608,0.6666183, 0.1370887, -0.3894977, -0.7998192, -0.2340368
9.368328,0.8284911,0.104126,-0.567871,-3.333092,2.519608,0.6666183, 0.1370887, -0.3894977, -0.7998192, -0.2340368
9.371191,0.8284911,0.104126,-0.567871,-3.333092,2.519608,0.6666183, 0.1370887, -0.3894977, -0.7998192, -0.2340368
9.374001,0.8284911,0.104126,-0.567871,-3.333092,2.519608,0.6666183, 0.1370887, -0.3894977, -0.7998192, -0.2340368
9.376629,0.8284911,0.104126,-0.567871,-3.333092,2.519608,0.6666183, 0.1370887, -0.3894977, -0.7998192, -0.2340368
9.379019,0.8284911,0.104126,-0.567871,-3.333092,2.519608,0.6666183, 0.1370887, -0.3894977, -0.7998192, -0.2340368
9.381889,0.8284911,0.104126,-0.567871,-3.333092,2.519608,0.6666183, 0.1370887, -0.3894977, -0.7998192, -0.2340368
9.384527,0.8284911,0.104126,-0.567871,-3.333092,2.519608,0.6666183, 0.1370887, -0.3894977, -0.7998192, -0.2340368
9.387037,0.8284911,0.104126,-0.567871,-3.333092,2.519608,0.6666183, 0.1370887, -0.3894977, -0.7998192, -0.2340368
9.389494,0.8284911,0.104126,-0.567871,-3.333092,2.519608,0.6666183, 0.1370887, -0.3894977, -0.7998192, -0.2340368
9.3922,0.8284911,0.104126,-0.567871,-3.333092,2.519608,0.6666183, 0.1370887, -0.3894977, -0.7998192, -0.2340368
9.394466,0.8284911,0.104126,-0.567871,-3.333092,2.519608,0.6666183, 0.1370887, -0.3894977, -0.7998192, -0.2340368
9.396732,0.8284911,0.104126,-0.567871,-3.333092,2.519608,0.6666183, 0.1370887, -0.3894977, -0.7998192, -0.2340368
9.399008,0.8284911,0.104126,-0.567871,-3.333092,2.519608,0.6666183, 0.1370887, -0.3894977, -0.7998192, -0.2340368
9.401505,0.8123778,0.08557127,-0.5439453,-0.5712509,1.695633,1.170158, 0.1375056, -0.3863939, -0.8010172, -0.233259
9.40464,0.8377684,0.1265869,-0.567871,0.2975464,-1.446724,1.124382, 0.1376818, -0.3848354, -0.8016288, -0.2329588
9.407864,0.8377684,0.1265869,-0.567871,0.2975464,-1.446724,1.124382, 0.1376818, -0.3848354, -0.8016288, -0.2329588
9.410841,0.8377684,0.1265869,-0.567871,0.2975464,-1.446724,1.124382, 0.1376818, -0.3848354, -0.8016288, -0.2329588
9.413397,0.8377684,0.1265869,-0.567871,0.2975464,-1.446724,1.124382, 0.1376818, -0.3848354, -0.8016288, -0.2329588
9.416573,0.8377684,0.1265869,-0.567871,0.2975464,-1.446724,1.124382, 0.1376818, -0.3848354, -0.8016288, -0.2329588
9.419155,0.8377684,0.1265869,-0.567871,0.2975464,-1.446724,1.124382, 0.1376818, -0.3848354, -0.8016288, -0.2329588
9.421864,0.8377684,0.1265869,-0.567871,0.2975464,-1.446724,1.124382, 0.1376818, -0.3848354, -0.8016288, -0.2329588
9.424932,0.8377684,0.1265869,-0.567871,0.2975464,-1.446724,1.124382, 0.1376818, -0.3848354, -0.8016288, -0.2329588
9.427402,0.8377684,0.1265869,-0.567871,0.2975464,-1.446724,1.124382, 0.1376818, -0.3848354, -0.8016288, -0.2329588
9.42996,0.8377684,0.1265869,-0.567871,0.2975464,-1.446724,1.124382, 0.1376818, -0.3848354, -0.8016288, -0.2329588
9.432888,0.8377684,0.1265869,-0.567871,0.2975464,-1.446724,1.124382, 0.1376818, -0.3848354, -0.8016288, -0.2329588
9.435518,0.8377684,0.1265869,-0.567871,0.2975464,-1.446724,1.124382, 0.1376818, -0.3848354, -0.8016288, -0.2329588
9.438643,0.8377684,0.1265869,-0.567871,0.2975464,-1.446724,1.124382, 0.1376818, -0.3848354, -0.8016288, -0.2329588
9.441708,0.8377684,0.1265869,-0.567871,0.2975464,-1.446724,1.124382, 0.1376818, -0.3848354, -0.8016288, -0.2329588
9.444572,0.8377684,0.1265869,-0.567871,0.2975464,-1.446724,1.124382, 0.1376818, -0.3848354, -0.8016288, -0.2329588
9.447355,0.8377684,0.1153564,-0.5795898,-2.524376,0.3528595,0.8192062, 0.1378271, -0.3831995, -0.802332, -0.2325928
9.45052,0.8377684,0.1153564,-0.5795898,-2.524376,0.3528595,0.8192062, 0.1378271, -0.3831995, -0.802332, -0.2325928
9.452845,0.8377684,0.1153564,-0.5795898,-2.524376,0.3528595,0.8192062, 0.1378271, -0.3831995, -0.802332, -0.2325928
9.456587,0.8377684,0.1153564,-0.5795898,-2.524376,0.3528595,0.8192062, 0.1378271, -0.3831995, -0.802332, -0.2325928
9.466017,0.8143309,0.09289549,-0.5581054,-1.273155,0.8869171,1.887321, 0.1381944, -0.3802687, -0.8034442, -0.2319347
9.474905,0.8143309,0.09289549,-0.5581054,-1.273155,0.8869171,1.887321, 0.1381944, -0.3802687, -0.8034442, -0.2319347
9.478434,0.8094481,0.09289549,-0.5566406,-1.33419,-1.629829,0.5598068, 0.1383564, -0.3787563, -0.804089, -0.2314521
9.481876,0.8094481,0.09289549,-0.5566406,-1.33419,-1.629829,0.5598068, 0.1383564, -0.3787563, -0.804089, -0.2314521
9.48447,0.8094481,0.09289549,-0.5566406,-1.33419,-1.629829,0.5598068, 0.1383564, -0.3787563, -0.804089, -0.2314521
9.486963,0.8094481,0.09289549,-0.5566406,-1.33419,-1.629829,0.5598068, 0.1383564, -0.3787563, -0.804089, -0.2314521
9.490065,0.8094481,0.09289549,-0.5566406,-1.33419,-1.629829,0.5598068, 0.1383564, -0.3787563, -0.804089, -0.2314521
9.492617,0.8094481,0.09289549,-0.5566406,-1.33419,-1.629829,0.5598068, 0.1383564, -0.3787563, -0.804089, -0.2314521
9.495388,0.8094481,0.09289549,-0.5566406,-1.33419,-1.629829,0.5598068, 0.1383564, -0.3787563, -0.804089, -0.2314521
9.498209,0.8094481,0.09289549,-0.5566406,-1.33419,-1.629829,0.5598068, 0.1383564, -0.3787563, -0.804089, -0.2314521
9.500568,0.8094481,0.09289549,-0.5566406,-1.33419,-1.629829,0.5598068, 0.1383564, -0.3787563, -0.804089, -0.2314521
9.503042,0.8094481,0.09289549,-0.5566406,-1.33419,-1.629829,0.5598068, 0.1383564, -0.3787563, -0.804089, -0.2314521
9.505877,0.8094481,0.09289549,-0.5566406,-1.33419,-1.629829,0.5598068, 0.1383564, -0.3787563, -0.804089, -0.2314521
9.508356,0.8094481,0.09289549,-0.5566406,-1.33419,-1.629829,0.5598068, 0.1383564, -0.3787563, -0.804089, -0.2314521
9.5114,0.8255614,0.1011963,-0.5854492,-0.7238388,-1.065254,-0.2784729, 0.1384749, -0.3774133, -0.8046817, -0.2310559
9.51432,0.8255614,0.1011963,-0.5854492,-0.7238388,-1.065254,-0.2784729, 0.1384749, -0.3774133, -0.8046817, -0.2310559
9.516794,0.8255614,0.1011963,-0.5854492,-0.7238388,-1.065254,-0.2784729, 0.1384749, -0.3774133, -0.8046817, -0.2310559
9.519323,0.8255614,0.1011963,-0.5854492,-0.7238388,-1.065254,-0.2784729, 0.1384749, -0.3774133, -0.8046817, -0.2310559
9.52183,0.8255614,0.1011963,-0.5854492,-0.7238388,-1.065254,-0.2784729, 0.1384749, -0.3774133, -0.8046817, -0.2310559
9.524311,0.8255614,0.1011963,-0.5854492,-0.7238388,-1.065254,-0.2784729, 0.1384749, -0.3774133, -0.8046817, -0.2310559
9.527607,0.8250731,0.1231689,-0.571289,0.3890991,4.945755,2.146721, 0.1388486, -0.3746911, -0.805619, -0.2305415
9.530369,0.8250731,0.1231689,-0.571289,0.3890991,4.945755,2.146721, 0.1388486, -0.3746911, -0.805619, -0.2305415
9.533161,0.8250731,0.1231689,-0.571289,0.3890991,4.945755,2.146721, 0.1388486, -0.3746911, -0.805619, -0.2305415
9.535578,0.8250731,0.1231689,-0.571289,0.3890991,4.945755,2.146721, 0.1388486, -0.3746911, -0.805619, -0.2305415
9.538437,0.8250731,0.1231689,-0.571289,0.3890991,4.945755,2.146721, 0.1388486, -0.3746911, -0.805619, -0.2305415
9.54121,0.8250731,0.1231689,-0.571289,0.3890991,4.945755,2.146721, 0.1388486, -0.3746911, -0.805619, -0.2305415
9.544456,0.8250731,0.1231689,-0.571289,0.3890991,4.945755,2.146721, 0.1388486, -0.3746911, -0.805619, -0.2305415
9.547819,0.8250731,0.1231689,-0.571289,0.3890991,4.945755,2.146721, 0.1388486, -0.3746911, -0.805619, -0.2305415
9.550432,0.8250731,0.1231689,-0.571289,0.3890991,4.945755,2.146721, 0.1388486, -0.3746911, -0.805619, -0.2305415
9.552803,0.8250731,0.1231689,-0.571289,0.3890991,4.945755,2.146721, 0.1388486, -0.3746911, -0.805619, -0.2305415
9.55669,0.8250731,0.1231689,-0.571289,0.3890991,4.945755,2.146721, 0.1388486, -0.3746911, -0.805619, -0.2305415
9.565683,0.8250731,0.1231689,-0.571289,0.3890991,4.945755,2.146721, 0.1388486, -0.3746911, -0.805619, -0.2305415
9.56843,0.8250731,0.1231689,-0.571289,0.3890991,4.945755,2.146721, 0.1388486, -0.3746911, -0.805619, -0.2305415
9.571636,0.8250731,0.1231689,-0.571289,0.3890991,4.945755,2.146721, 0.1388486, -0.3746911, -0.805619, -0.2305415
9.574389,0.8006591,0.1011963,-0.5576171,0.4959106,2.931595,1.505852, 0.1391152, -0.3731004, -0.8061466, -0.2300732
9.577505,0.8006591,0.1011963,-0.5576171,0.4959106,2.931595,1.505852, 0.1391152, -0.3731004, -0.8061466, -0.2300732
9.580032,0.8006591,0.1011963,-0.5576171,0.4959106,2.931595,1.505852, 0.1391152, -0.3731004, -0.8061466, -0.2300732
9.582577,0.8006591,0.1011963,-0.5576171,0.4959106,2.931595,1.505852, 0.1391152, -0.3731004, -0.8061466, -0.2300732
9.58493,0.8006591,0.1011963,-0.5576171,0.4959106,2.931595,1.505852, 0.1391152, -0.3731004, -0.8061466, -0.2300732
9.587614,0.8128661,0.1002197,-0.559082,0.7400513,-0.576973,-0.8277893, 0.1392741, -0.3714916, -0.8068326, -0.2295514
9.590878,0.8118895,0.1036377,-0.5634765,1.701355,-2.789497,-1.819611, 0.1393887, -0.3700582, -0.8074932, -0.2290217
9.593803,0.8118895,0.1036377,-0.5634765,1.701355,-2.789497,-1.819611, 0.1393887, -0.3700582, -0.8074932, -0.2290217
9.596163,0.8118895,0.1036377,-0.5634765,1.701355,-2.789497,-1.819611, 0.1393887, -0.3700582, -0.8074932, -0.2290217
9.598547,0.8118895,0.1036377,-0.5634765,1.701355,-2.789497,-1.819611, 0.1393887, -0.3700582, -0.8074932, -0.2290217
9.601143,0.8118895,0.1036377,-0.5634765,1.701355,-2.789497,-1.819611, 0.1393887, -0.3700582, -0.8074932, -0.2290217
9.603872,0.8118895,0.1036377,-0.5634765,1.701355,-2.789497,-1.819611, 0.1393887, -0.3700582, -0.8074932, -0.2290217
9.607014,0.8118895,0.1036377,-0.5634765,1.701355,-2.789497,-1.819611, 0.1393887, -0.3700582, -0.8074932, -0.2290217
9.610252,0.8118895,0.1036377,-0.5634765,1.701355,-2.789497,-1.819611, 0.1393887, -0.3700582, -0.8074932, -0.2290217
9.613153,0.8118895,0.1036377,-0.5634765,1.701355,-2.789497,-1.819611, 0.1393887, -0.3700582, -0.8074932, -0.2290217
9.615988,0.8118895,0.1036377,-0.5634765,1.701355,-2.789497,-1.819611, 0.1393887, -0.3700582, -0.8074932, -0.2290217
9.623468,0.8118895,0.1036377,-0.5634765,1.701355,-2.789497,-1.819611, 0.1393887, -0.3700582, -0.8074932, -0.2290217
9.626238,0.8118895,0.1036377,-0.5634765,1.701355,-2.789497,-1.819611, 0.1393887, -0.3700582, -0.8074932, -0.2290217
9.628578,0.8118895,0.1036377,-0.5634765,1.701355,-2.789497,-1.819611, 0.1393887, -0.3700582, -0.8074932, -0.2290217
9.631239,0.8118895,0.1036377,-0.5634765,1.701355,-2.789497,-1.819611, 0.1393887, -0.3700582, -0.8074932, -0.2290217
9.633598,0.8118895,0.1036377,-0.5634765,1.701355,-2.789497,-1.819611, 0.1393887, -0.3700582, -0.8074932, -0.2290217
9.636345,0.8089598,0.1138916,-0.5561523,-0.8153915,-2.072334,1.688957, 0.139551, -0.3675726, -0.8086743, -0.2281146
9.639502,0.8089598,0.1138916,-0.5561523,-0.8153915,-2.072334,1.688957, 0.139551, -0.3675726, -0.8086743, -0.2281146
9.642244,0.8089598,0.1138916,-0.5561523,-0.8153915,-2.072334,1.688957, 0.139551, -0.3675726, -0.8086743, -0.2281146
9.64505,0.8089598,0.1138916,-0.5561523,-0.8153915,-2.072334,1.688957, 0.139551, -0.3675726, -0.8086743, -0.2281146
9.647671,0.8089598,0.1138916,-0.5561523,-0.8153915,-2.072334,1.688957, 0.139551, -0.3675726, -0.8086743, -0.2281146
9.650181,0.8035887,0.112915,-0.5615234,-3.027916,0.749588,0.08678436, 0.1396529, -0.3663504, -0.8091576, -0.2278992
9.653265,0.7957762,0.1011963,-0.5742187,-1.425743,2.779007,-1.95694, 0.1397878, -0.3649103, -0.8097048, -0.2276453
9.656199,0.7957762,0.1011963,-0.5742187,-1.425743,2.779007,-1.95694, 0.1397878, -0.3649103, -0.8097048, -0.2276453
9.658752,0.7957762,0.1011963,-0.5742187,-1.425743,2.779007,-1.95694, 0.1397878, -0.3649103, -0.8097048, -0.2276453
9.661131,0.7957762,0.1011963,-0.5742187,-1.425743,2.779007,-1.95694, 0.1397878, -0.3649103, -0.8097048, -0.2276453
9.663712,0.7957762,0.1011963,-0.5742187,-1.425743,2.779007,-1.95694, 0.1397878, -0.3649103, -0.8097048, -0.2276453
9.667202,0.7957762,0.1011963,-0.5742187,-1.425743,2.779007,-1.95694, 0.1397878, -0.3649103, -0.8097048, -0.2276453
9.676149,0.7957762,0.1011963,-0.5742187,-1.425743,2.779007,-1.95694, 0.1397878, -0.3649103, -0.8097048, -0.2276453
9.679615,0.7957762,0.1011963,-0.5742187,-1.425743,2.779007,-1.95694, 0.1397878, -0.3649103, -0.8097048, -0.2276453
9.682325,0.7957762,0.1011963,-0.5742187,-1.425743,2.779007,-1.95694, 0.1397878, -0.3649103, -0.8097048, -0.2276453
9.684948,0.7957762,0.1011963,-0.5742187,-1.425743,2.779007,-1.95694, 0.1397878, -0.3649103, -0.8097048, -0.2276453
9.687374,0.7957762,0.1011963,-0.5742187,-1.425743,2.779007,-1.95694, 0.1397878, -0.3649103, -0.8097048, -0.2276453
9.690023,0.7957762,0.1011963,-0.5742187,-1.425743,2.779007,-1.95694, 0.1397878, -0.3649103, -0.8097048, -0.2276453
9.692841,0.7957762,0.1011963,-0.5742187,-1.425743,2.779007,-1.95694, 0.1397878, -0.3649103, -0.8097048, -0.2276453
9.695881,0.8133544,0.09826659,-0.5654296,1.319885,2.962112,-2.216339, 0.1401585, -0.3621062, -0.8106768, -0.2269523
9.699045,0.8270262,0.1085205,-0.5517578,0.9841919,0.1239777,1.063347, 0.1402881, -0.361026, -0.8110529, -0.2267283
9.701866,0.8270262,0.1085205,-0.5517578,0.9841919,0.1239777,1.063347, 0.1402881, -0.361026, -0.8110529, -0.2267283
9.704674,0.8270262,0.1085205,-0.5517578,0.9841919,0.1239777,1.063347, 0.1402881, -0.361026, -0.8110529, -0.2267283
9.707611,0.8270262,0.1085205,-0.5517578,0.9841919,0.1239777,1.063347, 0.1402881, -0.361026, -0.8110529, -0.2267283
9.710625,0.8201903,0.1217041,-0.5546874,-2.539635,0.825882,-1.102448, 0.1403665, -0.3599259, -0.8114424, -0.2267191
9.713589,0.8201903,0.1217041,-0.5546874,-2.539635,0.825882,-1.102448, 0.1403665, -0.3599259, -0.8114424, -0.2267191
9.716492,0.8201903,0.1217041,-0.5546874,-2.539635,0.825882,-1.102448, 0.1403665, -0.3599259, -0.8114424, -0.2267191
9.718775,0.8201903,0.1217041,-0.5546874,-2.539635,0.825882,-1.102448, 0.1403665, -0.3599259, -0.8114424, -0.2267191
9.721653,0.8201903,0.1217041,-0.5546874,-2.539635,0.825882,-1.102448, 0.1403665, -0.3599259, -0.8114424, -0.2267191
9.724274,0.8201903,0.1217041,-0.5546874,-2.539635,0.825882,-1.102448, 0.1403665, -0.3599259, -0.8114424, -0.2267191
9.727045,0.8201903,0.1217041,-0.5546874,-2.539635,0.825882,-1.102448, 0.1403665, -0.3599259, -0.8114424, -0.2267191
9.730009,0.8201903,0.1217041,-0.5546874,-2.539635,0.825882,-1.102448, 0.1403665, -0.3599259, -0.8114424, -0.2267191
9.732716,0.8201903,0.1217041,-0.5546874,-2.539635,0.825882,-1.102448, 0.1403665, -0.3599259, -0.8114424, -0.2267191
9.73543,0.8201903,0.1217041,-0.5546874,-2.539635,0.825882,-1.102448, 0.1403665, -0.3599259, -0.8114424, -0.2267191
9.738192,0.8201903,0.1217041,-0.5546874,-2.539635,0.825882,-1.102448, 0.1403665, -0.3599259, -0.8114424, -0.2267191
9.740566,0.8201903,0.1217041,-0.5546874,-2.539635,0.825882,-1.102448, 0.1403665, -0.3599259, -0.8114424, -0.2267191
9.74358,0.8201903,0.1217041,-0.5546874,-2.539635,0.825882,-1.102448, 0.1403665, -0.3599259, -0.8114424, -0.2267191
9.746296,0.8201903,0.1217041,-0.5546874,-2.539635,0.825882,-1.102448, 0.1403665, -0.3599259, -0.8114424, -0.2267191
9.749102,0.8201903,0.1217041,-0.5546874,-2.539635,0.825882,-1.102448, 0.1403665, -0.3599259, -0.8114424, -0.2267191
9.751953,0.8201903,0.1217041,-0.5546874,-2.539635,0.825882,-1.102448, 0.1403665, -0.3599259, -0.8114424, -0.2267191
9.754375,0.8201903,0.1217041,-0.5546874,-2.539635,0.825882,-1.102448, 0.1403665, -0.3599259, -0.8114424, -0.2267191
9.757206,0.8201903,0.1217041,-0.5546874,-2.539635,0.825882,-1.102448, 0.1404592, -0.3587169, -0.8118834, -0.2266252
9.760418,0.8328856,0.09436034,-0.5659179,2.708435,-1.37043,-1.407623, 0.14059, -0.3574664, -0.8123899, -0.2261762
9.763247,0.8328856,0.09436034,-0.5659179,2.708435,-1.37043,-1.407623, 0.14059, -0.3574664, -0.8123899, -0.2261762
9.765713,0.8328856,0.09436034,-0.5659179,2.708435,-1.37043,-1.407623, 0.14059, -0.3574664, -0.8123899, -0.2261762
9.768938,0.8328856,0.09436034,-0.5659179,2.708435,-1.37043,-1.407623, 0.14059, -0.3574664, -0.8123899, -0.2261762
9.778091,0.8143309,0.1075439,-0.5439453,2.311707,-2.25544,-0.7362366, 0.1406898, -0.3561971, -0.8129432, -0.2257242
9.781134,0.8143309,0.1075439,-0.5439453,2.311707,-2.25544,-0.7362366, 0.1406898, -0.3561971, -0.8129432, -0.2257242
9.783638,0.8143309,0.1075439,-0.5439453,2.311707,-2.25544,-0.7362366, 0.1406898, -0.3561971, -0.8129432, -0.2257242
9.78614,0.8143309,0.1075439,-0.5439453,2.311707,-2.25544,-0.7362366, 0.1406898, -0.3561971, -0.8129432, -0.2257242
9.788742,0.8143309,0.1075439,-0.5439453,2.311707,-2.25544,-0.7362366, 0.1406898, -0.3561971, -0.8129432, -0.2257242
9.791668,0.8143309,0.1075439,-0.5439453,2.311707,-2.25544,-0.7362366, 0.1406898, -0.3561971, -0.8129432, -0.2257242
9.794361,0.8143309,0.1075439,-0.5439453,2.311707,-2.25544,-0.7362366, 0.1406898, -0.3561971, -0.8129432, -0.2257242
9.796957,0.8143309,0.1075439,-0.5439453,2.311707,-2.25544,-0.7362366, 0.1406898, -0.3561971, -0.8129432, -0.2257242
9.79999,0.8143309,0.1075439,-0.5439453,2.311707,-2.25544,-0.7362366, 0.1406898, -0.3561971, -0.8129432, -0.2257242
9.802298,0.8143309,0.1075439,-0.5439453,2.311707,-2.25544,-0.7362366, 0.1406898, -0.3561971, -0.8129432, -0.2257242
9.805122,0.8143309,0.1075439,-0.5439453,2.311707,-2.25544,-0.7362366, 0.1406898, -0.3561971, -0.8129432, -0.2257242
9.808203,0.8143309,0.1075439,-0.5439453,2.311707,-2.25544,-0.7362366, 0.1406898, -0.3561971, -0.8129432, -0.2257242
9.811094,0.8143309,0.1075439,-0.5439453,2.311707,-2.25544,-0.7362366, 0.1406898, -0.3561971, -0.8129432, -0.2257242
9.813717,0.8143309,0.1075439,-0.5439453,2.311707,-2.25544,-0.7362366, 0.1406898, -0.3561971, -0.8129432, -0.2257242
9.816437,0.8143309,0.1075439,-0.5439453,2.311707,-2.25544,-0.7362366, 0.1406898, -0.3561971, -0.8129432, -0.2257242
9.81941,0.8250731,0.1065674,-0.5639648,0.617981,-2.453804,-0.919342, 0.1408064, -0.3548289, -0.8135041, -0.2253109
9.823019,0.8319091,0.1094971,-0.5615234,-1.563072,-0.8516312,-2.46048, 0.1409438, -0.3532673, -0.8141147, -0.2249132
9.826031,0.8319091,0.1094971,-0.5615234,-1.563072,-0.8516312,-2.46048, 0.1409438, -0.3532673, -0.8141147, -0.2249132
9.829123,0.8319091,0.1094971,-0.5615234,-1.563072,-0.8516312,-2.46048, 0.1409438, -0.3532673, -0.8141147, -0.2249132
9.831467,0.8319091,0.1094971,-0.5615234,-1.563072,-0.8516312,-2.46048, 0.1409438, -0.3532673, -0.8141147, -0.2249132
9.833935,0.8299559,0.1065674,-0.5532226,0.9231567,0.3223419,-1.743317, 0.1411006, -0.3519758, -0.8145822, -0.2245058
9.837107,0.8299559,0.1065674,-0.5532226,0.9231567,0.3223419,-1.743317, 0.1411006, -0.3519758, -0.8145822, -0.2245058
9.840038,0.8299559,0.1065674,-0.5532226,0.9231567,0.3223419,-1.743317, 0.1411006, -0.3519758, -0.8145822, -0.2245058
9.843025,0.8299559,0.1065674,-0.5532226,0.9231567,0.3223419,-1.743317, 0.1411006, -0.3519758, -0.8145822, -0.2245058
9.8459,0.8299559,0.1065674,-0.5532226,0.9231567,0.3223419,-1.743317, 0.1411006, -0.3519758, -0.8145822, -0.2245058
9.848482,0.8299559,0.1065674,-0.5532226,0.9231567,0.3223419,-1.743317, 0.1411006, -0.3519758, -0.8145822, -0.2245058
9.851198,0.8299559,0.1065674,-0.5532226,0.9231567,0.3223419,-1.743317, 0.1411006, -0.3519758, -0.8145822, -0.2245058
9.853823,0.8299559,0.1065674,-0.5532226,0.9231567,0.3223419,-1.743317, 0.1411006, -0.3519758, -0.8145822, -0.2245058
9.856422,0.8299559,0.1065674,-0.5532226,0.9231567,0.3223419,-1.743317, 0.1411006, -0.3519758, -0.8145822, -0.2245058
9.859055,0.8299559,0.1065674,-0.5532226,0.9231567,0.3223419,-1.743317, 0.1411006, -0.3519758, -0.8145822, -0.2245058
9.861397,0.8299559,0.1065674,-0.5532226,0.9231567,0.3223419,-1.743317, 0.1411006, -0.3519758, -0.8145822, -0.2245058
9.864012,0.8299559,0.1065674,-0.5532226,0.9231567,0.3223419,-1.743317, 0.1411006, -0.3519758, -0.8145822, -0.2245058
9.866789,0.8299559,0.1065674,-0.5532226,0.9231567,0.3223419,-1.743317, 0.1411006, -0.3519758, -0.8145822, -0.2245058
9.870007,0.8299559,0.1065674,-0.5532226,0.9231567,0.3223419,-1.743317, 0.1411006, -0.3519758, -0.8145822, -0.2245058
9.880541,0.8294677,0.1085205,-0.5493163,1.594543,-0.1955032,-1.331329, 0.1412389, -0.3508558, -0.814959, -0.2242366
9.883953,0.8289794,0.1134033,-0.5551757,0.5874634,-0.500679,0.02574921, 0.1415552, -0.3482383, -0.8158668, -0.2235129
9.886986,0.8289794,0.1134033,-0.5551757,0.5874634,-0.500679,0.02574921, 0.1415552, -0.3482383, -0.8158668, -0.2235129
9.889555,0.8289794,0.1134033,-0.5551757,0.5874634,-0.500679,0.02574921, 0.1415552, -0.3482383, -0.8158668, -0.2235129
9.892166,0.8289794,0.1134033,-0.5551757,0.5874634,-0.500679,0.02574921, 0.1415552, -0.3482383, -0.8158668, -0.2235129
9.894821,0.8289794,0.1134033,-0.5551757,0.5874634,-0.500679,0.02574921, 0.1415552, -0.3482383, -0.8158668, -0.2235129
9.897409,0.8372802,0.1182861,-0.5649413,-0.128746,1.924515,-0.8125305, 0.1416817, -0.3470471, -0.8163038, -0.2231662
9.900278,0.8372802,0.1182861,-0.5649413,-0.128746,1.924515,-0.8125305, 0.1416817, -0.3470471, -0.8163038, -0.2231662
9.902855,0.8372802,0.1182861,-0.5649413,-0.128746,1.924515,-0.8125305, 0.1416817, -0.3470471, -0.8163038, -0.2231662
9.905628,0.8372802,0.1182861,-0.5649413,-0.128746,1.924515,-0.8125305, 0.1416817, -0.3470471, -0.8163038, -0.2231662
9.908178,0.8372802,0.1182861,-0.5649413,-0.128746,1.924515,-0.8125305, 0.1416817, -0.3470471, -0.8163038, -0.2231662
9.910912,0.8372802,0.1182861,-0.5649413,-0.128746,1.924515,-0.8125305, 0.1416817, -0.3470471, -0.8163038, -0.2231662
9.914238,0.8372802,0.1182861,-0.5649413,-0.128746,1.924515,-0.8125305, 0.1416817, -0.3470471, -0.8163038, -0.2231662
9.917191,0.8372802,0.1182861,-0.5649413,-0.128746,1.924515,-0.8125305, 0.1416817, -0.3470471, -0.8163038, -0.2231662
9.919565,0.8372802,0.1182861,-0.5649413,-0.128746,1.924515,-0.8125305, 0.1416817, -0.3470471, -0.8163038, -0.2231662
9.926989,0.8372802,0.1182861,-0.5649413,-0.128746,1.924515,-0.8125305, 0.1416817, -0.3470471, -0.8163038, -0.2231662
9.929924,0.8372802,0.1182861,-0.5649413,-0.128746,1.924515,-0.8125305, 0.1416817, -0.3470471, -0.8163038, -0.2231662
9.932316,0.8372802,0.1182861,-0.5649413,-0.128746,1.924515,-0.8125305, 0.1416817, -0.3470471, -0.8163038, -0.2231662
9.934858,0.8372802,0.1182861,-0.5649413,-0.128746,1.924515,-0.8125305, 0.1416817, -0.3470471, -0.8163038, -0.2231662
9.937445,0.8372802,0.1182861,-0.5649413,-0.128746,1.924515,-0.8125305, 0.1416817, -0.3470471, -0.8163038, -0.2231662
9.940031,0.8372802,0.1182861,-0.5649413,-0.128746,1.924515,-0.8125305, 0.1416817, -0.3470471, -0.8163038, -0.2231662
9.942734,0.8333739,0.1070556,-0.5454101,-0.3271103,2.275467,-0.2326965, 0.1419708, -0.3449869, -0.8169168, -0.2227325
9.946049,0.8441161,0.1182861,-0.5585937,1.304626,0.2918243,0.2698898, 0.1421155, -0.3438385, -0.8172932, -0.2224316
9.948929,0.8441161,0.1182861,-0.5585937,1.304626,0.2918243,0.2698898, 0.1421155, -0.3438385, -0.8172932, -0.2224316
9.951283,0.8441161,0.1182861,-0.5585937,1.304626,0.2918243,0.2698898, 0.1421155, -0.3438385, -0.8172932, -0.2224316
9.953821,0.8441161,0.1182861,-0.5585937,1.304626,0.2918243,0.2698898, 0.1421155, -0.3438385, -0.8172932, -0.2224316
9.956543,0.8441161,0.1182861,-0.5585937,1.304626,0.2918243,0.2698898, 0.1421155, -0.3438385, -0.8172932, -0.2224316
9.959349,0.8441161,0.1182861,-0.5585937,1.304626,0.2918243,0.2698898, 0.1421155, -0.3438385, -0.8172932, -0.2224316
9.961786,0.8441161,0.1182861,-0.5585937,1.304626,0.2918243,0.2698898, 0.1421155, -0.3438385, -0.8172932, -0.2224316
9.964363,0.8441161,0.1182861,-0.5585937,1.304626,0.2918243,0.2698898, 0.1421155, -0.3438385, -0.8172932, -0.2224316
9.966637,0.8441161,0.1182861,-0.5585937,1.304626,0.2918243,0.2698898, 0.1421155, -0.3438385, -0.8172932, -0.2224316
9.96941,0.8441161,0.1182861,-0.5585937,1.304626,0.2918243,0.2698898, 0.1421155, -0.3438385, -0.8172932, -0.2224316
9.972315,0.8441161,0.1182861,-0.5585937,1.304626,0.2918243,0.2698898, 0.1421155, -0.3438385, -0.8172932, -0.2224316
9.975111,0.8441161,0.1182861,-0.5585937,1.304626,0.2918243,0.2698898, 0.1421155, -0.3438385, -0.8172932, -0.2224316
9.978025,0.8441161,0.1182861,-0.5585937,1.304626,0.2918243,0.2698898, 0.1421155, -0.3438385, -0.8172932, -0.2224316
9.981533,0.8441161,0.1182861,-0.5585937,1.304626,0.2918243,0.2698898, 0.1421155, -0.3438385, -0.8172932, -0.2224316
9.990221,0.8465575,0.1192627,-0.559082,0.3890991,1.771927,1.429558, 0.1424516, -0.3416167, -0.8179341, -0.2218772
9.993317,0.8377684,0.1036377,-0.5561523,0.831604,3.3741,2.116203, 0.1424516, -0.3416167, -0.8179341, -0.2218772
9.995831,0.8377684,0.1036377,-0.5561523,0.831604,3.3741,2.116203, 0.1424516, -0.3416167, -0.8179341, -0.2218772
9.998205,0.8377684,0.1036377,-0.5561523,0.831604,3.3741,2.116203, 0.1424516, -0.3416167, -0.8179341, -0.2218772
10.00052,0.8377684,0.1036377,-0.5561523,0.831604,3.3741,2.116203, 0.1424516, -0.3416167, -0.8179341, -0.2218772
10.00326,0.8377684,0.1036377,-0.5561523,0.831604,3.3741,2.116203, 0.1424516, -0.3416167, -0.8179341, -0.2218772
10.00617,0.8289794,0.104126,-0.5419921,1.579285,1.86348,2.116203, 0.1426762, -0.3406073, -0.8181604, -0.2215052
10.00934,0.8289794,0.104126,-0.5419921,1.579285,1.86348,2.116203, 0.1426762, -0.3406073, -0.8181604, -0.2215052
10.01203,0.8289794,0.104126,-0.5419921,1.579285,1.86348,2.116203, 0.1426762, -0.3406073, -0.8181604, -0.2215052
10.0146,0.8289794,0.104126,-0.5419921,1.579285,1.86348,2.116203, 0.1426762, -0.3406073, -0.8181604, -0.2215052
10.01693,0.8289794,0.104126,-0.5419921,1.579285,1.86348,2.116203, 0.1426762, -0.3406073, -0.8181604, -0.2215052
10.01968,0.8289794,0.104126,-0.5419921,1.579285,1.86348,2.116203, 0.1426762, -0.3406073, -0.8181604, -0.2215052
10.02251,0.8236083,0.1070556,-0.5488281,-0.6628036,-0.86689,1.414299, 0.1428196, -0.3393639, -0.8185796, -0.2211666
10.02546,0.8236083,0.1070556,-0.5488281,-0.6628036,-0.86689,1.414299, 0.1428196, -0.3393639, -0.8185796, -0.2211666
10.02826,0.8236083,0.1070556,-0.5488281,-0.6628036,-0.86689,1.414299, 0.1428196, -0.3393639, -0.8185796, -0.2211666
10.03089,0.8236083,0.1070556,-0.5488281,-0.6628036,-0.86689,1.414299, 0.1428196, -0.3393639, -0.8185796, -0.2211666
10.03377,0.8236083,0.1070556,-0.5488281,-0.6628036,-0.86689,1.414299, 0.1428196, -0.3393639, -0.8185796, -0.2211666
10.03616,0.8236083,0.1070556,-0.5488281,-0.6628036,-0.86689,1.414299, 0.1428196, -0.3393639, -0.8185796, -0.2211666
10.03892,0.8236083,0.1070556,-0.5488281,-0.6628036,-0.86689,1.414299, 0.1428196, -0.3393639, -0.8185796, -0.2211666
10.04156,0.8236083,0.1070556,-0.5488281,-0.6628036,-0.86689,1.414299, 0.1428196, -0.3393639, -0.8185796, -0.2211666
10.04478,0.8236083,0.1070556,-0.5488281,-0.6628036,-0.86689,1.414299, 0.1428196, -0.3393639, -0.8185796, -0.2211666
10.04744,0.8236083,0.1070556,-0.5488281,-0.6628036,-0.86689,1.414299, 0.1428196, -0.3393639, -0.8185796, -0.2211666
10.05025,0.8236083,0.1070556,-0.5488281,-0.6628036,-0.86689,1.414299, 0.1428196, -0.3393639, -0.8185796, -0.2211666
10.05289,0.8338622,0.116333,-0.5639648,-1.379967,-1.461983,0.2088547, 0.1429248, -0.3383569, -0.8189109, -0.2209699
10.05593,0.8338622,0.116333,-0.5639648,-1.379967,-1.461983,0.2088547, 0.1429248, -0.3383569, -0.8189109, -0.2209699
10.0588,0.8338622,0.116333,-0.5639648,-1.379967,-1.461983,0.2088547, 0.1429248, -0.3383569, -0.8189109, -0.2209699
10.06133,0.8338622,0.116333,-0.5639648,-1.379967,-1.461983,0.2088547, 0.1429248, -0.3383569, -0.8189109, -0.2209699
10.06378,0.8338622,0.116333,-0.5639648,-1.379967,-1.461983,0.2088547, 0.1429248, -0.3383569, -0.8189109, -0.2209699
10.06656,0.8338622,0.116333,-0.5639648,-1.379967,-1.461983,0.2088547, 0.1429248, -0.3383569, -0.8189109, -0.2209699
10.06921,0.82312,0.1109619,-0.5585937,0.1754761,1.955032,0.5903244, 0.1430708, -0.3367541, -0.8194486, -0.2207112
10.0722,0.82312,0.1109619,-0.5585937,0.1754761,1.955032,0.5903244, 0.1430708, -0.3367541, -0.8194486, -0.2207112
10.08099,0.82312,0.1109619,-0.5585937,0.1754761,1.955032,0.5903244, 0.1430708, -0.3367541, -0.8194486, -0.2207112
10.08535,0.82312,0.1109619,-0.5585937,0.1754761,1.955032,0.5903244, 0.1430708, -0.3367541, -0.8194486, -0.2207112
10.09404,0.82312,0.1109619,-0.5585937,0.1754761,1.955032,0.5903244, 0.1430708, -0.3367541, -0.8194486, -0.2207112
10.09677,0.82312,0.1109619,-0.5585937,0.1754761,1.955032,0.5903244, 0.1430708, -0.3367541, -0.8194486, -0.2207112
10.09989,0.82312,0.1109619,-0.5585937,0.1754761,1.955032,0.5903244, 0.1430708, -0.3367541, -0.8194486, -0.2207112
10.10373,0.82312,0.1109619,-0.5585937,0.1754761,1.955032,0.5903244, 0.1430708, -0.3367541, -0.8194486, -0.2207112
10.10757,0.82312,0.1109619,-0.5585937,0.1754761,1.955032,0.5903244, 0.1430708, -0.3367541, -0.8194486, -0.2207112
10.11042,0.82312,0.1109619,-0.5585937,0.1754761,1.955032,0.5903244, 0.1430708, -0.3367541, -0.8194486, -0.2207112
10.11378,0.82312,0.1109619,-0.5585937,0.1754761,1.955032,0.5903244, 0.1430708, -0.3367541, -0.8194486, -0.2207112
10.1171,0.8304442,0.09777831,-0.5483398,-1.044273,0.7801056,0.4377365, 0.1433701, -0.3343583, -0.8202423, -0.2199363
10.11993,0.8304442,0.09777831,-0.5483398,-1.044273,0.7801056,0.4377365, 0.1433701, -0.3343583, -0.8202423, -0.2199363
10.12291,0.8304442,0.09777831,-0.5483398,-1.044273,0.7801056,0.4377365, 0.1433701, -0.3343583, -0.8202423, -0.2199363
10.12577,0.8304442,0.09777831,-0.5483398,-1.044273,0.7801056,0.4377365, 0.1433701, -0.3343583, -0.8202423, -0.2199363
10.12809,0.8304442,0.09777831,-0.5483398,-1.044273,0.7801056,0.4377365, 0.1433701, -0.3343583, -0.8202423, -0.2199363
10.13092,0.8397216,0.1221924,-0.5639648,-0.4796982,2.946854,1.536369, 0.143562, -0.332982, -0.8206185, -0.2196738
10.1337,0.8397216,0.1221924,-0.5639648,-0.4796982,2.946854,1.536369, 0.143562, -0.332982, -0.8206185, -0.2196738
10.13612,0.8397216,0.1221924,-0.5639648,-0.4796982,2.946854,1.536369, 0.143562, -0.332982, -0.8206185, -0.2196738
10.1391,0.8397216,0.1221924,-0.5639648,-0.4796982,2.946854,1.536369, 0.143562, -0.332982, -0.8206185, -0.2196738
10.14185,0.8397216,0.1221924,-0.5639648,-0.4796982,2.946854,1.536369, 0.143562, -0.332982, -0.8206185, -0.2196738
10.14467,0.8397216,0.1221924,-0.5639648,-0.4796982,2.946854,1.536369, 0.143562, -0.332982, -0.8206185, -0.2196738
10.14742,0.8397216,0.1221924,-0.5639648,-0.4796982,2.946854,1.536369, 0.143562, -0.332982, -0.8206185, -0.2196738
10.15024,0.8397216,0.1221924,-0.5639648,-0.4796982,2.946854,1.536369, 0.143562, -0.332982, -0.8206185, -0.2196738
10.15249,0.8397216,0.1221924,-0.5639648,-0.4796982,2.946854,1.536369, 0.143562, -0.332982, -0.8206185, -0.2196738
10.15511,0.8397216,0.1221924,-0.5639648,-0.4796982,2.946854,1.536369, 0.143562, -0.332982, -0.8206185, -0.2196738
10.15774,0.8397216,0.1221924,-0.5639648,-0.4796982,2.946854,1.536369, 0.143562, -0.332982, -0.8206185, -0.2196738
10.16036,0.8397216,0.1221924,-0.5639648,-0.4796982,2.946854,1.536369, 0.143562, -0.332982, -0.8206185, -0.2196738
10.16286,0.8397216,0.1221924,-0.5639648,-0.4796982,2.946854,1.536369, 0.143562, -0.332982, -0.8206185, -0.2196738
10.16531,0.8397216,0.1221924,-0.5639648,-0.4796982,2.946854,1.536369, 0.143562, -0.332982, -0.8206185, -0.2196738
10.16763,0.8397216,0.1221924,-0.5639648,-0.4796982,2.946854,1.536369, 0.143562, -0.332982, -0.8206185, -0.2196738
10.17003,0.8397216,0.1221924,-0.5639648,-0.4796982,2.946854,1.536369, 0.143562, -0.332982, -0.8206185, -0.2196738
10.17242,0.8397216,0.1221924,-0.5639648,-0.4796982,2.946854,1.536369, 0.143562, -0.332982, -0.8206185, -0.2196738
10.17503,0.8397216,0.1221924,-0.5639648,-0.4796982,2.946854,1.536369, 0.143562, -0.332982, -0.8206185, -0.2196738
10.17817,0.8216552,0.09826659,-0.5512695,-1.959801,0.3833771,2.146721, 0.1438648, -0.3314632, -0.8209323, -0.2192998
10.1815,0.8216552,0.09826659,-0.5512695,-1.959801,0.3833771,2.146721, 0.1438648, -0.3314632, -0.8209323, -0.2192998
10.18446,0.8216552,0.09826659,-0.5512695,-1.959801,0.3833771,2.146721, 0.1438648, -0.3314632, -0.8209323, -0.2192998
10.18789,0.8216552,0.09826659,-0.5512695,-1.959801,0.3833771,2.146721, 0.1438648, -0.3314632, -0.8209323, -0.2192998
10.19811,0.8333739,0.09973143,-0.5610351,-2.997398,0.1392365,-0.6446838, 0.1439886, -0.3304718, -0.821234, -0.2190508
10.20122,0.8333739,0.09973143,-0.5610351,-2.997398,0.1392365,-0.6446838, 0.1439886, -0.3304718, -0.821234, -0.2190508
10.2038,0.8333739,0.09973143,-0.5610351,-2.997398,0.1392365,-0.6446838, 0.1439886, -0.3304718, -0.821234, -0.2190508
10.20647,0.8333739,0.09973143,-0.5610351,-2.997398,0.1392365,-0.6446838, 0.1439886, -0.3304718, -0.821234, -0.2190508
10.20966,0.8333739,0.09973143,-0.5610351,-2.997398,0.1392365,-0.6446838, 0.1439886, -0.3304718, -0.821234, -0.2190508
10.21221,0.8333739,0.09973143,-0.5610351,-2.997398,0.1392365,-0.6446838, 0.1439886, -0.3304718, -0.821234, -0.2190508
10.21482,0.8333739,0.09973143,-0.5610351,-2.997398,0.1392365,-0.6446838, 0.1439886, -0.3304718, -0.821234, -0.2190508
10.21717,0.8333739,0.09973143,-0.5610351,-2.997398,0.1392365,-0.6446838, 0.1439886, -0.3304718, -0.821234, -0.2190508
10.21996,0.8333739,0.09973143,-0.5610351,-2.997398,0.1392365,-0.6446838, 0.1439886, -0.3304718, -0.821234, -0.2190508
10.22264,0.8333739,0.09973143,-0.5610351,-2.997398,0.1392365,-0.6446838, 0.1439886, -0.3304718, -0.821234, -0.2190508
10.23073,0.8333739,0.09973143,-0.5610351,-2.997398,0.1392365,-0.6446838, 0.1439886, -0.3304718, -0.821234, -0.2190508
10.23328,0.8333739,0.09973143,-0.5610351,-2.997398,0.1392365,-0.6446838, 0.1439886, -0.3304718, -0.821234, -0.2190508
10.23562,0.8333739,0.09973143,-0.5610351,-2.997398,0.1392365,-0.6446838, 0.1439886, -0.3304718, -0.821234, -0.2190508
10.23896,0.85437,0.1275634,-0.5605468,-0.3423691,3.679276,-0.8430481, 0.1442486, -0.3286425, -0.8216441, -0.2189699
10.2422,0.8402098,0.09924315,-0.5395507,0.25177,2.458572,1.383781, 0.1444432, -0.3276792, -0.8218141, -0.2188037
10.24552,0.8402098,0.09924315,-0.5395507,0.25177,2.458572,1.383781, 0.1444432, -0.3276792, -0.8218141, -0.2188037
10.24883,0.8402098,0.09924315,-0.5395507,0.25177,2.458572,1.383781, 0.1444432, -0.3276792, -0.8218141, -0.2188037
10.25156,0.8402098,0.09924315,-0.5395507,0.25177,2.458572,1.383781, 0.1444432, -0.3276792, -0.8218141, -0.2188037
10.2549,0.8402098,0.09924315,-0.5395507,0.25177,2.458572,1.383781, 0.1444432, -0.3276792, -0.8218141, -0.2188037
10.25851,0.8402098,0.09924315,-0.5395507,0.25177,2.458572,1.383781, 0.1444432, -0.3276792, -0.8218141, -0.2188037
10.26216,0.8402098,0.09924315,-0.5395507,0.25177,2.458572,1.383781, 0.1444432, -0.3276792, -0.8218141, -0.2188037
10.26565,0.8402098,0.09924315,-0.5395507,0.25177,2.458572,1.383781, 0.1444432, -0.3276792, -0.8218141, -0.2188037
10.26847,0.8402098,0.09924315,-0.5395507,0.25177,2.458572,1.383781, 0.1444432, -0.3276792, -0.8218141, -0.2188037
10.27176,0.8402098,0.09924315,-0.5395507,0.25177,2.458572,1.383781, 0.1444432, -0.3276792, -0.8218141, -0.2188037
10.27479,0.8402098,0.09924315,-0.5395507,0.25177,2.458572,1.383781, 0.1444432, -0.3276792, -0.8218141, -0.2188037
10.27848,0.8402098,0.09924315,-0.5395507,0.25177,2.458572,1.383781, 0.1444432, -0.3276792, -0.8218141, -0.2188037
10.28176,0.8402098,0.09924315,-0.5395507,0.25177,2.458572,1.383781, 0.1444432, -0.3276792, -0.8218141, -0.2188037
10.28513,0.8402098,0.09924315,-0.5395507,0.25177,2.458572,1.383781, 0.1444432, -0.3276792, -0.8218141, -0.2188037
10.2898,0.8402098,0.09924315,-0.5395507,0.25177,2.458572,1.383781, 0.1444432, -0.3276792, -0.8218141, -0.2188037
10.29981,0.826538,0.09484862,-0.5332031,-0.784874,0.9326935,1.643181, 0.1445711, -0.3267997, -0.8220726, -0.2185072
10.30282,0.8240966,0.1192627,-0.5615234,-1.914024,0.001907349,2.329826, 0.1446993, -0.3254891, -0.8224823, -0.2182787
10.30634,0.8240966,0.1192627,-0.5615234,-1.914024,0.001907349,2.329826, 0.1446993, -0.3254891, -0.8224823, -0.2182787
10.30936,0.8240966,0.1192627,-0.5615234,-1.914024,0.001907349,2.329826, 0.1446993, -0.3254891, -0.8224823, -0.2182787
10.31217,0.8240966,0.1192627,-0.5615234,-1.914024,0.001907349,2.329826, 0.1446993, -0.3254891, -0.8224823, -0.2182787
10.31523,0.8138427,0.1148681,-0.5610351,-0.9832382,0.7343292,1.673698, 0.1447779, -0.3245727, -0.8228061, -0.2180272
10.31863,0.8138427,0.1148681,-0.5610351,-0.9832382,0.7343292,1.673698, 0.1447779, -0.3245727, -0.8228061, -0.2180272
10.32182,0.8138427,0.1148681,-0.5610351,-0.9832382,0.7343292,1.673698, 0.1447779, -0.3245727, -0.8228061, -0.2180272
10.32513,0.8138427,0.1148681,-0.5610351,-0.9832382,0.7343292,1.673698, 0.1447779, -0.3245727, -0.8228061, -0.2180272
10.32802,0.8138427,0.1148681,-0.5610351,-0.9832382,0.7343292,1.673698, 0.1447779, -0.3245727, -0.8228061, -0.2180272
10.33091,0.8138427,0.1148681,-0.5610351,-0.9832382,0.7343292,1.673698, 0.1447779, -0.3245727, -0.8228061, -0.2180272
10.33423,0.8138427,0.1148681,-0.5610351,-0.9832382,0.7343292,1.673698, 0.1447779, -0.3245727, -0.8228061, -0.2180272
10.33744,0.8138427,0.1148681,-0.5610351,-0.9832382,0.7343292,1.673698, 0.1447779, -0.3245727, -0.8228061, -0.2180272
10.34081,0.8138427,0.1148681,-0.5610351,-0.9832382,0.7343292,1.673698, 0.1447779, -0.3245727, -0.8228061, -0.2180272
10.34456,0.8138427,0.1148681,-0.5610351,-0.9832382,0.7343292,1.673698, 0.1447779, -0.3245727, -0.8228061, -0.2180272
10.34833,0.8060302,0.119751,-0.5654296,-1.990318,0.2613068,0.9412766, 0.1448312, -0.3238434, -0.82307, -0.2178472
10.35204,0.8060302,0.119751,-0.5654296,-1.990318,0.2613068,0.9412766, 0.1448312, -0.3238434, -0.82307, -0.2178472
10.35564,0.8060302,0.119751,-0.5654296,-1.990318,0.2613068,0.9412766, 0.1448312, -0.3238434, -0.82307, -0.2178472
10.35939,0.8060302,0.119751,-0.5654296,-1.990318,0.2613068,0.9412766, 0.1448312, -0.3238434, -0.82307, -0.2178472
10.36269,0.8221434,0.1085205,-0.5595703,0.05340576,0.9174347,0.3614426, 0.1448909, -0.3231618, -0.8233187, -0.2176186
10.36615,0.8245848,0.1031494,-0.5708007,-0.6933212,1.710892,0.2698898, 0.1449561, -0.3223502, -0.8236263, -0.2173284
10.3695,0.8245848,0.1031494,-0.5708007,-0.6933212,1.710892,0.2698898, 0.1449561, -0.3223502, -0.8236263, -0.2173284
10.37321,0.8245848,0.1031494,-0.5708007,-0.6933212,1.710892,0.2698898, 0.1449561, -0.3223502, -0.8236263, -0.2173284
10.38113,0.8157958,0.1256103,-0.5537109,-0.418663,1.924515,0.4072189, 0.145006, -0.321658, -0.8238696, -0.2171798
10.38439,0.8157958,0.1256103,-0.5537109,-0.418663,1.924515,0.4072189, 0.145006, -0.321658, -0.8238696, -0.2171798
10.3872,0.8157958,0.1256103,-0.5537109,-0.418663,1.924515,0.4072189, 0.145006, -0.321658, -0.8238696, -0.2171798
10.39022,0.8157958,0.1256103,-0.5537109,-0.418663,1.924515,0.4072189, 0.145006, -0.321658, -0.8238696, -0.2171798
10.39386,0.8157958,0.1256103,-0.5537109,-0.418663,1.924515,0.4072189, 0.145006, -0.321658, -0.8238696, -0.2171798
10.40346,0.8157958,0.1256103,-0.5537109,-0.418663,1.924515,0.4072189, 0.145006, -0.321658, -0.8238696, -0.2171798
10.40683,0.8157958,0.1256103,-0.5537109,-0.418663,1.924515,0.4072189, 0.145006, -0.321658, -0.8238696, -0.2171798
10.41002,0.8050536,0.100708,-0.5639648,-1.242638,0.1544952,0.620842, 0.1450168, -0.3211997, -0.8240427, -0.2171462
10.41339,0.8050536,0.100708,-0.5639648,-1.242638,0.1544952,0.620842, 0.1450168, -0.3211997, -0.8240427, -0.2171462
10.41611,0.8050536,0.100708,-0.5639648,-1.242638,0.1544952,0.620842, 0.1450168, -0.3211997, -0.8240427, -0.2171462
10.4185,0.8050536,0.100708,-0.5639648,-1.242638,0.1544952,0.620842, 0.1450168, -0.3211997, -0.8240427, -0.2171462
10.42161,0.8050536,0.100708,-0.5639648,-1.242638,0.1544952,0.620842, 0.1450168, -0.3211997, -0.8240427, -0.2171462
10.42466,0.8192137,0.09631346,-0.5458984,0.007629395,-1.538277,-0.2174377, 0.1450827, -0.320619, -0.8242282, -0.2169664
10.42789,0.8123778,0.1148681,-0.5639648,1.594543,-1.034737,-2.307892, 0.1451303, -0.3198287, -0.8245282, -0.2167513
10.43093,0.8123778,0.1148681,-0.5639648,1.594543,-1.034737,-2.307892, 0.1451303, -0.3198287, -0.8245282, -0.2167513
10.4334,0.8123778,0.1148681,-0.5639648,1.594543,-1.034737,-2.307892, 0.1451303, -0.3198287, -0.8245282, -0.2167513
10.43619,0.8123778,0.1148681,-0.5639648,1.594543,-1.034737,-2.307892, 0.1451303, -0.3198287, -0.8245282, -0.2167513
10.43882,0.8123778,0.1148681,-0.5639648,1.594543,-1.034737,-2.307892, 0.1451303, -0.3198287, -0.8245282, -0.2167513
10.44156,0.8123778,0.1148681,-0.5639648,1.594543,-1.034737,-2.307892, 0.1451303, -0.3198287, -0.8245282, -0.2167513
10.44433,0.8123778,0.1148681,-0.5639648,1.594543,-1.034737,-2.307892, 0.1451303, -0.3198287, -0.8245282, -0.2167513
10.44676,0.8123778,0.1148681,-0.5639648,1.594543,-1.034737,-2.307892, 0.1451303, -0.3198287, -0.8245282, -0.2167513
10.44971,0.8123778,0.1148681,-0.5639648,1.594543,-1.034737,-2.307892, 0.1451303, -0.3198287, -0.8245282, -0.2167513
10.45203,0.8123778,0.1148681,-0.5639648,1.594543,-1.034737,-2.307892, 0.1451303, -0.3198287, -0.8245282, -0.2167513
10.45452,0.8123778,0.1148681,-0.5639648,1.594543,-1.034737,-2.307892, 0.1451303, -0.3198287, -0.8245282, -0.2167513
10.45724,0.8123778,0.1148681,-0.5639648,1.594543,-1.034737,-2.307892, 0.1451303, -0.3198287, -0.8245282, -0.2167513
10.46008,0.8123778,0.1148681,-0.5639648,1.594543,-1.034737,-2.307892, 0.1451303, -0.3198287, -0.8245282, -0.2167513
10.46234,0.8123778,0.1148681,-0.5639648,1.594543,-1.034737,-2.307892, 0.1451303, -0.3198287, -0.8245282, -0.2167513
10.46517,0.8123778,0.1148681,-0.5639648,1.594543,-1.034737,-2.307892, 0.1451303, -0.3198287, -0.8245282, -0.2167513
10.46741,0.8123778,0.1148681,-0.5639648,1.594543,-1.034737,-2.307892, 0.1451303, -0.3198287, -0.8245282, -0.2167513
10.47059,0.8123778,0.1148681,-0.5639648,1.594543,-1.034737,-2.307892, 0.1451303, -0.3198287, -0.8245282, -0.2167513
10.47351,0.8236083,0.09582518,-0.5551757,1.64032,-0.9431839,-1.407623, 0.1451901, -0.3190579, -0.8248206, -0.2164711
10.47657,0.8236083,0.09582518,-0.5551757,1.64032,-0.9431839,-1.407623, 0.1451901, -0.3190579, -0.8248206, -0.2164711
10.47902,0.8236083,0.09582518,-0.5551757,1.64032,-0.9431839,-1.407623, 0.1451901, -0.3190579, -0.8248206, -0.2164711
10.4816,0.8236083,0.09582518,-0.5551757,1.64032,-0.9431839,-1.407623, 0.1451901, -0.3190579, -0.8248206, -0.2164711
10.48391,0.8236083,0.09582518,-0.5551757,1.64032,-0.9431839,-1.407623, 0.1451901, -0.3190579, -0.8248206, -0.2164711
10.48636,0.8343505,0.1187744,-0.5527343,0.05340576,-0.9889603,-0.6752014, 0.1452704, -0.3183218, -0.825026, -0.2163628
10.48942,0.8270262,0.0953369,-0.5439453,-1.21212,-0.02765656,-1.789093, 0.1453423, -0.3178475, -0.8251453, -0.2162383
10.49224,0.8270262,0.0953369,-0.5439453,-1.21212,-0.02765656,-1.789093, 0.1453423, -0.3178475, -0.8251453, -0.2162383
10.49457,0.8270262,0.0953369,-0.5439453,-1.21212,-0.02765656,-1.789093, 0.1453423, -0.3178475, -0.8251453, -0.2162383
10.49692,0.8270262,0.0953369,-0.5439453,-1.21212,-0.02765656,-1.789093, 0.1453423, -0.3178475, -0.8251453, -0.2162383
10.49918,0.8270262,0.0953369,-0.5439453,-1.21212,-0.02765656,-1.789093, 0.1453423, -0.3178475, -0.8251453, -0.2162383
10.50196,0.8270262,0.0953369,-0.5439453,-1.21212,-0.02765656,-1.789093, 0.1453423, -0.3178475, -0.8251453, -0.2162383
10.5055,0.8270262,0.0953369,-0.5439453,-1.21212,-0.02765656,-1.789093, 0.1453423, -0.3178475, -0.8251453, -0.2162383
10.51437,0.8270262,0.0953369,-0.5439453,-1.21212,-0.02765656,-1.789093, 0.1453423, -0.3178475, -0.8251453, -0.2162383
10.51704,0.8270262,0.0953369,-0.5439453,-1.21212,-0.02765656,-1.789093, 0.1453423, -0.3178475, -0.8251453, -0.2162383
10.51963,0.8270262,0.0953369,-0.5439453,-1.21212,-0.02765656,-1.789093, 0.1453423, -0.3178475, -0.8251453, -0.2162383
10.52217,0.8270262,0.0953369,-0.5439453,-1.21212,-0.02765656,-1.789093, 0.1453423, -0.3178475, -0.8251453, -0.2162383
10.52491,0.8270262,0.0953369,-0.5439453,-1.21212,-0.02765656,-1.789093, 0.1453423, -0.3178475, -0.8251453, -0.2162383
10.53171,0.8270262,0.0953369,-0.5439453,-1.21212,-0.02765656,-1.789093, 0.1453423, -0.3178475, -0.8251453, -0.2162383
10.53466,0.8416747,0.09875487,-0.5566406,-0.20504,0.9937286,-2.643585, 0.1454055, -0.3172317, -0.8252907, -0.2162652
10.53849,0.8333739,0.1085205,-0.5517578,3.227234,0.1239777,-2.506256, 0.1455016, -0.3163469, -0.8255764, -0.2159796
10.54136,0.8333739,0.1085205,-0.5517578,3.227234,0.1239777,-2.506256, 0.1455016, -0.3163469, -0.8255764, -0.2159796
10.54426,0.8333739,0.1085205,-0.5517578,3.227234,0.1239777,-2.506256, 0.1455016, -0.3163469, -0.8255764, -0.2159796
10.54679,0.8333739,0.1085205,-0.5517578,3.227234,0.1239777,-2.506256, 0.1455016, -0.3163469, -0.8255764, -0.2159796
10.54957,0.8333739,0.1085205,-0.5517578,3.227234,0.1239777,-2.506256, 0.1455786, -0.3154862, -0.8258727, -0.215712
10.55273,0.8465575,0.1256103,-0.5444335,1.13678,-2.301216,-1.422882, 0.1456171, -0.3147606, -0.8261533, -0.2154997
10.55603,0.8465575,0.1256103,-0.5444335,1.13678,-2.301216,-1.422882, 0.1456171, -0.3147606, -0.8261533, -0.2154997
10.55885,0.8465575,0.1256103,-0.5444335,1.13678,-2.301216,-1.422882, 0.1456171, -0.3147606, -0.8261533, -0.2154997
10.5613,0.8465575,0.1256103,-0.5444335,1.13678,-2.301216,-1.422882, 0.1456171, -0.3147606, -0.8261533, -0.2154997
10.56366,0.8465575,0.1256103,-0.5444335,1.13678,-2.301216,-1.422882, 0.1456171, -0.3147606, -0.8261533, -0.2154997
10.56612,0.8465575,0.1256103,-0.5444335,1.13678,-2.301216,-1.422882, 0.1456171, -0.3147606, -0.8261533, -0.2154997
10.56857,0.8465575,0.1256103,-0.5444335,1.13678,-2.301216,-1.422882, 0.1456171, -0.3147606, -0.8261533, -0.2154997
10.57106,0.8465575,0.1256103,-0.5444335,1.13678,-2.301216,-1.422882, 0.1456171, -0.3147606, -0.8261533, -0.2154997
10.57347,0.8465575,0.1256103,-0.5444335,1.13678,-2.301216,-1.422882, 0.1456171, -0.3147606, -0.8261533, -0.2154997
10.57634,0.8465575,0.1256103,-0.5444335,1.13678,-2.301216,-1.422882, 0.1456171, -0.3147606, -0.8261533, -0.2154997
10.57911,0.8465575,0.1256103,-0.5444335,1.13678,-2.301216,-1.422882, 0.1456171, -0.3147606, -0.8261533, -0.2154997
10.58175,0.8465575,0.1256103,-0.5444335,1.13678,-2.301216,-1.422882, 0.1456171, -0.3147606, -0.8261533, -0.2154997
10.58438,0.8465575,0.1256103,-0.5444335,1.13678,-2.301216,-1.422882, 0.1456171, -0.3147606, -0.8261533, -0.2154997
10.58709,0.8465575,0.1256103,-0.5444335,1.13678,-2.301216,-1.422882, 0.1456171, -0.3147606, -0.8261533, -0.2154997
10.58982,0.8465575,0.1256103,-0.5444335,1.13678,-2.301216,-1.422882, 0.1456171, -0.3147606, -0.8261533, -0.2154997
10.59275,0.8465575,0.1256103,-0.5444335,1.13678,-2.301216,-1.422882, 0.1456171, -0.3147606, -0.8261533, -0.2154997
10.59565,0.8465575,0.1256103,-0.5444335,1.13678,-2.301216,-1.422882, 0.1456171, -0.3147606, -0.8261533, -0.2154997
10.59814,0.8250731,0.1016846,-0.5639648,-0.02193451,-2.209663,-1.026154, 0.145639, -0.3141975, -0.8263808, -0.2153364
10.60137,0.8397216,0.1070556,-0.5551757,1.243591,-1.858711,-0.9803772, 0.1457041, -0.3136445, -0.8265463, -0.2151731
10.60481,0.8397216,0.1070556,-0.5551757,1.243591,-1.858711,-0.9803772, 0.1457041, -0.3136445, -0.8265463, -0.2151731
10.60753,0.8397216,0.1070556,-0.5551757,1.243591,-1.858711,-0.9803772, 0.1457041, -0.3136445, -0.8265463, -0.2151731
10.61091,0.8397216,0.1070556,-0.5551757,1.243591,-1.858711,-0.9803772, 0.1457041, -0.3136445, -0.8265463, -0.2151731
10.61977,0.8260497,0.1085205,-0.5502929,2.876282,-1.523018,-1.346588, 0.1457752, -0.3129968, -0.8267655, -0.2149081
10.62362,0.8260497,0.1085205,-0.5502929,2.876282,-1.523018,-1.346588, 0.1457752, -0.3129968, -0.8267655, -0.2149081
10.6266,0.8260497,0.1085205,-0.5502929,2.876282,-1.523018,-1.346588, 0.1457752, -0.3129968, -0.8267655, -0.2149081
10.62899,0.8260497,0.1085205,-0.5502929,2.876282,-1.523018,-1.346588, 0.1457752, -0.3129968, -0.8267655, -0.2149081
10.63155,0.8260497,0.1085205,-0.5502929,2.876282,-1.523018,-1.346588, 0.1457752, -0.3129968, -0.8267655, -0.2149081
10.63397,0.8260497,0.1085205,-0.5502929,2.876282,-1.523018,-1.346588, 0.1457752, -0.3129968, -0.8267655, -0.2149081
10.63664,0.8260497,0.1085205,-0.5502929,2.876282,-1.523018,-1.346588, 0.1457752, -0.3129968, -0.8267655, -0.2149081
10.63929,0.8260497,0.1085205,-0.5502929,2.876282,-1.523018,-1.346588, 0.1457752, -0.3129968, -0.8267655, -0.2149081
10.64257,0.8260497,0.1085205,-0.5502929,2.876282,-1.523018,-1.346588, 0.1457752, -0.3129968, -0.8267655, -0.2149081
10.64521,0.8260497,0.1085205,-0.5502929,2.876282,-1.523018,-1.346588, 0.1457752, -0.3129968, -0.8267655, -0.2149081
10.64843,0.8260497,0.1085205,-0.5502929,2.876282,-1.523018,-1.346588, 0.1457752, -0.3129968, -0.8267655, -0.2149081
10.65092,0.8260497,0.1085205,-0.5502929,2.876282,-1.523018,-1.346588, 0.1457752, -0.3129968, -0.8267655, -0.2149081
10.65343,0.8260497,0.1085205,-0.5502929,2.876282,-1.523018,-1.346588, 0.1457752, -0.3129968, -0.8267655, -0.2149081
10.65605,0.8260497,0.1085205,-0.5502929,2.876282,-1.523018,-1.346588, 0.1457752, -0.3129968, -0.8267655, -0.2149081
10.65864,0.8260497,0.1085205,-0.5502929,2.876282,-1.523018,-1.346588, 0.1457752, -0.3129968, -0.8267655, -0.2149081
10.66184,0.8372802,0.1153564,-0.5527343,-0.998497,-1.568794,-2.765656, 0.1458559, -0.3117062, -0.8271899, -0.2147348
10.66498,0.8304442,0.1119385,-0.5581054,0.3585815,-0.576973,-3.269196, 0.1459, -0.3108655, -0.827473, -0.2146346
10.66785,0.8304442,0.1119385,-0.5581054,0.3585815,-0.576973,-3.269196, 0.1459, -0.3108655, -0.827473, -0.2146346
10.67057,0.8304442,0.1119385,-0.5581054,0.3585815,-0.576973,-3.269196, 0.1459, -0.3108655, -0.827473, -0.2146346
10.67311,0.8304442,0.1119385,-0.5581054,0.3585815,-0.576973,-3.269196, 0.1459, -0.3108655, -0.827473, -0.2146346
10.67597,0.8470458,0.1192627,-0.5507812,1.350403,-0.1497269,-0.5378723, 0.1459952, -0.3100427, -0.8276919, -0.2144891
10.6838,0.8470458,0.1192627,-0.5507812,1.350403,-0.1497269,-0.5378723, 0.1459952, -0.3100427, -0.8276919, -0.2144891
10.68653,0.8470458,0.1192627,-0.5507812,1.350403,-0.1497269,-0.5378723, 0.1459952, -0.3100427, -0.8276919, -0.2144891
10.68939,0.8470458,0.1192627,-0.5507812,1.350403,-0.1497269,-0.5378723, 0.1459952, -0.3100427, -0.8276919, -0.2144891
10.69253,0.8470458,0.1192627,-0.5507812,1.350403,-0.1497269,-0.5378723, 0.1459952, -0.3100427, -0.8276919, -0.2144891
10.69538,0.8470458,0.1192627,-0.5507812,1.350403,-0.1497269,-0.5378723, 0.1459952, -0.3100427, -0.8276919, -0.2144891
10.69784,0.8470458,0.1192627,-0.5507812,1.350403,-0.1497269,-0.5378723, 0.1459952, -0.3100427, -0.8276919, -0.2144891
10.70087,0.8470458,0.1192627,-0.5507812,1.350403,-0.1497269,-0.5378723, 0.1459952, -0.3100427, -0.8276919, -0.2144891
10.7034,0.8470458,0.1192627,-0.5507812,1.350403,-0.1497269,-0.5378723, 0.1459952, -0.3100427, -0.8276919, -0.2144891
10.70629,0.8470458,0.1192627,-0.5507812,1.350403,-0.1497269,-0.5378723, 0.1459952, -0.3100427, -0.8276919, -0.2144891
10.70949,0.8470458,0.1192627,-0.5507812,1.350403,-0.1497269,-0.5378723, 0.1459952, -0.3100427, -0.8276919, -0.2144891
10.71244,0.8470458,0.1192627,-0.5507812,1.350403,-0.1497269,-0.5378723, 0.1459952, -0.3100427, -0.8276919, -0.2144891
10.71519,0.8470458,0.1192627,-0.5507812,1.350403,-0.1497269,-0.5378723, 0.1459952, -0.3100427, -0.8276919, -0.2144891
10.71922,0.8470458,0.1192627,-0.5507812,1.350403,-0.1497269,-0.5378723, 0.1459952, -0.3100427, -0.8276919, -0.2144891
10.72795,0.8338622,0.1207275,-0.5410156,-2.127647,-1.187325,-4.138947, 0.1462065, -0.308365, -0.8280728, -0.2143423
10.73109,0.8338622,0.1207275,-0.5410156,-2.127647,-1.187325,-4.138947, 0.1462065, -0.308365, -0.8280728, -0.2143423
10.734,0.8338622,0.1207275,-0.5410156,-2.127647,-1.187325,-4.138947, 0.1462065, -0.308365, -0.8280728, -0.2143423
10.73707,0.8338622,0.1207275,-0.5410156,-2.127647,-1.187325,-4.138947, 0.1462065, -0.308365, -0.8280728, -0.2143423
10.73985,0.8338622,0.1207275,-0.5410156,-2.127647,-1.187325,-4.138947, 0.1462065, -0.308365, -0.8280728, -0.2143423
10.74254,0.8338622,0.1207275,-0.5410156,-2.127647,-1.187325,-4.138947, 0.1462065, -0.308365, -0.8280728, -0.2143423
10.74557,0.8338622,0.1207275,-0.5410156,-2.127647,-1.187325,-4.138947, 0.1462065, -0.308365, -0.8280728, -0.2143423
10.74814,0.8338622,0.1207275,-0.5410156,-2.127647,-1.187325,-4.138947, 0.1462065, -0.308365, -0.8280728, -0.2143423
10.75045,0.8338622,0.1207275,-0.5410156,-2.127647,-1.187325,-4.138947, 0.1462065, -0.308365, -0.8280728, -0.2143423
10.75298,0.8338622,0.1207275,-0.5410156,-2.127647,-1.187325,-4.138947, 0.1462065, -0.308365, -0.8280728, -0.2143423
10.75576,0.8338622,0.1207275,-0.5410156,-2.127647,-1.187325,-4.138947, 0.1462065, -0.308365, -0.8280728, -0.2143423
10.75839,0.8338622,0.1207275,-0.5410156,-2.127647,-1.187325,-4.138947, 0.1462065, -0.308365, -0.8280728, -0.2143423
10.7611,0.8338622,0.1207275,-0.5410156,-2.127647,-1.187325,-4.138947, 0.1462065, -0.308365, -0.8280728, -0.2143423
10.7636,0.8338622,0.1207275,-0.5410156,-2.127647,-1.187325,-4.138947, 0.1462065, -0.308365, -0.8280728, -0.2143423
10.76623,0.8338622,0.1207275,-0.5410156,-2.127647,-1.187325,-4.138947, 0.1462065, -0.308365, -0.8280728, -0.2143423
10.76906,0.8441161,0.1099853,-0.5571288,-2.005577,-1.309395,-4.261017, 0.1462035, -0.3077013, -0.8282847, -0.2144936
10.77219,0.8441161,0.1099853,-0.5571288,-2.005577,-1.309395,-4.261017, 0.1462035, -0.3077013, -0.8282847, -0.2144936
10.77471,0.8441161,0.1099853,-0.5571288,-2.005577,-1.309395,-4.261017, 0.1462035, -0.3077013, -0.8282847, -0.2144936
10.77737,0.8441161,0.1099853,-0.5571288,-2.005577,-1.309395,-4.261017, 0.1462035, -0.3077013, -0.8282847, -0.2144936
10.78029,0.8441161,0.1099853,-0.5571288,-2.005577,-1.309395,-4.261017, 0.1462035, -0.3077013, -0.8282847, -0.2144936
10.78304,0.8314208,0.1002197,-0.5551757,0.7400513,-1.553535,-2.414703, 0.146374, -0.3058465, -0.8288911, -0.2139181
10.78595,0.842163,0.112915,-0.5346679,1.777649,-1.782417,1.1549, 0.146374, -0.3058465, -0.8288911, -0.2139181
10.78904,0.842163,0.112915,-0.5346679,1.777649,-1.782417,1.1549, 0.146374, -0.3058465, -0.8288911, -0.2139181
10.79138,0.842163,0.112915,-0.5346679,1.777649,-1.782417,1.1549, 0.146374, -0.3058465, -0.8288911, -0.2139181
10.79391,0.842163,0.112915,-0.5346679,1.777649,-1.782417,1.1549, 0.146374, -0.3058465, -0.8288911, -0.2139181
10.79658,0.842163,0.112915,-0.5346679,1.777649,-1.782417,1.1549, 0.146374, -0.3058465, -0.8288911, -0.2139181
10.79927,0.842163,0.112915,-0.5346679,1.777649,-1.782417,1.1549, 0.146374, -0.3058465, -0.8288911, -0.2139181
10.80172,0.842163,0.112915,-0.5346679,1.777649,-1.782417,1.1549, 0.146374, -0.3058465, -0.8288911, -0.2139181
10.80435,0.842163,0.112915,-0.5346679,1.777649,-1.782417,1.1549, 0.146374, -0.3058465, -0.8288911, -0.2139181
10.80716,0.842163,0.112915,-0.5346679,1.777649,-1.782417,1.1549, 0.146374, -0.3058465, -0.8288911, -0.2139181
10.80962,0.842163,0.112915,-0.5346679,1.777649,-1.782417,1.1549, 0.146374, -0.3058465, -0.8288911, -0.2139181
10.81213,0.842163,0.112915,-0.5346679,1.777649,-1.782417,1.1549, 0.146374, -0.3058465, -0.8288911, -0.2139181
10.81491,0.842163,0.112915,-0.5346679,1.777649,-1.782417,1.1549, 0.146374, -0.3058465, -0.8288911, -0.2139181
10.81764,0.842163,0.112915,-0.5346679,1.777649,-1.782417,1.1549, 0.146374, -0.3058465, -0.8288911, -0.2139181
10.8203,0.842163,0.112915,-0.5346679,1.777649,-1.782417,1.1549, 0.146374, -0.3058465, -0.8288911, -0.2139181
10.8234,0.842163,0.112915,-0.5346679,1.777649,-1.782417,1.1549, 0.146374, -0.3058465, -0.8288911, -0.2139181
10.82602,0.842163,0.112915,-0.5346679,1.777649,-1.782417,1.1549, 0.146374, -0.3058465, -0.8288911, -0.2139181
10.83426,0.8333739,0.116333,-0.5624999,-2.829552,3.801346,0.5750656, 0.1465343, -0.3049713, -0.8289958, -0.2139266
10.8433,0.8333739,0.116333,-0.5624999,-2.829552,3.801346,0.5750656, 0.1465343, -0.3049713, -0.8289958, -0.2139266
10.84664,0.8201903,0.1148681,-0.5600585,-2.09713,4.472733,0.07152557, 0.1466483, -0.3047667, -0.8288584, -0.2141562
10.84991,0.8177489,0.1051025,-0.5395507,-0.3576279,0.7953644,0.9717941, 0.1467728, -0.3040516, -0.8290009, -0.2139711
10.85266,0.8177489,0.1051025,-0.5395507,-0.3576279,0.7953644,0.9717941, 0.1467728, -0.3040516, -0.8290009, -0.2139711
10.85584,0.8177489,0.1051025,-0.5395507,-0.3576279,0.7953644,0.9717941, 0.1467728, -0.3040516, -0.8290009, -0.2139711
10.85855,0.8177489,0.1051025,-0.5395507,-0.3576279,0.7953644,0.9717941, 0.1467728, -0.3040516, -0.8290009, -0.2139711
10.86142,0.8177489,0.1051025,-0.5395507,-0.3576279,0.7953644,0.9717941, 0.1467728, -0.3040516, -0.8290009, -0.2139711
10.86393,0.8177489,0.1051025,-0.5395507,-0.3576279,0.7953644,0.9717941, 0.1467728, -0.3040516, -0.8290009, -0.2139711
10.86633,0.8177489,0.1051025,-0.5395507,-0.3576279,0.7953644,0.9717941, 0.1467728, -0.3040516, -0.8290009, -0.2139711
10.86875,0.8177489,0.1051025,-0.5395507,-0.3576279,0.7953644,0.9717941, 0.1467728, -0.3040516, -0.8290009, -0.2139711
10.87133,0.8177489,0.1051025,-0.5395507,-0.3576279,0.7953644,0.9717941, 0.1467728, -0.3040516, -0.8290009, -0.2139711
10.87396,0.8177489,0.1051025,-0.5395507,-0.3576279,0.7953644,0.9717941, 0.1467728, -0.3040516, -0.8290009, -0.2139711
10.87649,0.8177489,0.1051025,-0.5395507,-0.3576279,0.7953644,0.9717941, 0.1467728, -0.3040516, -0.8290009, -0.2139711
10.87946,0.8177489,0.1051025,-0.5395507,-0.3576279,0.7953644,0.9717941, 0.1467728, -0.3040516, -0.8290009, -0.2139711
10.88257,0.8177489,0.1051025,-0.5395507,-0.3576279,0.7953644,0.9717941, 0.1467728, -0.3040516, -0.8290009, -0.2139711
10.88519,0.8177489,0.1051025,-0.5395507,-0.3576279,0.7953644,0.9717941, 0.1467728, -0.3040516, -0.8290009, -0.2139711
10.88761,0.8177489,0.1051025,-0.5395507,-0.3576279,0.7953644,0.9717941, 0.1467728, -0.3040516, -0.8290009, -0.2139711
10.89027,0.8177489,0.1051025,-0.5395507,-0.3576279,0.7953644,0.9717941, 0.1467728, -0.3040516, -0.8290009, -0.2139711
10.89287,0.8177489,0.1051025,-0.5395507,-0.3576279,0.7953644,0.9717941, 0.1468543, -0.3033522, -0.8292065, -0.2137416
10.89564,0.8343505,0.1221924,-0.5410156,-3.256798,-1.87397,1.444817, 0.1468489, -0.3031195, -0.8292738, -0.2138389
10.89844,0.8343505,0.1221924,-0.5410156,-3.256798,-1.87397,1.444817, 0.1468489, -0.3031195, -0.8292738, -0.2138389
10.90069,0.8343505,0.1221924,-0.5410156,-3.256798,-1.87397,1.444817, 0.1468489, -0.3031195, -0.8292738, -0.2138389
10.90308,0.8343505,0.1221924,-0.5410156,-3.256798,-1.87397,1.444817, 0.1468489, -0.3031195, -0.8292738, -0.2138389
10.90552,0.8343505,0.1221924,-0.5410156,-3.256798,-1.87397,1.444817, 0.1468489, -0.3031195, -0.8292738, -0.2138389
10.90816,0.8343505,0.1221924,-0.5410156,-3.256798,-1.87397,1.444817, 0.1468489, -0.3031195, -0.8292738, -0.2138389
10.91159,0.8182372,0.125122,-0.5346679,-1.83773,3.084183,1.826286, 0.1470288, -0.3019291, -0.8294995, -0.2137061
10.915,0.8182372,0.125122,-0.5346679,-1.83773,3.084183,1.826286, 0.1470288, -0.3019291, -0.8294995, -0.2137061
10.91739,0.8182372,0.125122,-0.5346679,-1.83773,3.084183,1.826286, 0.1470288, -0.3019291, -0.8294995, -0.2137061
10.91993,0.8182372,0.125122,-0.5346679,-1.83773,3.084183,1.826286, 0.1470288, -0.3019291, -0.8294995, -0.2137061
10.92259,0.8182372,0.125122,-0.5346679,-1.83773,3.084183,1.826286, 0.1470288, -0.3019291, -0.8294995, -0.2137061
10.92502,0.8182372,0.125122,-0.5346679,-1.83773,3.084183,1.826286, 0.1470288, -0.3019291, -0.8294995, -0.2137061
10.92773,0.8182372,0.125122,-0.5346679,-1.83773,3.084183,1.826286, 0.1470288, -0.3019291, -0.8294995, -0.2137061
10.93001,0.8182372,0.125122,-0.5346679,-1.83773,3.084183,1.826286, 0.1470288, -0.3019291, -0.8294995, -0.2137061
10.93233,0.8182372,0.125122,-0.5346679,-1.83773,3.084183,1.826286, 0.1470288, -0.3019291, -0.8294995, -0.2137061
10.93537,0.8182372,0.125122,-0.5346679,-1.83773,3.084183,1.826286, 0.1470288, -0.3019291, -0.8294995, -0.2137061
10.94433,0.8182372,0.125122,-0.5346679,-1.83773,3.084183,1.826286, 0.1470288, -0.3019291, -0.8294995, -0.2137061
10.94728,0.8182372,0.125122,-0.5346679,-1.83773,3.084183,1.826286, 0.1470288, -0.3019291, -0.8294995, -0.2137061
10.95009,0.8182372,0.125122,-0.5346679,-1.83773,3.084183,1.826286, 0.1470288, -0.3019291, -0.8294995, -0.2137061
10.95281,0.8182372,0.125122,-0.5346679,-1.83773,3.084183,1.826286, 0.1470288, -0.3019291, -0.8294995, -0.2137061
10.95531,0.8182372,0.125122,-0.5346679,-1.83773,3.084183,1.826286, 0.1470288, -0.3019291, -0.8294995, -0.2137061
10.95806,0.7991942,0.1055908,-0.536621,-1.59359,0.4901886,0.2088547, 0.1471799, -0.3009741, -0.8297244, -0.2133873
10.96122,0.82312,0.09924315,-0.5458984,-0.5712509,-2.209663,-1.087189, 0.1471799, -0.3009741, -0.8297244, -0.2133873
10.964,0.82312,0.09924315,-0.5458984,-0.5712509,-2.209663,-1.087189, 0.1471799, -0.3009741, -0.8297244, -0.2133873
10.96668,0.82312,0.09924315,-0.5458984,-0.5712509,-2.209663,-1.087189, 0.1471799, -0.3009741, -0.8297244, -0.2133873
10.96935,0.82312,0.09924315,-0.5458984,-0.5712509,-2.209663,-1.087189, 0.1471799, -0.3009741, -0.8297244, -0.2133873
10.97201,0.82312,0.09924315,-0.5458984,-0.5712509,-2.209663,-1.087189, 0.1471799, -0.3009741, -0.8297244, -0.2133873
10.97519,0.8411864,0.1265869,-0.555664,-2.966881,-1.049995,-0.1411438, 0.1471671, -0.3002526, -0.8300152, -0.21334
10.97829,0.8411864,0.1265869,-0.555664,-2.966881,-1.049995,-0.1411438, 0.1471671, -0.3002526, -0.8300152, -0.21334
10.9854,0.8411864,0.1265869,-0.555664,-2.966881,-1.049995,-0.1411438, 0.1471671, -0.3002526, -0.8300152, -0.21334
10.98858,0.8411864,0.1265869,-0.555664,-2.966881,-1.049995,-0.1411438, 0.1471671, -0.3002526, -0.8300152, -0.21334
10.99156,0.8411864,0.1265869,-0.555664,-2.966881,-1.049995,-0.1411438, 0.1471671, -0.3002526, -0.8300152, -0.21334
10.99412,0.8411864,0.1265869,-0.555664,-2.966881,-1.049995,-0.1411438, 0.1471671, -0.3002526, -0.8300152, -0.21334
10.99669,0.8411864,0.1265869,-0.555664,-2.966881,-1.049995,-0.1411438, 0.1471671, -0.3002526, -0.8300152, -0.21334
10.99908,0.8411864,0.1265869,-0.555664,-2.966881,-1.049995,-0.1411438, 0.1471671, -0.3002526, -0.8300152, -0.21334
11.00174,0.8411864,0.1265869,-0.555664,-2.966881,-1.049995,-0.1411438, 0.1471671, -0.3002526, -0.8300152, -0.21334
11.00448,0.8411864,0.1265869,-0.555664,-2.966881,-1.049995,-0.1411438, 0.1471671, -0.3002526, -0.8300152, -0.21334
11.00727,0.8411864,0.1265869,-0.555664,-2.966881,-1.049995,-0.1411438, 0.1471671, -0.3002526, -0.8300152, -0.21334
11.00988,0.8411864,0.1265869,-0.555664,-2.966881,-1.049995,-0.1411438, 0.1471671, -0.3002526, -0.8300152, -0.21334
11.01238,0.8411864,0.1265869,-0.555664,-2.966881,-1.049995,-0.1411438, 0.1471671, -0.3002526, -0.8300152, -0.21334
11.01497,0.8411864,0.1265869,-0.555664,-2.966881,-1.049995,-0.1411438, 0.1471671, -0.3002526, -0.8300152, -0.21334
11.01763,0.8411864,0.1265869,-0.555664,-2.966881,-1.049995,-0.1411438, 0.1471671, -0.3002526, -0.8300152, -0.21334
11.02026,0.8377684,0.1265869,-0.5673828,-3.333092,1.924515,1.032829, 0.1471911, -0.2998917, -0.8300988, -0.2133961
11.02355,0.8050536,0.09973143,-0.5537109,-2.34127,2.061844,1.307487, 0.1472719, -0.2995639, -0.8301093, -0.213391
11.0269,0.8050536,0.09973143,-0.5537109,-2.34127,2.061844,1.307487, 0.1472719, -0.2995639, -0.8301093, -0.213391
11.02933,0.8050536,0.09973143,-0.5537109,-2.34127,2.061844,1.307487, 0.1472719, -0.2995639, -0.8301093, -0.213391
11.03167,0.8050536,0.09973143,-0.5537109,-2.34127,2.061844,1.307487, 0.1472719, -0.2995639, -0.8301093, -0.213391
11.03431,0.8050536,0.09973143,-0.5537109,-2.34127,2.061844,1.307487, 0.1472719, -0.2995639, -0.8301093, -0.213391
11.03732,0.8035887,0.1119385,-0.5346679,-0.9679794,0.1087189,-0.5226135, 0.1473341, -0.2990814, -0.8302519, -0.2131855
11.04137,0.8035887,0.1119385,-0.5346679,-0.9679794,0.1087189,-0.5226135, 0.1473341, -0.2990814, -0.8302519, -0.2131855
11.05046,0.8035887,0.1119385,-0.5346679,-0.9679794,0.1087189,-0.5226135, 0.1473341, -0.2990814, -0.8302519, -0.2131855
11.05405,0.8035887,0.1119385,-0.5346679,-0.9679794,0.1087189,-0.5226135, 0.1473341, -0.2990814, -0.8302519, -0.2131855
11.05685,0.8035887,0.1119385,-0.5346679,-0.9679794,0.1087189,-0.5226135, 0.1473341, -0.2990814, -0.8302519, -0.2131855
11.05986,0.8035887,0.1119385,-0.5346679,-0.9679794,0.1087189,-0.5226135, 0.1473341, -0.2990814, -0.8302519, -0.2131855
11.06249,0.8035887,0.1119385,-0.5346679,-0.9679794,0.1087189,-0.5226135, 0.1473341, -0.2990814, -0.8302519, -0.2131855
11.06518,0.8035887,0.1119385,-0.5346679,-0.9679794,0.1087189,-0.5226135, 0.1473341, -0.2990814, -0.8302519, -0.2131855
11.06765,0.8035887,0.1119385,-0.5346679,-0.9679794,0.1087189,-0.5226135, 0.1473341, -0.2990814, -0.8302519, -0.2131855
11.07017,0.8035887,0.1119385,-0.5346679,-0.9679794,0.1087189,-0.5226135, 0.1473341, -0.2990814, -0.8302519, -0.2131855
11.0727,0.8035887,0.1119385,-0.5346679,-0.9679794,0.1087189,-0.5226135, 0.1473341, -0.2990814, -0.8302519, -0.2131855
11.07556,0.8035887,0.1119385,-0.5346679,-0.9679794,0.1087189,-0.5226135, 0.1473341, -0.2990814, -0.8302519, -0.2131855
11.07865,0.8035887,0.1119385,-0.5346679,-0.9679794,0.1087189,-0.5226135, 0.1473341, -0.2990814, -0.8302519, -0.2131855
11.08156,0.8250731,0.1002197,-0.5488281,-2.09713,-1.629829,-1.880646, 0.1473408, -0.2988105, -0.830353, -0.213136
11.08449,0.8226317,0.1207275,-0.5478515,-3.470421,-3.079414,-0.1106262, 0.147265, -0.2977515, -0.8308099, -0.213237
11.08728,0.8226317,0.1207275,-0.5478515,-3.470421,-3.079414,-0.1106262, 0.147265, -0.2977515, -0.8308099, -0.213237
11.09008,0.8226317,0.1207275,-0.5478515,-3.470421,-3.079414,-0.1106262, 0.147265, -0.2977515, -0.8308099, -0.213237
11.09296,0.8226317,0.1207275,-0.5478515,-3.470421,-3.079414,-0.1106262, 0.147265, -0.2977515, -0.8308099, -0.213237
11.09627,0.8182372,0.1070556,-0.5507812,-1.730919,-3.079414,0.2851486, 0.1472145, -0.2973587, -0.8310448, -0.2131359
11.09974,0.8182372,0.1070556,-0.5507812,-1.730919,-3.079414,0.2851486, 0.1472145, -0.2973587, -0.8310448, -0.2131359
11.10302,0.8182372,0.1070556,-0.5507812,-1.730919,-3.079414,0.2851486, 0.1472145, -0.2973587, -0.8310448, -0.2131359
11.10585,0.8182372,0.1070556,-0.5507812,-1.730919,-3.079414,0.2851486, 0.1472145, -0.2973587, -0.8310448, -0.2131359
11.10826,0.8182372,0.1070556,-0.5507812,-1.730919,-3.079414,0.2851486, 0.1472145, -0.2973587, -0.8310448, -0.2131359
11.11154,0.8182372,0.1070556,-0.5507812,-1.730919,-3.079414,0.2851486, 0.1472145, -0.2973587, -0.8310448, -0.2131359
11.11434,0.8182372,0.1070556,-0.5507812,-1.730919,-3.079414,0.2851486, 0.1472145, -0.2973587, -0.8310448, -0.2131359
11.1169,0.8182372,0.1070556,-0.5507812,-1.730919,-3.079414,0.2851486, 0.1472145, -0.2973587, -0.8310448, -0.2131359
11.11948,0.8182372,0.1070556,-0.5507812,-1.730919,-3.079414,0.2851486, 0.1472145, -0.2973587, -0.8310448, -0.2131359
11.12229,0.8182372,0.1070556,-0.5507812,-1.730919,-3.079414,0.2851486, 0.1472145, -0.2973587, -0.8310448, -0.2131359
11.12481,0.8182372,0.1070556,-0.5507812,-1.730919,-3.079414,0.2851486, 0.1472145, -0.2973587, -0.8310448, -0.2131359
11.12734,0.8182372,0.1070556,-0.5507812,-1.730919,-3.079414,0.2851486, 0.1472089, -0.2969359, -0.8312428, -0.2129821
11.13008,0.8153075,0.1153564,-0.5664062,0.6942749,-1.034737,-0.9040833, 0.1472089, -0.2969359, -0.8312428, -0.2129821
11.13754,0.8153075,0.1153564,-0.5664062,0.6942749,-1.034737,-0.9040833, 0.1472089, -0.2969359, -0.8312428, -0.2129821
11.14043,0.8153075,0.1153564,-0.5664062,0.6942749,-1.034737,-0.9040833, 0.1472089, -0.2969359, -0.8312428, -0.2129821
11.14311,0.8153075,0.1153564,-0.5664062,0.6942749,-1.034737,-0.9040833, 0.1472324, -0.2963407, -0.8314851, -0.212742
11.14626,0.82312,0.1119385,-0.5483398,0.6637573,0.9174347,-2.048492, 0.1472885, -0.2957149, -0.8316621, -0.2126243
11.15026,0.82312,0.1119385,-0.5483398,0.6637573,0.9174347,-2.048492, 0.1472885, -0.2957149, -0.8316621, -0.2126243
11.15879,0.82312,0.1119385,-0.5483398,0.6637573,0.9174347,-2.048492, 0.1472885, -0.2957149, -0.8316621, -0.2126243
11.16191,0.82312,0.1119385,-0.5483398,0.6637573,0.9174347,-2.048492, 0.1472885, -0.2957149, -0.8316621, -0.2126243
11.16458,0.82312,0.1119385,-0.5483398,0.6637573,0.9174347,-2.048492, 0.1472885, -0.2957149, -0.8316621, -0.2126243
11.16688,0.82312,0.1119385,-0.5483398,0.6637573,0.9174347,-2.048492, 0.1472885, -0.2957149, -0.8316621, -0.2126243
11.16942,0.82312,0.1119385,-0.5483398,0.6637573,0.9174347,-2.048492, 0.1472885, -0.2957149, -0.8316621, -0.2126243
11.17234,0.82312,0.1119385,-0.5483398,0.6637573,0.9174347,-2.048492, 0.1472885, -0.2957149, -0.8316621, -0.2126243
11.17529,0.82312,0.1119385,-0.5483398,0.6637573,0.9174347,-2.048492, 0.1472885, -0.2957149, -0.8316621, -0.2126243
11.17805,0.82312,0.1119385,-0.5483398,0.6637573,0.9174347,-2.048492, 0.1472885, -0.2957149, -0.8316621, -0.2126243
11.18066,0.82312,0.1119385,-0.5483398,0.6637573,0.9174347,-2.048492, 0.1472885, -0.2957149, -0.8316621, -0.2126243
11.18334,0.82312,0.1119385,-0.5483398,0.6637573,0.9174347,-2.048492, 0.1472885, -0.2957149, -0.8316621, -0.2126243
11.18565,0.82312,0.1119385,-0.5483398,0.6637573,0.9174347,-2.048492, 0.1472885, -0.2957149, -0.8316621, -0.2126243
11.18822,0.82312,0.1119385,-0.5483398,0.6637573,0.9174347,-2.048492, 0.1472885, -0.2957149, -0.8316621, -0.2126243
11.19091,0.8426512,0.1153564,-0.5639648,-4.553795,-0.9737015,-2.445221, 0.1472926, -0.2945504, -0.8320442, -0.2127248
11.19391,0.8426512,0.1153564,-0.5639648,-4.553795,-0.9737015,-2.445221, 0.1472926, -0.2945504, -0.8320442, -0.2127248
11.19634,0.8426512,0.1153564,-0.5639648,-4.553795,-0.9737015,-2.445221, 0.1472926, -0.2945504, -0.8320442, -0.2127248
11.19915,0.8426512,0.1153564,-0.5639648,-4.553795,-0.9737015,-2.445221, 0.1472926, -0.2945504, -0.8320442, -0.2127248
11.20204,0.8426512,0.1153564,-0.5639648,-4.553795,-0.9737015,-2.445221, 0.1472926, -0.2945504, -0.8320442, -0.2127248
11.20459,0.8426512,0.1153564,-0.5639648,-4.553795,-0.9737015,-2.445221, 0.1472926, -0.2945504, -0.8320442, -0.2127248
11.20766,0.85437,0.1124267,-0.5854492,-2.2192,0.9937286,-2.185822, 0.1472681, -0.2942261, -0.83215, -0.2128884
11.21086,0.85437,0.1124267,-0.5854492,-2.2192,0.9937286,-2.185822, 0.1472681, -0.2942261, -0.83215, -0.2128884
11.21347,0.85437,0.1124267,-0.5854492,-2.2192,0.9937286,-2.185822, 0.1472681, -0.2942261, -0.83215, -0.2128884
11.21603,0.85437,0.1124267,-0.5854492,-2.2192,0.9937286,-2.185822, 0.1472681, -0.2942261, -0.83215, -0.2128884
11.21864,0.85437,0.1124267,-0.5854492,-2.2192,0.9937286,-2.185822, 0.1472681, -0.2942261, -0.83215, -0.2128884
11.22137,0.8631591,0.1260986,-0.5878906,0.5722046,3.267288,-0.9803772, 0.1473433, -0.2937257, -0.8322343, -0.2128534
11.22431,0.8631591,0.1260986,-0.5878906,0.5722046,3.267288,-0.9803772, 0.1473433, -0.2937257, -0.8322343, -0.2128534
11.22764,0.8631591,0.1260986,-0.5878906,0.5722046,3.267288,-0.9803772, 0.1473433, -0.2937257, -0.8322343, -0.2128534
11.23055,0.8631591,0.1260986,-0.5878906,0.5722046,3.267288,-0.9803772, 0.1473433, -0.2937257, -0.8322343, -0.2128534
11.23305,0.8631591,0.1260986,-0.5878906,0.5722046,3.267288,-0.9803772, 0.1473433, -0.2937257, -0.8322343, -0.2128534
11.23557,0.8631591,0.1260986,-0.5878906,0.5722046,3.267288,-0.9803772, 0.1473433, -0.2937257, -0.8322343, -0.2128534
11.23838,0.8631591,0.1260986,-0.5878906,0.5722046,3.267288,-0.9803772, 0.1473433, -0.2937257, -0.8322343, -0.2128534
11.24098,0.8631591,0.1260986,-0.5878906,0.5722046,3.267288,-0.9803772, 0.1473433, -0.2937257, -0.8322343, -0.2128534
11.24367,0.8631591,0.1260986,-0.5878906,0.5722046,3.267288,-0.9803772, 0.1473433, -0.2937257, -0.8322343, -0.2128534
11.24633,0.8631591,0.1260986,-0.5878906,0.5722046,3.267288,-0.9803772, 0.1473433, -0.2937257, -0.8322343, -0.2128534
11.24898,0.8631591,0.1260986,-0.5878906,0.5722046,3.267288,-0.9803772, 0.1473433, -0.2937257, -0.8322343, -0.2128534
11.25143,0.8631591,0.1260986,-0.5878906,0.5722046,3.267288,-0.9803772, 0.147428, -0.2933683, -0.8322985, -0.2126483
11.25457,0.8348387,0.1148681,-0.574707,2.708435,2.10762,0.3767014, 0.147428, -0.2933683, -0.8322985, -0.2126483
11.2575,0.8348387,0.1148681,-0.574707,2.708435,2.10762,0.3767014, 0.147428, -0.2933683, -0.8322985, -0.2126483
11.26074,0.8348387,0.1148681,-0.574707,2.708435,2.10762,0.3767014, 0.147428, -0.2933683, -0.8322985, -0.2126483
11.26968,0.8284911,0.1207275,-0.5585937,-1.074791,-3.659248,-1.880646, 0.1474151, -0.2920758, -0.8328696, -0.2122592
11.27278,0.8284911,0.1207275,-0.5585937,-1.074791,-3.659248,-1.880646, 0.1474151, -0.2920758, -0.8328696, -0.2122592
11.27545,0.8284911,0.1207275,-0.5585937,-1.074791,-3.659248,-1.880646, 0.1474151, -0.2920758, -0.8328696, -0.2122592
11.27841,0.8284911,0.1207275,-0.5585937,-1.074791,-3.659248,-1.880646, 0.1474151, -0.2920758, -0.8328696, -0.2122592
11.28138,0.8284911,0.1207275,-0.5585937,-1.074791,-3.659248,-1.880646, 0.1474151, -0.2920758, -0.8328696, -0.2122592
11.28846,0.8284911,0.1207275,-0.5585937,-1.074791,-3.659248,-1.880646, 0.1474151, -0.2920758, -0.8328696, -0.2122592
11.29145,0.8284911,0.1207275,-0.5585937,-1.074791,-3.659248,-1.880646, 0.1474151, -0.2920758, -0.8328696, -0.2122592
11.2939,0.8284911,0.1207275,-0.5585937,-1.074791,-3.659248,-1.880646, 0.1474151, -0.2920758, -0.8328696, -0.2122592
11.29685,0.8284911,0.1207275,-0.5585937,-1.074791,-3.659248,-1.880646, 0.1474151, -0.2920758, -0.8328696, -0.2122592
11.2992,0.8284911,0.1207275,-0.5585937,-1.074791,-3.659248,-1.880646, 0.1474151, -0.2920758, -0.8328696, -0.2122592
11.30163,0.8284911,0.1207275,-0.5585937,-1.074791,-3.659248,-1.880646, 0.1474151, -0.2920758, -0.8328696, -0.2122592
11.30423,0.8284911,0.1207275,-0.5585937,-1.074791,-3.659248,-1.880646, 0.1474151, -0.2920758, -0.8328696, -0.2122592
11.30692,0.8284911,0.1207275,-0.5585937,-1.074791,-3.659248,-1.880646, 0.1474151, -0.2920758, -0.8328696, -0.2122592
11.30971,0.8284911,0.1207275,-0.5585937,-1.074791,-3.659248,-1.880646, 0.1474151, -0.2920758, -0.8328696, -0.2122592
11.31276,0.8284911,0.1207275,-0.5585937,-1.074791,-3.659248,-1.880646, 0.1474151, -0.2920758, -0.8328696, -0.2122592
11.31622,0.8348387,0.1221924,-0.574707,1.213074,-4.956245,-1.361847, 0.1472528, -0.2908164, -0.8337315, -0.2114619
11.31939,0.810913,0.12854,-0.5605468,5.134583,-3.109932,1.39904, 0.1472552, -0.2902729, -0.8340771, -0.2108322
11.32265,0.810913,0.12854,-0.5605468,5.134583,-3.109932,1.39904, 0.1472552, -0.2902729, -0.8340771, -0.2108322
11.32565,0.810913,0.12854,-0.5605468,5.134583,-3.109932,1.39904, 0.1472552, -0.2902729, -0.8340771, -0.2108322
11.32833,0.810913,0.12854,-0.5605468,5.134583,-3.109932,1.39904, 0.1472552, -0.2902729, -0.8340771, -0.2108322
11.33105,0.810913,0.12854,-0.5605468,5.134583,-3.109932,1.39904, 0.1472847, -0.2897147, -0.834328, -0.2104497
11.33433,0.8236083,0.1280517,-0.5546874,3.456116,0.01716614,0.041008, 0.1472847, -0.2897147, -0.834328, -0.2104497
11.33777,0.8236083,0.1280517,-0.5546874,3.456116,0.01716614,0.041008, 0.1472847, -0.2897147, -0.834328, -0.2104497
11.34068,0.8236083,0.1280517,-0.5546874,3.456116,0.01716614,0.041008, 0.1472847, -0.2897147, -0.834328, -0.2104497
11.34371,0.8236083,0.1280517,-0.5546874,3.456116,0.01716614,0.041008, 0.1472847, -0.2897147, -0.834328, -0.2104497
11.34718,0.8236083,0.1280517,-0.5546874,3.456116,0.01716614,0.041008, 0.1472847, -0.2897147, -0.834328, -0.2104497
11.35066,0.8236083,0.1280517,-0.5546874,3.456116,0.01716614,0.041008, 0.1472847, -0.2897147, -0.834328, -0.2104497
11.3536,0.8236083,0.1280517,-0.5546874,3.456116,0.01716614,0.041008, 0.1472847, -0.2897147, -0.834328, -0.2104497
11.35682,0.8236083,0.1280517,-0.5546874,3.456116,0.01716614,0.041008, 0.1472847, -0.2897147, -0.834328, -0.2104497
11.36008,0.8236083,0.1280517,-0.5546874,3.456116,0.01716614,0.041008, 0.1472847, -0.2897147, -0.834328, -0.2104497
11.36354,0.8236083,0.1280517,-0.5546874,3.456116,0.01716614,0.041008, 0.1472847, -0.2897147, -0.834328, -0.2104497
11.36711,0.8236083,0.1280517,-0.5546874,3.456116,0.01716614,0.041008, 0.1472847, -0.2897147, -0.834328, -0.2104497
11.37112,0.8236083,0.1280517,-0.5546874,3.456116,0.01716614,0.041008, 0.1472847, -0.2897147, -0.834328, -0.2104497
11.38123,1.003296,0.04797363,-0.5688476,3.791809,1.207352,9.577751, 0.1475573, -0.2896029, -0.8341479, -0.2098607
11.38461,1.003296,0.04797363,-0.5688476,3.791809,1.207352,9.577751, 0.1475573, -0.2896029, -0.8341479, -0.2098607
11.38746,1.003296,0.04797363,-0.5688476,3.791809,1.207352,9.577751, 0.1475573, -0.2896029, -0.8341479, -0.2098607
11.39045,1.003296,0.04797363,-0.5688476,3.791809,1.207352,9.577751, 0.1475573, -0.2896029, -0.8341479, -0.2098607
11.39324,1.003296,0.04797363,-0.5688476,3.791809,1.207352,9.577751, 0.1475573, -0.2896029, -0.8341479, -0.2098607
11.39669,0.8216552,0.1090088,-0.5703124,13.83209,3.313065,13.23986, 0.1477813, -0.2900723, -0.833956, -0.2087699
11.39976,0.8216552,0.1090088,-0.5703124,13.83209,3.313065,13.23986, 0.1477813, -0.2900723, -0.833956, -0.2087699
11.40237,0.8216552,0.1090088,-0.5703124,13.83209,3.313065,13.23986, 0.1477813, -0.2900723, -0.833956, -0.2087699
11.40527,0.8216552,0.1090088,-0.5703124,13.83209,3.313065,13.23986, 0.1477813, -0.2900723, -0.833956, -0.2087699
11.40826,0.8216552,0.1090088,-0.5703124,13.83209,3.313065,13.23986, 0.1477813, -0.2900723, -0.833956, -0.2087699
11.41201,0.8216552,0.1090088,-0.5703124,13.83209,3.313065,13.23986, 0.1477813, -0.2900723, -0.833956, -0.2087699
11.41539,0.8216552,0.1090088,-0.5703124,13.83209,3.313065,13.23986, 0.1477813, -0.2900723, -0.833956, -0.2087699
11.4184,0.8216552,0.1090088,-0.5703124,13.83209,3.313065,13.23986, 0.1477813, -0.2900723, -0.833956, -0.2087699
11.42138,0.8216552,0.1090088,-0.5703124,13.83209,3.313065,13.23986, 0.1477813, -0.2900723, -0.833956, -0.2087699
11.42467,0.8216552,0.1090088,-0.5703124,13.83209,3.313065,13.23986, 0.1477813, -0.2900723, -0.833956, -0.2087699
11.42842,0.8216552,0.1090088,-0.5703124,13.83209,3.313065,13.23986, 0.1477813, -0.2900723, -0.833956, -0.2087699
11.43126,0.8216552,0.1090088,-0.5703124,13.83209,3.313065,13.23986, 0.1477813, -0.2900723, -0.833956, -0.2087699
11.43434,0.8216552,0.1090088,-0.5703124,13.83209,3.313065,13.23986, 0.1477813, -0.2900723, -0.833956, -0.2087699
11.44341,0.8031005,0.1373291,-0.5205078,10.79559,-1.156807,-11.66153, 0.1484795, -0.2863512, -0.8349293, -0.2062187
11.44722,0.8031005,0.1373291,-0.5205078,10.79559,-1.156807,-11.66153, 0.1484795, -0.2863512, -0.8349293, -0.2062187
11.45045,0.8031005,0.1373291,-0.5205078,10.79559,-1.156807,-11.66153, 0.1484795, -0.2863512, -0.8349293, -0.2062187
11.45323,0.8031005,0.1373291,-0.5205078,10.79559,-1.156807,-11.66153, 0.1484795, -0.2863512, -0.8349293, -0.2062187
11.45669,0.8031005,0.1373291,-0.5205078,10.79559,-1.156807,-11.66153, 0.1484795, -0.2863512, -0.8349293, -0.2062187
11.46025,0.8031005,0.1373291,-0.5205078,10.79559,-1.156807,-11.66153, 0.1484795, -0.2863512, -0.8349293, -0.2062187
11.46315,0.8031005,0.1373291,-0.5205078,10.79559,-1.156807,-11.66153, 0.1484795, -0.2863512, -0.8349293, -0.2062187
11.46604,0.8031005,0.1373291,-0.5205078,10.79559,-1.156807,-11.66153, 0.1484795, -0.2863512, -0.8349293, -0.2062187
11.46885,0.8031005,0.1373291,-0.5205078,10.79559,-1.156807,-11.66153, 0.1484795, -0.2863512, -0.8349293, -0.2062187
11.47178,0.8031005,0.1373291,-0.5205078,10.79559,-1.156807,-11.66153, 0.1484795, -0.2863512, -0.8349293, -0.2062187
11.47468,0.8031005,0.1373291,-0.5205078,10.79559,-1.156807,-11.66153, 0.1484795, -0.2863512, -0.8349293, -0.2062187
11.47797,0.8031005,0.1373291,-0.5205078,10.79559,-1.156807,-11.66153, 0.1484795, -0.2863512, -0.8349293, -0.2062187
11.48174,0.8031005,0.1373291,-0.5205078,10.79559,-1.156807,-11.66153, 0.1484795, -0.2863512, -0.8349293, -0.2062187
11.49165,0.7928466,0.1226806,-0.5371093,3.913879,-10.05268,-9.082794, 0.1483256, -0.2852543, -0.8355563, -0.2060456
11.49449,0.7928466,0.1226806,-0.5371093,3.913879,-10.05268,-9.082794, 0.1483256, -0.2852543, -0.8355563, -0.2060456
11.49707,0.7928466,0.1226806,-0.5371093,3.913879,-10.05268,-9.082794, 0.1483256, -0.2852543, -0.8355563, -0.2060456
11.49953,0.7928466,0.1226806,-0.5371093,3.913879,-10.05268,-9.082794, 0.1483256, -0.2852543, -0.8355563, -0.2060456
11.50204,0.7928466,0.1226806,-0.5371093,3.913879,-10.05268,-9.082794, 0.1483256, -0.2852543, -0.8355563, -0.2060456
11.50508,0.8236083,0.1002197,-0.5576171,-3.516197,-8.450508,-2.307892, 0.1478043, -0.2844879, -0.8366309, -0.2056039
11.50819,0.8236083,0.1002197,-0.5576171,-3.516197,-8.450508,-2.307892, 0.1478043, -0.2844879, -0.8366309, -0.2056039
11.5117,0.8236083,0.1002197,-0.5576171,-3.516197,-8.450508,-2.307892, 0.1478043, -0.2844879, -0.8366309, -0.2056039
11.51431,0.8236083,0.1002197,-0.5576171,-3.516197,-8.450508,-2.307892, 0.1478043, -0.2844879, -0.8366309, -0.2056039
11.51721,0.8236083,0.1002197,-0.5576171,-3.516197,-8.450508,-2.307892, 0.1478043, -0.2844879, -0.8366309, -0.2056039
11.51968,0.8367919,0.07336424,-0.5624999,-1.196861,-1.980782,-4.047394, 0.1477103, -0.2842898, -0.8368312, -0.2055783
11.52251,0.8367919,0.07336424,-0.5624999,-1.196861,-1.980782,-4.047394, 0.1477103, -0.2842898, -0.8368312, -0.2055783
11.52527,0.8367919,0.07336424,-0.5624999,-1.196861,-1.980782,-4.047394, 0.1477103, -0.2842898, -0.8368312, -0.2055783
11.52774,0.8367919,0.07336424,-0.5624999,-1.196861,-1.980782,-4.047394, 0.1477103, -0.2842898, -0.8368312, -0.2055783
11.53041,0.8367919,0.07336424,-0.5624999,-1.196861,-1.980782,-4.047394, 0.1477103, -0.2842898, -0.8368312, -0.2055783
11.53288,0.8367919,0.07336424,-0.5624999,-1.196861,-1.980782,-4.047394, 0.1477103, -0.2842898, -0.8368312, -0.2055783
11.53525,0.8367919,0.07336424,-0.5624999,-1.196861,-1.980782,-4.047394, 0.1477103, -0.2842898, -0.8368312, -0.2055783
11.53778,0.8367919,0.07336424,-0.5624999,-1.196861,-1.980782,-4.047394, 0.1477103, -0.2842898, -0.8368312, -0.2055783
11.5406,0.8367919,0.07336424,-0.5624999,-1.196861,-1.980782,-4.047394, 0.1477103, -0.2842898, -0.8368312, -0.2055783
11.5431,0.8367919,0.07336424,-0.5624999,-1.196861,-1.980782,-4.047394, 0.1477103, -0.2842898, -0.8368312, -0.2055783
11.54562,0.8367919,0.07336424,-0.5624999,-1.196861,-1.980782,-4.047394, 0.1477103, -0.2842898, -0.8368312, -0.2055783
11.54821,0.8367919,0.07336424,-0.5624999,-1.196861,-1.980782,-4.047394, 0.1477103, -0.2842898, -0.8368312, -0.2055783
11.55101,0.8172606,0.08898924,-0.5405273,2.616882,0.1087189,-8.701324, 0.1477612, -0.2834517, -0.8371004, -0.2053606
11.55396,0.8182372,0.1422119,-0.5126953,-2.34127,-1.477242,-9.754181, 0.1477743, -0.282375, -0.8373729, -0.2056606
11.55693,0.8182372,0.1422119,-0.5126953,-2.34127,-1.477242,-9.754181, 0.1477743, -0.282375, -0.8373729, -0.2056606
11.55951,0.8182372,0.1422119,-0.5126953,-2.34127,-1.477242,-9.754181, 0.1477743, -0.282375, -0.8373729, -0.2056606
11.56203,0.8182372,0.1422119,-0.5126953,-2.34127,-1.477242,-9.754181, 0.1477743, -0.282375, -0.8373729, -0.2056606
11.56447,0.8182372,0.1422119,-0.5126953,-2.34127,-1.477242,-9.754181, 0.1477743, -0.282375, -0.8373729, -0.2056606
11.56729,0.826538,0.1304931,-0.5410156,-8.261681,-2.850533,-5.207062, 0.1476656, -0.2817501, -0.8375705, -0.2063075
11.57005,0.826538,0.1304931,-0.5410156,-8.261681,-2.850533,-5.207062, 0.1476656, -0.2817501, -0.8375705, -0.2063075
11.57261,0.826538,0.1304931,-0.5410156,-8.261681,-2.850533,-5.207062, 0.1476656, -0.2817501, -0.8375705, -0.2063075
11.5752,0.826538,0.1304931,-0.5410156,-8.261681,-2.850533,-5.207062, 0.1476656, -0.2817501, -0.8375705, -0.2063075
11.578,0.826538,0.1304931,-0.5410156,-8.261681,-2.850533,-5.207062, 0.1476656, -0.2817501, -0.8375705, -0.2063075
11.58053,0.8450927,0.1173096,-0.5615234,-11.22189,0.5817413,-1.285553, 0.1475523, -0.2818561, -0.8374724, -0.2071771
11.58376,0.8450927,0.1173096,-0.5615234,-11.22189,0.5817413,-1.285553, 0.1475523, -0.2818561, -0.8374724, -0.2071771
11.58684,0.8450927,0.1173096,-0.5615234,-11.22189,0.5817413,-1.285553, 0.1475523, -0.2818561, -0.8374724, -0.2071771
11.59479,0.8450927,0.1173096,-0.5615234,-11.22189,0.5817413,-1.285553, 0.1475523, -0.2818561, -0.8374724, -0.2071771
11.60529,0.8450927,0.1173096,-0.5615234,-11.22189,0.5817413,-1.285553, 0.1475523, -0.2818561, -0.8374724, -0.2071771
11.60805,0.8450927,0.1173096,-0.5615234,-11.22189,0.5817413,-1.285553, 0.1475523, -0.2818561, -0.8374724, -0.2071771
11.61091,0.8450927,0.1173096,-0.5615234,-11.22189,0.5817413,-1.285553, 0.1475523, -0.2818561, -0.8374724, -0.2071771
11.61372,0.8441161,0.09924315,-0.5888671,-6.476402,4.167557,1.109123, 0.1475832, -0.2819183, -0.8373075, -0.207591
11.61697,0.8441161,0.09924315,-0.5888671,-6.476402,4.167557,1.109123, 0.1475832, -0.2819183, -0.8373075, -0.207591
11.61964,0.8441161,0.09924315,-0.5888671,-6.476402,4.167557,1.109123, 0.1475832, -0.2819183, -0.8373075, -0.207591
11.62233,0.8441161,0.09924315,-0.5888671,-6.476402,4.167557,1.109123, 0.1475832, -0.2819183, -0.8373075, -0.207591
11.62478,0.8441161,0.09924315,-0.5888671,-6.476402,4.167557,1.109123, 0.1475832, -0.2819183, -0.8373075, -0.207591
11.62779,0.8441161,0.09924315,-0.5888671,-6.476402,4.167557,1.109123, 0.1477206, -0.2819893, -0.8370757, -0.2076839
